rel_valve_rate,rel_flange_seal_rate,rel_corrosion_rate,ptw_jobs_per_year,ptw_isolation_failure_prob,p_release_given_ptw_failure,overpressure_demand_rate,psv_pfd,p_large_release,p_medium_release,gd_coverage_small,gd_coverage_medium,gd_coverage_large,gd_lambda_du,gd_beta,fd_lambda_du,fd_beta,logic_solver_pfd,esd_lambda_du,esd_beta,proof_test_interval_h,p_manual_activation_fail,deluge_lambda_du,fw_elec_pump_fts,fw_diesel_pump_fts,fw_pump_maint_unavail,fw_pump_ftr_per_h,fw_mission_time_h,fw_elec_ccf_beta,fw_diesel_ccf_beta,fw_header_fail,p_ign_small,p_ign_medium,p_ign_large,ign_isolation_factor,p_exp_small,p_exp_medium,p_exp_large,liquid_explosion_factor,p_er_delayed,er_delay_escalation_multiplier,esc_major_fire,esc_explosion,esc_catastrophic,comp_weibull_shape,comp_weibull_scale_years,comp_age_years,comp_production_impact,comp_repair_days,gen_lambda_per_h,gen_mttr_h,gen_ccf_beta,power_restart_days,pipeline_rate_per_km_yr,pipeline_repair_days,pipeline_repair_cost_usd,spurious_trip_rate,weather_rate,weather_damage_prob,collision_rate,p_riser_rupture_given_collision,dt_minor_fire_days,dt_major_fire_days,dt_explosion_days,dt_catastrophic_days,dt_escalated_days,dmg_major_fire,dmg_explosion,dmg_catastrophic,bi_value_fraction,production_rate_factor,eal,median_loss,p95,p99,es99,downtime_p95_days
0.047539766088503806,0.1065790554768872,0.11677320791529454,150.0,0.002070681869963428,0.33276605498271017,1.319547739365421,0.017139334068471283,0.03234397095354906,0.25,0.4222039931888416,0.8291080111469319,0.938114751062085,2.0023321874876185e-06,0.060067241236132385,2.945865870588115e-06,0.07730144187620347,0.0001,4.707936450559126e-06,0.0922563277397254,8760.0,0.25663033720732886,5.2265601375703655e-06,0.02665092168012991,0.015453850766828345,0.022681902092601743,7.77741856612515e-05,6.0,0.1852538034491671,0.12700209134606844,0.0018244979729181408,0.015525237288479533,0.032158250253878334,0.16151232802023613,0.516029467556112,0.026178329420256795,0.14582855575537867,0.36372527673948546,0.2,0.2522434639093049,2.0508968823480744,0.050435003696764846,0.11094461807872757,0.30331922458781924,1.6059205118396984,3.1904839291485287,2.0,0.3557303387231595,10.94600826795612,0.00010641121987769481,31.625532448541136,0.0871944734565607,1.740258122608091,0.0002604432970443395,35.1175143471891,7596566.348305479,4.460198351870562,0.46798597925759655,0.03802817993747959,0.00795639649435027,0.06966510686427706,21.21353030604281,118.97214313058478,185.6615741310296,508.01360945622616,66.03285728268996,0.055144431763157746,0.10027558722522117,0.4367332307732002,0.33766515519284324,1.003429553207414,17213385.407970205,11120266.33117,42953563.90325786,105498871.95547931,288015096.01462895,32.64552658316418
0.02602380949810756,0.11495777074669555,0.03695983068374752,150.0,0.0015099556971266083,0.285665404722828,0.4263195822404915,0.005779240532950464,0.11127507909297323,0.25,0.5608519221376219,0.8096343388688325,0.9718233018240731,1.4532322862529051e-06,0.0574740326250065,1.0335004869066797e-06,0.09178944746044494,0.0001,2.431632853287617e-06,0.11142865843411989,8760.0,0.26894119434601205,7.663284351736543e-06,0.028636908383317873,0.012616472548004095,0.02171002664412295,7.09278764108102e-05,6.0,0.10929219381967589,0.15941392658232195,0.0010635872281766596,0.012081263849289583,0.04717099778893571,0.12061860445561368,0.5022697248618899,0.024787990048389677,0.22047055007920596,0.41389710213132636,0.2,0.2554945975327946,2.044326913967713,0.08694961678693036,0.12263936467762615,0.3547411006237877,1.5267576135715841,2.705934330010876,2.0,0.40857277207323395,12.48277813221565,0.00011554499331025487,41.666564801458975,0.033203569220799416,1.3222626097224621,0.0013549422666128362,61.964363225802366,5023701.547774223,4.86623148780437,0.3382679544856732,0.037863310351027926,0.01143536033843678,0.1045010275181471,17.840530998505784,127.74288375705267,163.5863255386909,503.51602730810026,91.40517227706661,0.061631345247818686,0.1674502474793647,0.5104425373630295,0.4282981715832507,1.0370186599338718,25403905.80174787,14382162.054604473,77503855.16564588,207405186.0114552,312365347.4423506,45.45808556627583
0.07070825671529589,0.04335025046550871,0.1296368614999611,150.0,0.0007886035045639927,0.28129888290806393,1.2616179686132074,0.03809147240880097,0.007386035371255033,0.25,0.5561293643953391,0.8011503104509142,0.945799949193433,1.2718996452285987e-06,0.05426781189782745,4.617807029514529e-07,0.049710871691741924,0.0001,2.1993109332618674e-06,0.11434799588377766,8760.0,0.41489483085612566,3.2263370890057006e-06,0.023356912579936637,0.008023655482860522,0.021585776971100937,2.0327425035724187e-05,6.0,0.09260826116637982,0.08884919519185144,0.0022349895628969657,0.016541958675276275,0.06188475223416863,0.11052344352095109,0.5437641971927998,0.028678590698970788,0.19469754254067473,0.39753330861860303,0.2,0.27701030539538934,2.185638891240139,0.04804356079485529,0.12394288622398825,0.4681843931747488,1.585871928758544,2.984183365157114,2.0,0.40184381984783546,5.694042086603149,0.0001864403845460551,39.03739575996763,0.054539423290244624,3.2761793914010275,0.0003750673055540037,52.15373605642966,9603090.617482573,4.408666001482003,0.598419106012635,0.07756621595756019,0.004748616653348633,0.13773641463113712,13.281309374096862,118.77733788480302,170.96820735423165,478.273378288116,49.26341838722857,0.05672108888598286,0.09173824075654566,0.44282128607066673,0.6245651175936728,0.9251169096581872,24129472.05508315,16013593.51263596,59573536.757765844,153945122.94536948,320386745.1409436,29.036520808430215
0.13851710545418966,0.0764132949986246,0.02106407925040169,150.0,0.0040127017171207,0.4314568637520425,0.3744676929119918,0.005553316537559738,0.03841130534491607,0.25,0.5110643464140756,0.8175427847148642,0.9520763821701717,8.116774364952148e-07,0.06755422221661865,1.4376599758936005e-06,0.05102507892061761,0.0001,1.5613661925586917e-06,0.08026146208057354,8760.0,0.30072410623354306,1.5378375660655782e-06,0.03689576511627048,0.018508112712289693,0.016167229765668114,3.600265348476904e-05,6.0,0.1590444437238152,0.14320510683020626,0.003951456464249081,0.014716813391668467,0.04600517369621118,0.1322382812987536,0.5044219710794764,0.03850009712456038,0.17548099187354266,0.20139481043219715,0.2,0.2096643527149969,1.8557685939710695,0.06742538275560118,0.14387439158997412,0.3477694892153767,1.6255447522708597,3.34404782562004,2.0,0.38434852378644124,9.093305785199872,0.0002664324737445092,59.02207922243222,0.057703299277851214,1.721176849464578,0.00015822524556512174,47.28188950731867,5321360.402053109,5.031107894527727,0.5595553479643861,0.06826738955404983,0.01364129084625435,0.10250509991654344,13.782596228045264,59.00689823215028,132.36609599906865,481.872128442246,66.83971447915076,0.11136035981560616,0.20797159754606415,0.5283233690834057,0.4783414607403147,0.9701547384506672,25847559.169975676,17064876.20715362,62057443.63304789,122706530.09719189,462638389.32908326,36.95064133008714
0.14142804866990125,0.2261014197435811,0.03297415739354378,150.0,0.0007430716917044612,0.3280001020203065,0.7637577970140237,0.007432551167709403,0.0969662386465906,0.25,0.5772187534209434,0.8056944359253733,0.9237054156242775,1.6314709545608591e-06,0.0864779737711122,1.820245231683234e-06,0.05929153232185831,0.0001,2.9051964380193964e-06,0.11189768916815332,8760.0,0.23323435812999488,1.1514003767724491e-06,0.029917387654562356,0.01320189767352751,0.042669888390073935,0.00014125392589763478,6.0,0.09312569230950171,0.1019051116495006,0.00906255999601454,0.009273157007660352,0.04964915215585461,0.11460286385267177,0.4989981537997453,0.023580334135813424,0.22639797466652573,0.2229460421375803,0.2,0.2107275935663261,1.8030836148518186,0.02601249529001965,0.219065782611102,0.3096592133469654,1.6568863254382866,3.5873748508817473,2.0,0.3826772442901004,8.01067903194865,0.0001695478060288962,38.76144504243871,0.06833023494345833,1.771405310942382,0.00047648113416905483,79.13421386460048,9070990.37108523,4.585611495541124,0.6612426050804872,0.05186897410350001,0.01145404385195821,0.10300884340826855,27.259864727233584,95.11023980801104,167.87854193219087,556.3103136136239,84.00047745470985,0.037542149293985666,0.1403318043056654,0.4074414512911786,0.44242893180747744,0.9224458938805464,19319220.450029466,12452143.535897885,47477088.04906188,127735918.18585147,337325078.5742883,29.939557386342436
0.06388813318843056,0.09128132853441732,0.14090860217344026,150.0,0.00037582611659837435,0.2575466930258927,0.900602113014875,0.005317598693014934,0.024554046080363944,0.25,0.4989286273203615,0.863466252427865,0.9447877435435987,1.5889972193633836e-06,0.05075944452296593,3.446065639207772e-06,0.04944515190132645,0.0001,3.794688178306447e-06,0.09013527819918966,8760.0,0.211323163768147,1.6327768531628684e-06,0.017912948455009264,0.01271860552372407,0.023967509231260953,8.84796588286693e-05,6.0,0.10075015536092055,0.12006224167612418,0.0010232266571694815,0.008524558254579376,0.048671687101168384,0.21720672612944056,0.5754030889593493,0.022973737940524864,0.13755364038854126,0.3609343452252325,0.2,0.22299399796040903,2.2896009477152894,0.053665062273391045,0.1397551508182212,0.3912760652624807,1.9867860412994052,3.068974715303835,2.0,0.30066491202392626,10.062036060791554,0.0001255390439522496,34.129654910039875,0.08004860907614507,3.421619547134337,0.0002471182492999937,46.368865675916126,10658083.1700592,4.437461013533453,0.35741338735579803,0.07487836933965171,0.01800277307337356,0.1624533054146745,17.480643915114943,66.49164501388867,203.90191758711512,349.82329852761256,99.00961612848089,0.06254960365496728,0.14453223764797624,0.4766320743721752,0.3445273652086266,1.0024051975149435,14301157.14300596,10700415.082090646,33814895.78031868,69663449.65532304,154788508.83834872,25.545238050664775
0.09851661365996757,0.05685211933768151,0.053019261157764244,150.0,0.002049473942320008,0.3131446248965977,0.5966275365679828,0.019830800386039935,0.028459613246702556,0.25,0.7253484964361365,0.7760750801818869,0.9081924606987731,2.3512381130780517e-06,0.0733011598145854,2.06339109335123e-06,0.05663570878726863,0.0001,1.8044167056677016e-06,0.08300830265578213,8760.0,0.21903597676517522,1.7692526180546089e-06,0.01526653355529445,0.016111295370946462,0.020006882834420918,2.4713957177797864e-05,6.0,0.09549630659887622,0.18894391978261388,0.007746591681965199,0.010286904208499167,0.039978154595983445,0.16596851700022514,0.4422590613446311,0.021747680835787882,0.15135535878886763,0.1836704245234267,0.2,0.13491191599914565,2.375784290807121,0.03144853056442604,0.18477465181492142,0.33974066763405386,1.5097018705826046,3.361955297199541,2.0,0.42331225843417963,10.570135232940023,0.00011263034876396038,55.970071407119384,0.04875712592068765,1.984478012256873,0.0013697991435964625,50.701696880326054,11749296.358428543,4.429669876903682,0.295947404307334,0.041460163446703224,0.01580720999858418,0.1312671960466809,16.418205397992168,113.20412630609157,115.9596401390085,379.7207440815031,72.87406593688154,0.057063780868708384,0.20473888716336125,0.43023505643914395,0.6672285077151825,0.9888521280177252,32224075.97000213,16972733.43801722,91245861.05481385,249711380.10869673,594424716.0157969,39.73295966823135
0.08566034196156096,0.08298234552857409,0.05583459500237371,150.0,0.0019570900225198964,0.22228865550798488,0.5597600215777467,0.006813819454486323,0.03246817540652625,0.25,0.56246136619469,0.7855319754354136,0.9202595349483622,1.5930069131499437e-06,0.061229181175418076,4.385298031485556e-06,0.06401257505470995,0.0001,1.0995291305999122e-06,0.08663056404685,8760.0,0.23138345717656725,7.41129817195314e-06,0.024190130967398433,0.010053044170621772,0.019929552780225644,8.541958661069085e-05,6.0,0.09099320244753364,0.12655181938441307,0.00022991775427113047,0.009703672604995248,0.04528371464487554,0.16396121939385938,0.5082609375253593,0.022759368218819912,0.15007862788284182,0.2206031337662016,0.2,0.20007878694072767,1.6370825199240546,0.07399844744458961,0.133718122619907,0.29675497120483685,1.3476996639800856,3.5480352231591668,2.0,0.26547548979833424,10.363242427670777,0.00017931159859354645,46.41867482798554,0.05860689771436489,2.0332499157921533,0.00019141041004780781,77.59590699088852,12662199.261110712,4.272408437619668,0.13734856750660587,0.03478626916016741,0.007005086049214478,0.10051860116685768,18.034984644380042,102.31822251956231,214.83341455118196,523.4149159670312,84.97815655876502,0.06049524586817142,0.09131176911428665,0.4662870575387868,0.6071950807463016,0.967813625038646,18437916.71602797,11377684.30492318,41897088.92092315,114578452.64564432,381651849.4543333,20.969047043520806
0.041945965456388054,0.28370284693129616,0.07666473835567826,150.0,0.0015927512418519077,0.29318721747275356,0.3648745899429454,0.015722546030965227,0.030820978049561385,0.25,0.5035620377487269,0.8639437998961412,0.9735852255853281,3.933029241662968e-06,0.06146331909074085,6.084850504080938e-06,0.08667236432814236,0.0001,4.861574002608011e-06,0.11455194979126582,8760.0,0.4089411303504601,4.033765654787599e-06,0.02902127910948439,0.015036695442013992,0.016254138231921726,1.366613917228329e-05,6.0,0.09460355859610525,0.09343082125193294,0.0013313526900101702,0.00861088853470969,0.07118612466179582,0.1997994843878415,0.4315079637715826,0.018308240632181578,0.1801494768514737,0.36976921321364165,0.2,0.1791910754759769,2.353870292400998,0.06041591559927126,0.14614484991073057,0.3456970467776334,1.4200874247744837,3.7094146346077617,2.0,0.392915292905202,6.797937804195734,0.00011738022818595973,42.11451819610174,0.09082179591077982,3.0783711504549878,0.00021644031336477188,30.203125717455293,8984781.80426773,5.058320091392302,0.2781900594695206,0.076691467669096,0.005495029946831343,0.12584925304298672,12.405113966303333,99.57451129729986,104.42847923294956,343.9247541879173,79.61929821782533,0.038444997152267804,0.1505953912564451,0.47468592873329957,0.5844555874925104,1.0326707881995507,24568403.219667993,14964084.905603483,60067506.870336376,168028690.14654648,489602155.591235,29.34517990396213
0.11526966520599644,0.18585475930279785,0.04191334390121423,150.0,0.0020110768744391163,0.25573428054580305,0.42441513901921063,0.011240246227144595,0.023330616110079635,0.25,0.6842083718352518,0.8311052526103532,0.9072805014816094,1.9233273559521236e-06,0.0425198178394661,1.930113925883255e-06,0.05518473736542526,0.0001,1.0074983318156466e-06,0.10902984485587908,8760.0,0.24575503955750402,3.7266443024532905e-06,0.02421182119095104,0.01656141642238169,0.02073483670308346,5.741133965281677e-05,6.0,0.09769208901704399,0.11232475511863757,0.001840029195188484,0.019003767456872517,0.064186522364628,0.0788228322861535,0.4689834208984338,0.03150027799821441,0.15230616078332132,0.291736793809224,0.2,0.20808724628993297,2.1097166734940282,0.06169016646104454,0.20378237081331724,0.33164882120144296,1.8271738162489193,4.26905770558961,2.0,0.42570395948710704,8.068432921824591,0.0001566265906713013,21.752111771556617,0.03689885247075536,2.2874366617903186,0.00039340007960887464,41.1768517584506,13425372.552321766,4.016387345880274,0.6411453981939524,0.07254464929811422,0.0058144335490773235,0.09260470915906674,13.887275788163118,128.88105200468107,100.17066154379876,495.3558624526563,79.98699351948902,0.09350749011995202,0.16621852398065395,0.4893054799870007,0.6572581712624226,0.9734479196396966,24899457.815098178,16621570.328574419,62719923.472215675,185363544.43619892,325815469.13801754,28.132119694151683
0.07428169132710663,0.11838456873452885,0.02981898138175136,150.0,0.0006424782091421405,0.31164466118790635,0.7197448575533515,0.003027769464860385,0.03944310617164467,0.25,0.6553850701357559,0.8022445569417576,0.9699268239491736,3.2631961144981863e-06,0.059644212349746845,2.4670025195174293e-06,0.0676701606017602,0.0001,2.708351617149016e-06,0.12120503261033073,8760.0,0.24729262584161213,3.0599563493835288e-06,0.02896221827433394,0.010081623025030937,0.034712041681817796,4.912676803321282e-05,6.0,0.10228457682202712,0.12886263440000295,0.0031276110880378654,0.015775622317063327,0.060131095190421646,0.17538870439703336,0.5731071180670232,0.02628949835766716,0.18496836132640826,0.22622433583631157,0.2,0.18143387646722187,2.068955607820027,0.04540444638341665,0.12120269318616422,0.4152359670852037,1.4406675400746027,4.245479506979715,2.0,0.3300882702190498,9.706014266498688,0.00021408016949689635,37.19178472329777,0.03616817311128914,2.584651489016533,0.0008549587966974625,52.253274799872386,7827076.001106644,4.211349468404453,0.8190430565513843,0.04778360929434089,0.003358064718195389,0.10988790000740448,13.842034137158748,80.68166383550485,233.8945371923278,483.54553208360255,56.51692028356679,0.06833475667477143,0.13416455728681465,0.44675093429561497,0.5134353892874345,0.9883913524381761,22291689.49826476,13059668.16026241,58328086.45585626,180859530.81100684,347053889.53359324,32.65367042049169
0.11031404853450276,0.12656453955694444,0.1065141718347832,150.0,0.0078198805872344,0.22637483706699302,1.2502390227915714,0.006215637708212116,0.028171627944299435,0.25,0.6147042066327066,0.9137601193032816,0.94248004801772,3.840248250434266e-06,0.08917229523630434,4.0800125057163864e-06,0.08876813449516487,0.0001,1.4416306121911524e-06,0.12282567802272389,8760.0,0.39692462308645826,8.615902522920654e-06,0.028512979944723085,0.014532467082702972,0.020098949885457285,2.3545987872477152e-05,6.0,0.08723036441291558,0.11210367639158836,0.0016000093669763797,0.01015147379867696,0.037434612322253674,0.14763303750607135,0.4649853126172432,0.03664388264890714,0.13466766376632414,0.24032473461331388,0.2,0.16312721335404756,2.007160592351319,0.06868426968829089,0.13395830282000465,0.314337044909787,1.590768705347652,3.799006072428559,2.0,0.36504453620433186,6.682470726307894,0.0002187937680550237,27.482465641400672,0.055289733646045586,3.601846884126523,0.0004423767388002335,70.0650268934449,6386316.795183949,3.7139099814734435,0.4713407304763423,0.08555947330229897,0.014197029712641597,0.11022509084103391,17.649625776261395,131.80044485453513,161.55370022349894,473.55565443268836,53.31324203020316,0.04650917102317001,0.1930653019783092,0.441007868244282,0.7404493219727978,0.9895983189226767,32542104.86856323,20760698.460370496,82991064.82130769,190344798.7670541,538167252.3920639,29.96800265265608
0.08709926096212989,0.12998364834262718,0.03981014125645585,150.0,0.0012421455248787178,0.29783217636829384,0.45347810698769636,0.0108101000093238,0.01884555378420618,0.25,0.6427524845858339,0.8450744614241631,0.9176478178792713,1.8292738003862352e-06,0.0656273739610616,8.07781226626993e-07,0.08232774432921662,0.0001,1.981623238943079e-06,0.12200592600365955,8760.0,0.428409953723738,9.325285562457969e-07,0.0292234942928459,0.006645993776508871,0.03272214207379441,2.4123923065115005e-05,6.0,0.07654224278533052,0.14369436814543424,0.003043910283689561,0.010513324251694121,0.04582488897787803,0.1405141152218079,0.47972316099954065,0.030400854021079567,0.08733481910321028,0.3435374323151969,0.2,0.23033172341134228,1.9344620784930144,0.051622365372125334,0.20190751701672854,0.3932307275952748,2.128524298260909,2.957831482017423,2.0,0.4618365467288419,11.766412847680346,0.0001452439657370705,61.132007244561265,0.03434656222711323,1.1870218119299465,0.0006996628504503305,30.70927737315228,13000659.716691017,4.944404315956596,0.39606318630509285,0.08836555773525025,0.017881382954518753,0.08421047977420756,14.090140651422743,95.78458232474637,226.88762978432186,438.995016818448,69.22258080457317,0.060691401474802995,0.07908648297490956,0.36457739128895345,0.5693466288718945,0.9431251594896312,29386575.56451207,20190805.192701664,83971009.532857,153050669.82394975,228546966.498005,40.43204619991142
0.11268781767439681,0.05950970196118728,0.1821373352403713,150.0,0.0001313489148655773,0.2299349541807376,0.18275687090953668,0.014784465530885362,0.06692421854649908,0.25,0.6270451188475228,0.8437475841148219,0.9600762358821029,5.430681225759021e-06,0.05710575859985856,3.7542102651325016e-06,0.0885578665336499,0.0001,1.4987693842170736e-06,0.1393850718224846,8760.0,0.21636238381810172,4.354048025996263e-06,0.02796058286891188,0.016927520376806435,0.03350359227340221,3.5052181471552184e-05,6.0,0.10347652243520987,0.1162797125966554,0.0006990895059646188,0.01220319975225101,0.052277267276167994,0.17794632650275116,0.536530427118214,0.031347404963604684,0.1265392727070025,0.2723182639726621,0.2,0.2651357257932668,2.2408768170302764,0.05996748610380573,0.13298804693744487,0.32175507288904454,1.7623961759444287,3.3923894389017315,2.0,0.34004369895744313,10.643370405804596,4.6722227309092614e-05,56.97202711386886,0.05141729250544118,2.2729146608980497,0.0011749870834484755,55.39773167305894,6394944.799455913,4.8841285941509875,0.2973289364714193,0.07993972330537479,0.005633742008383453,0.07266782759895443,15.733241156307201,90.09358336072455,188.62238768648166,489.70716814265563,51.74395239244642,0.04162442422149483,0.15000640240155744,0.554182203580789,0.5081930377837716,0.9413486246850535,21025459.71095263,13783559.509626042,55918579.16357903,172722881.86030468,237060443.71174216,32.32620550445526
0.22962139794861738,0.1434192184635231,0.2021752943189315,150.0,0.000885534368551416,0.3215165595743624,2.4135056798495325,0.005036402505183242,0.027754019846503764,0.25,0.6918491374293136,0.7743253865986763,0.9593753649221638,1.0531999311410903e-06,0.047585621441753156,3.3957774583148743e-06,0.0477723673278166,0.0001,4.134024631656604e-06,0.11850597938536431,8760.0,0.28179226435870586,2.394149284176503e-06,0.02927216933832417,0.015070329254612927,0.03498878221168693,4.1733800372027445e-05,6.0,0.12272135309322067,0.07239964038796536,0.0028612621858272944,0.013039214595902494,0.040390747501724514,0.11499223942607681,0.4608388713493741,0.025450969633966,0.16916250675019212,0.350092041376268,0.2,0.20492780499072005,1.56776224835199,0.03688760041120579,0.20623698652595762,0.3163583984797239,1.9232677464326322,2.9693792003462254,2.0,0.42389429031587245,7.998410774079975,0.0001222258807478473,63.7430294761976,0.03291795244126966,2.1929878679792223,0.0007756996158242935,41.50187699268227,9483803.82849604,5.79494630730381,0.2901660172895054,0.07837217416623013,0.014620300817815509,0.07976913974181783,15.072584646404419,124.06591233596177,166.31902390511488,405.6585987061654,41.036246063491504,0.06192438534643113,0.12950985746844787,0.4938912904395353,0.47814554922022817,1.0428055936235343,26939090.81142164,17650326.830950487,65703784.408687286,225209440.19115275,388686050.6964723,34.47890792566049
0.10771071552474502,0.05581314814831865,0.06422549953778535,150.0,0.002915676269549674,0.1163895584333447,0.3460888864546655,0.00239767482615838,0.033265524334205994,0.25,0.5505765869088557,0.7884543036654797,0.9446236576263608,6.630979506974418e-06,0.032353598200981715,1.8615990794822066e-06,0.07742105413929869,0.0001,3.0229652440423968e-06,0.07745123160094274,8760.0,0.28464158332339556,1.7898069474951214e-06,0.028822778094178988,0.01041747980547729,0.02806339112199597,0.00016475027372651963,6.0,0.06517530346565546,0.07455212196690948,0.0016575421976534185,0.005396617672893408,0.029150628781421266,0.19405919311237022,0.5460342105203724,0.027503156736372332,0.13537038496931167,0.16694268000752782,0.2,0.2478123595987941,2.5175902931826206,0.03628143054953273,0.16354127808554247,0.49349765468523216,1.3205006562803772,3.0229520898340687,2.0,0.4012803415479416,13.626234121700149,0.0002074619860014049,24.481786651288594,0.06272846121899836,1.846706606463945,0.0005478964945366544,54.967565854349424,5702411.442281344,4.5372034732989945,0.6219755795710907,0.04296073555212081,0.039324837591718356,0.13800003409691403,13.722113711650522,165.09727460193642,158.6143486405338,343.2011731398218,51.49537012416217,0.09217618197828176,0.16515790220545962,0.4460720579312269,0.4900194156728754,0.9714718682616222,24215793.866308887,16911940.719958764,62577871.425015144,161711474.96600792,290013136.4639293,35.689924328401965
0.10730839582768337,0.05990038831674435,0.030621289228065895,150.0,0.006410086995442713,0.2158089963688987,0.6429946103253719,0.011379212913385351,0.031099599300062966,0.25,0.5539427397394118,0.8057428261549102,0.9869897205716948,6.901687091772736e-07,0.0587629904778704,6.932249089803914e-07,0.03586046737196044,0.0001,2.332432340310804e-06,0.11860495954562619,8760.0,0.2416768876565849,2.94231879953438e-06,0.02987325668801527,0.01661262314729782,0.025305303092941194,4.141296834178734e-05,6.0,0.10460256004427752,0.1425044236120495,0.001864564074243298,0.009414642984797642,0.06779982906661176,0.10225813711688408,0.43810367670049916,0.026224856993539304,0.14223695931605584,0.17191976814529136,0.2,0.23771190145097765,2.390400658653411,0.056650868466258816,0.08113911521089061,0.4781772441582712,1.5208594242371092,4.492284014344274,2.0,0.48249708179196893,6.951619807677094,0.00015037590187497234,32.59630556075949,0.0805076260706144,1.6498714627427997,0.00110265144302454,48.53323520204383,13572605.671174103,4.915322046600722,0.16788358633734687,0.047032494500107054,0.017491854774402685,0.10396016056996066,14.680717046084085,148.73133018929258,132.08719019843755,386.38523625054677,103.0275734372337,0.06821707911649882,0.12322377331880555,0.5491303744209203,0.5545965349151973,0.9421498276858637,22501387.352039766,12308667.108509917,61072739.1420883,253104867.3760931,401681948.52480793,32.52645171206655
0.07735009137912582,0.05441461523826692,0.010672362489066329,150.0,0.006241203003347469,0.24409811294796682,0.7370648743766364,0.008950155095218647,0.02313735922599982,0.25,0.6284727200341319,0.8367009267150326,0.9707905971494343,6.594588120246854e-07,0.04571220865820758,1.2380434263810035e-06,0.052173824688919596,0.0001,2.1301381369215503e-06,0.14521724808456954,8760.0,0.4824573676525471,2.2799923723442224e-06,0.0295222123093179,0.010620083949035793,0.02427739732046221,1.5860117191377137e-05,6.0,0.13839130442404657,0.14208160741897086,0.0008990909905158918,0.015861696415601263,0.05209334945555125,0.1172141225026366,0.32750790388890444,0.03210274893542874,0.15111361266334802,0.2881044662088925,0.2,0.18924047485123557,2.475404609830063,0.0845952011564088,0.11195628532225473,0.34814736315173045,1.6418278336607355,4.19785259332162,2.0,0.3316612007865095,11.548328505974876,0.00020210093503492815,43.07536454854653,0.05020935891351537,1.880354192443618,0.00011458102004488844,44.90478544632616,13055504.707034782,4.774900569527976,0.4582941804786475,0.058372106987486,0.005701931852662861,0.17304396036058367,19.601053590423795,118.30753184702431,133.72433964243305,369.2524456932076,104.99668902958578,0.06967613601378755,0.1434612397329598,0.5052585194742781,0.4839534110633319,0.9276316058571118,16656304.174092852,10902417.905650986,40997464.01750355,96260259.96754822,266840173.91680652,25.80273174890198
0.08101471241693933,0.21161111348319583,0.186567304366845,150.0,0.004359419683350106,0.2592313946482312,0.4215545808085239,0.009010105667248091,0.07258860666891333,0.25,0.5984205750015144,0.8236553875893943,0.9586886242857441,2.6728319588420115e-06,0.0337654937419208,6.028778456544996e-07,0.03340508873937419,0.0001,2.7319472023923867e-06,0.05224131837399678,8760.0,0.267602375359224,3.4830524895831217e-06,0.026035479326715707,0.008444558590460054,0.03652215447416308,4.0328858751732225e-05,6.0,0.1185683930481879,0.11187177486929095,0.010070646371284582,0.01047517881052331,0.047746021223651756,0.11957001828447957,0.42990702752334825,0.01699290645584006,0.21337489111422608,0.2920281372387855,0.2,0.23840182099716756,2.5239016576513222,0.059315001390984196,0.19406955306539836,0.36478815904178064,1.757540126065098,3.545651482024038,2.0,0.435991559853666,7.779387530122181,0.00021711221571353207,31.03584943417531,0.05951960950642972,1.8391805202055171,0.002233870917728068,70.56608436740711,8574485.015669433,5.001215567235406,0.3354987834590373,0.056891541448632635,0.007781095272612106,0.08604844371623588,25.786261690695817,81.017288520043,194.15436511106748,383.38838677002724,66.95538828587485,0.06385778863351142,0.22360268517273704,0.4214776124590298,0.5385940808632147,0.9437458928720897,38152871.321393885,18168417.002514042,120984370.38496755,390063863.3814449,739847409.9952694,66.15986502583934
0.05373378657253446,0.08956911277897363,0.09927813832354572,150.0,0.0002567862961347287,0.25087430124323074,1.7691511203179964,0.011428809733484556,0.06552746222267314,0.25,0.6796159398665664,0.8695869887340985,0.9257014520391431,1.506437828918644e-06,0.02702820211163791,3.2230579208167608e-06,0.053347601024578084,0.0001,2.8630666816240497e-06,0.10479411647510875,8760.0,0.30315870990180543,6.13124129884197e-07,0.025989975002888698,0.007805500029379277,0.03683702537896978,3.284130407023734e-05,6.0,0.06926452849408793,0.16177005028653052,0.0013373090267915742,0.009826682802794143,0.06216766941994359,0.10838952874471355,0.4614082419475639,0.02756687944586128,0.20287745640178362,0.3645911594713392,0.2,0.1463575470671849,2.844304104162722,0.04928909355889326,0.12777706970295716,0.24366089807886798,2.0993264844844055,4.585790772079303,2.0,0.4338065254761496,9.876286295217305,0.00016577074515810146,17.64602936330199,0.05151207853804213,1.658192281516566,0.0004961345054080396,36.62434367974883,7751291.920562874,4.9857410947338705,0.3362773499445017,0.0491380940996429,0.0073150082610651404,0.12234174058748441,12.843771746794559,95.58513616413157,173.6600307737227,544.2647046112008,78.36807968002739,0.062450869396419084,0.16119132472521533,0.3415443101975611,0.6162567637067566,1.0170878038970765,20461065.55566587,12523832.288293533,52755591.87996481,130837990.87261687,345432243.9171108,22.483121397216006
0.2640025513961463,0.2069034235490415,0.04088857118228881,150.0,0.0008299735002768991,0.3870228513252323,0.6800206279524342,0.01110122783734429,0.035826405223203135,0.25,0.619674375095467,0.8273065888524822,0.9442065309779888,1.3508802544864462e-06,0.026800249092907364,1.7044824896812867e-06,0.04239145975502302,0.0001,1.1999455223496085e-06,0.11155206747087712,8760.0,0.4603022677414462,3.155983330744842e-06,0.023452365934826167,0.010504529159841087,0.04049607902940037,6.366914460745469e-05,6.0,0.14647126771841046,0.13849512994323188,0.002196476156118671,0.013455079615889043,0.0353671377735881,0.13140864342001196,0.6317818058478457,0.023478041711720923,0.12283477100156706,0.2380104576034624,0.2,0.3262908799653057,1.9959170927221894,0.05502020230673946,0.18891255929323825,0.31826779270375416,1.327621098230311,3.84520982503149,2.0,0.39214452201115657,8.289647606876626,8.591503082430393e-05,46.66962881138767,0.07985737816464297,1.5080324458873104,0.0004826850755020346,38.990905889784486,8394463.015784819,6.108600043395431,1.153016370949126,0.0843582247093054,0.012991686337653548,0.07930022635277481,15.15390369420295,80.37594526623467,176.77920679245057,332.63866814875325,72.35976205444624,0.048756381024137166,0.12291262109214154,0.5232847769737554,0.7016335175405497,1.0099399806935574,38589225.766707376,27496923.279190972,92995859.18845221,215866029.3042229,408463929.89779603,38.52661279172991
0.05075968996706862,0.11570038376437289,0.16085382256057212,150.0,0.0007340080422320816,0.20975977822668007,0.3734473337488858,0.004706471946514192,0.0646251798095964,0.25,0.5458949371278492,0.8276770887404171,0.9526646764937426,3.1595125941189015e-06,0.04992841519829973,1.4136492059044482e-06,0.07921665106786124,0.0001,1.2809184417336362e-06,0.13382366973993925,8760.0,0.26114236982885486,6.263548612884936e-06,0.023011613319687107,0.0064264876457232195,0.026058261274556717,2.2113836641939992e-05,6.0,0.16590701303550515,0.13009227939057533,0.0007564595078409662,0.012829308048361788,0.022641243561655894,0.14101148366538088,0.5302440000317501,0.026927717130349346,0.17267315822229268,0.23658500049701373,0.2,0.16226286334570708,1.7875982221373476,0.06278675295901082,0.18819225428695985,0.45366039233235833,1.7203887266789608,3.764763938165771,2.0,0.396667254116983,9.372004468447377,8.702779469490491e-05,27.798130357832136,0.07094975464899612,1.7749231610905456,0.00032837380774804995,54.105129030972726,7693242.226743345,4.148093441521899,0.3694718582342392,0.038552142507980586,0.005764085033475955,0.07456419170263853,16.24216871687876,80.79424066242836,166.52838945436253,375.533367061309,97.64574752123004,0.07516616442653457,0.10622518185023919,0.418430113480452,0.51052387204706,0.9817351630824502,18397417.598698486,11736875.98797523,43366275.00036036,122541766.28803213,243790801.5351495,25.87826176000613
0.09169046963197064,0.227905043700387,0.13431645464462924,150.0,0.001736776433122826,0.17491539680805784,0.8370728671458088,0.002896366838975452,0.04797531889489664,0.25,0.5681419547335405,0.8753368892808917,0.9672692035222974,5.840736687714891e-07,0.08459940904522381,3.6698250456073685e-06,0.03373267437806904,0.0001,8.123445151254733e-06,0.11031857704079509,8760.0,0.21317773385750477,2.8615768962529692e-06,0.02889379695343502,0.013519109528075113,0.022661943782573066,5.682444427251892e-05,6.0,0.09615201437173174,0.15895410994426368,0.001173604718830899,0.010309073515294219,0.0704124894098914,0.13609601717245906,0.5686666944311525,0.01901085384677593,0.12118561183633517,0.3051766094080758,0.2,0.15253949597345384,2.739638557954832,0.03254169497507463,0.148514939298162,0.36400731139859044,1.881124481547647,4.534289110444632,2.0,0.30028092855767485,8.337607566950947,0.00010631145681637086,30.617883689288853,0.049379823725122236,1.8164683335145022,0.0011162802729421967,52.38636170437386,9158400.29368591,4.433895613740812,0.5071529831179888,0.04855466769510364,0.02344148926372607,0.13250695379764993,17.964191440988067,72.80061297230614,176.03000893258306,425.5013105389094,72.47445502931637,0.06036061715513588,0.12962501973184154,0.46649497259768424,0.6300133714599405,0.9455045221812735,29690914.789700575,16708489.886089046,77228227.96017618,240036721.54625636,540658747.1555057,34.58788853926252
0.13735598334631888,0.13947340746645126,0.02382186424692702,150.0,0.003188136766491674,0.21335049908650006,1.021426639474416,0.02221700389012047,0.05607553851786656,0.25,0.5808231557842471,0.8455565217387794,0.961358721211906,1.227538485651182e-06,0.07513422364120782,9.818703521649295e-07,0.044558277750784366,0.0001,8.994865667116751e-07,0.09123099451354914,8760.0,0.3144657188399429,2.222757279189677e-06,0.025563778784651426,0.01797105141586882,0.016377888127506762,8.0718074388153e-05,6.0,0.08884610151198036,0.08674114913178707,0.00038737981848779493,0.012641024826801734,0.06156598198720464,0.1989353109418818,0.5883826587227299,0.041635944871134624,0.2325768731181876,0.3007717634547997,0.2,0.2584076668982269,2.1392180146522985,0.0548205047682043,0.15604741947589884,0.44407031290642984,1.8873810051820983,4.043484545911248,2.0,0.46031660012061126,7.0243440596176265,0.00013809858200514107,31.88101325219808,0.07061066839933952,2.2679561746839205,0.0003373540484965005,72.76289835686512,6701098.4184066225,4.373485307562843,0.38384788854699653,0.06512886331651142,0.028831379416109193,0.1518750432689593,23.951090749362685,133.442985473556,157.21387107258465,368.8823557446291,94.28222402498695,0.052366991966359897,0.1149357036191386,0.6048919485840085,0.5067885406965345,0.9111188234575576,18916684.085461136,12278632.156449998,50310711.63340637,176940345.30254543,218391235.42482477,30.783064157771314
0.07322879491647416,0.08292588312377386,0.0547076767294764,150.0,0.0005510065073450325,0.28391439492692805,1.4948079086964412,0.03003683027346929,0.07426897415293164,0.25,0.6151231990783713,0.8793175286374396,0.9710984032191976,1.9394830017886337e-06,0.043431567657860895,2.923183407097862e-06,0.0763573008818096,0.0001,2.018369894050417e-06,0.11298340752246919,8760.0,0.3235259797897239,2.072990462447775e-06,0.023535958729209713,0.012567501101408435,0.020291270758796057,2.0162248792528142e-05,6.0,0.07632766978887952,0.1823941012809439,0.002296699672786062,0.018402482135483855,0.05431801571935345,0.08236443055825333,0.5195225009481617,0.021878337966449946,0.18752671558832468,0.22453395449307167,0.2,0.23309721403353648,2.342693822628931,0.07091257130499833,0.20804265264563876,0.3900046372612336,1.43034931344906,3.6130214226362014,2.0,0.4309364022880643,11.186761772447767,0.00011731961820526257,33.124933769606024,0.0624886532017411,3.1563298456884494,0.001200696708892945,49.98148299420674,8790946.058732312,4.494066636692673,0.3460843838429766,0.08708551158613319,0.01777820925189138,0.0913798001313964,13.071011401460684,142.38057781724672,191.96508302920824,319.61739688014353,89.11479023447862,0.08568927300098161,0.12689291213619647,0.29038394407301127,0.5578428303260119,0.9559581427803481,25518054.966065027,13912406.942597436,79786654.56605908,237493401.55061328,376720821.77889043,40.684897665087426
0.040117949247760534,0.043798600293187676,0.035491245223988936,150.0,0.002137494527316777,0.3993754972224641,0.7438898719200577,0.003089199478617788,0.0331112188726957,0.25,0.6563632499565448,0.7984376086315677,0.9429077032298224,2.0506326545701315e-06,0.05391691890249191,3.2978034215498184e-06,0.0698173386302926,0.0001,1.8738755715011383e-06,0.09760827023069664,8760.0,0.200012422776465,2.253379535693409e-06,0.0267171769010278,0.0179209116134585,0.013798380387992776,6.700771590974323e-05,6.0,0.15483958364686878,0.08710212691161594,0.0020110566169538866,0.008059541711434583,0.023098794100511775,0.12889038275050338,0.6531838064592962,0.042136129183148956,0.14037035511921042,0.3001119230493259,0.2,0.13940498295255313,1.7232958797100022,0.06716424972898648,0.07353489843923335,0.291080250438761,1.7910269657644706,3.1824347074481563,2.0,0.4069045281147105,11.254483660110687,0.00012083195372386854,11.661991432834828,0.06542260492561199,2.5337902511694965,0.00045738766594921826,66.64673814770161,12407644.146083437,4.2528268699739336,0.2816113755423275,0.05561645544533585,0.015307560050886238,0.10383943386647589,13.925795349609835,100.91577080015637,163.88698830513255,386.0870813921634,61.418076419390495,0.08821508659533618,0.13825897442111812,0.34826463301685207,0.4579643500038826,0.9935746652252181,18725382.003197458,12173949.446970908,48432323.14653439,129587783.47529191,269764389.70569056,28.612556574978267
0.12191253414768972,0.19465527771225818,0.035007499058020426,150.0,0.0007717013513040278,0.3285589014236513,0.36922787223017955,0.00875001373718837,0.07447956558120154,0.25,0.6485158745214371,0.806615642742338,0.9555278788304332,9.014349252208639e-07,0.03547504864973708,7.415190865033139e-06,0.08394944318903903,0.0001,5.829020887414218e-06,0.08969530683440202,8760.0,0.29252051637697946,5.4922280397025065e-06,0.0275749168247979,0.011707760327503883,0.028552222221090447,1.1091771364603262e-05,6.0,0.09705312944134248,0.08497412351367459,0.001425676402371778,0.010219254093664823,0.06123519115277952,0.09928740363353018,0.4812033287926052,0.01912623625646999,0.14287983301278284,0.3363241397087553,0.2,0.1977145853125007,1.8107385707064942,0.05720538606474038,0.15819524270627194,0.3876944220432589,1.6100163949270319,3.5270325766400377,2.0,0.28178811760531064,7.162963987200872,0.00024708577430856515,26.07805853868964,0.08993697316747633,1.8582185390871027,0.0006986990165196476,36.210657373609536,12819817.308526592,4.161766141960292,0.44948600691059043,0.034661515742978474,0.01953246105167275,0.058206782246364414,21.750221339526554,109.06205795216876,141.56270901562883,349.55775373924524,48.240640462029326,0.08142137252957249,0.06502983778983272,0.6113362540219918,0.545605895756752,0.9178235248764333,19374548.336128134,12821006.858510379,53220598.01813109,131456791.60189402,224100495.23673052,29.616127244231464
0.21827924172689087,0.08095705069795775,0.13869139481108658,150.0,0.00017653107333762456,0.19850984531575627,0.3167570409957554,0.007263762458266225,0.01899759693721969,0.25,0.5754573761778485,0.8349100386634504,0.941321212451075,2.0298315592730934e-06,0.049355135543643416,2.7355432910498567e-06,0.08104930947611351,0.0001,3.5348375946465604e-06,0.11708129586240569,8760.0,0.27109954952156223,1.0614912082824952e-05,0.024748146166243944,0.010798777789401541,0.0277120006136612,4.7371362110093285e-05,6.0,0.12055227449277438,0.12075891061214634,0.008549913534156496,0.01397480764915355,0.06528301833089073,0.1505749061532496,0.37373407308062,0.03304610450070515,0.1597006848935525,0.29618814643191776,0.2,0.3343988433650079,2.4943814415142116,0.04877212784435253,0.17310549745993375,0.40112146902159695,1.567912404057832,3.564138938797675,2.0,0.3935489050803732,7.9698605105765985,0.0001775698657372556,30.028611473075166,0.04965286801691221,1.8546709452487877,0.0006747864043598262,41.983835351091955,13272258.840077488,4.442874257255677,0.32493757488006714,0.08690518076740654,0.017042243670581447,0.09702969641625304,18.81983914999713,141.21786228576937,161.8844412327883,347.1469669379078,55.739177508364364,0.07069360472727396,0.16198408925318036,0.43930420049870034,0.4000795216433674,1.0286790957717435,20591576.585866544,11438069.6659437,53936086.44485253,195252349.21270785,346084830.5037962,34.480444331950984
0.029292800818378546,0.09649891286128093,0.12796916419209461,150.0,0.002439483215721239,0.3065677630714854,0.4293846399875343,0.005479093214595098,0.023734587723867936,0.25,0.46924555092204656,0.8343237718998674,0.9523330852531997,9.746097313745518e-07,0.041040224915921776,2.3403568219580396e-06,0.050976072357643454,0.0001,6.584577427942322e-06,0.08217311942385899,8760.0,0.34236435125916187,7.729498263845911e-07,0.030361858002117145,0.02019564785558046,0.02552246888225114,4.2246138839851916e-05,6.0,0.08627153612061221,0.07422080079604576,0.0019083233600759408,0.007040499723687773,0.027053042649455815,0.0893973442873641,0.582829390738657,0.021098608185794628,0.12975934621087198,0.3190724732349587,0.2,0.21190875122974423,2.7781344855801136,0.06325045978493202,0.15667189806851228,0.3064031376767685,1.6696840265517003,3.682075218752279,2.0,0.41834639076449376,6.737506820974391,0.0001136056314693235,37.97310111618176,0.058159095332875305,2.040728734190936,0.0019226495577082056,50.58842439619225,9432552.211572595,3.9609686690768973,0.6727179217716914,0.08281025428338862,0.005958234098424902,0.10838673030626321,16.927813836451406,119.36752738355574,183.34601891166142,316.8187014587752,70.97501820037525,0.0713534441025836,0.1141564026596095,0.4400412194123228,0.5794138374255187,0.9960105760609439,28568611.717183672,16093002.323915683,85967208.65328938,270057365.4345681,418451958.65477765,43.31957957262439
0.32635014066351836,0.08592521084207856,0.041650581629074125,150.0,0.0006150573291245678,0.12237732168229198,1.1868031981444649,0.0047486580397755555,0.014675393938072167,0.25,0.6816157802299982,0.860148953441666,0.9380083593831665,6.486368030173504e-07,0.03859847128070229,7.100653918848799e-07,0.04928345970635329,0.0001,5.4685070489028765e-06,0.071511382412356,8760.0,0.20630607843345447,1.9908855949395085e-06,0.035020887459895844,0.011861497619028149,0.013890513592100695,2.805067071461852e-05,6.0,0.18908381381994244,0.192936893858965,0.004561764336881964,0.01742368765826784,0.02770213713706126,0.12677043065397675,0.4912583064867523,0.016859369050231787,0.09502000735808473,0.3431019314262248,0.2,0.12377559223901596,1.9858507778838905,0.05808170741439195,0.1903670197046456,0.29914181125147643,1.584082071700027,3.8762195834515993,2.0,0.3239453848239988,10.191780633417508,0.0002276357342195001,45.525626731315555,0.055405999485608606,2.8616928909503496,0.0010512602926735202,66.95270548266606,7765220.233296037,5.072304724488942,0.17950775188215884,0.08459644813918328,0.010263127310070338,0.12221410567285435,22.095090420391223,158.0665734277431,169.75371034292306,286.51459823798456,62.51571025535742,0.04489832720656289,0.08310091812117432,0.5489782649236947,0.6775419853870779,0.9847104105615461,30608932.306963857,16704699.146054424,97777095.62624598,276941508.4673536,455446478.0401127,39.52328552146132
0.27604152286390826,0.07877973051004834,0.02629854709559384,150.0,0.0009222702653523933,0.36010074010473914,0.3222356471041082,0.004516458158122784,0.11362300977735015,0.25,0.500968894273725,0.8445496865551443,0.9247226970405286,1.1391283504756363e-06,0.06474281820640707,2.692857644446866e-06,0.061992728194022906,0.0001,2.1883983313879344e-06,0.12397784565765989,8760.0,0.21044904878384077,1.4113099070160879e-06,0.026109106631365946,0.017701555100034537,0.02617763603901664,9.604302243761263e-05,6.0,0.12238026533718001,0.09952767139970575,0.003989238701306546,0.006462691759863777,0.07111719231300107,0.1500741853073908,0.5418774354342447,0.01998726892289749,0.12490372013672324,0.2987905624496411,0.2,0.22682433581702205,2.6232220580362053,0.059607957603022704,0.09046467435934111,0.35009909528081684,1.5716181525628332,4.0390580759971595,2.0,0.35902787644472267,7.257323756365138,0.00019166611257986224,47.44310210039451,0.04495495212016621,3.2990592772095155,0.00025342112827577107,33.12402436685103,9637536.287920874,4.500030859418037,0.4180554624908761,0.0676039266550894,0.02401040160897308,0.17067114468096034,15.9507719114616,93.12992520809547,251.14285391348315,458.7964332291911,52.25261373861731,0.05891519213335905,0.11854023589165484,0.38759337079866696,0.4946378726404474,1.0514629097177994,23319191.131928597,14066481.09311911,56979948.0012783,196972973.96923125,377052659.4213408,30.081194435339288
0.1295356997023359,0.15283769444015202,0.02503490682351768,150.0,0.000931035186935699,0.28740094218672296,0.28883916415114,0.007617261835387733,0.0839360846385717,0.25,0.6021310061829572,0.8337171199238991,0.9589300339843216,3.751012551858386e-07,0.09276502968345923,6.866701901908882e-06,0.07599462681391683,0.0001,2.8374419239284966e-06,0.10017086987986368,8760.0,0.2876677826390585,2.1247344607512596e-06,0.023615327460813875,0.01806118980944423,0.031561987141999294,9.815258176355328e-05,6.0,0.16655282073691074,0.06876039584550131,0.0013845497290178187,0.014103327077132265,0.03397815218809477,0.09587271743699198,0.6575792830199847,0.0296425717941785,0.10840688380200623,0.3276819392522498,0.2,0.31162053983844545,1.7411383219985146,0.0393488978931706,0.13092926550932898,0.38780102020675106,1.5647378031571173,3.2857866312062285,2.0,0.3876165182666206,7.447002900537936,0.00017983062187510078,38.40848840273714,0.057850565098666595,2.161546434151747,0.00047876296887230333,40.70371186211875,6620730.314102816,4.72367723558391,0.3456719634511925,0.05151587799228993,0.006950650331969585,0.09862724545165034,23.15643891399557,115.09126918889447,224.28554221696157,564.5998461322537,86.07418867773467,0.09675522628036763,0.12042047148864071,0.467822144931929,0.44797242647259505,1.0095761511251689,19499407.27511756,12210773.774106786,52064871.15995737,152216859.87931022,303437452.9709434,30.86138595094435
0.11737832600619882,0.05288952108561865,0.10380814036181979,150.0,0.0009611105429773739,0.2673748340840695,0.35820361764604025,0.007368720122831264,0.06081775416615906,0.25,0.6231928151192795,0.8522074594198905,0.9503001631435912,2.193166104862092e-06,0.050556801601449826,1.6748349528525982e-06,0.0648814922596834,0.0001,2.4919590994315175e-06,0.10065167758188531,8760.0,0.17942622316853002,9.917316659493544e-06,0.026617633235651722,0.011437106308004331,0.020943744785798905,3.390502165068816e-05,6.0,0.11012671442941996,0.15460679182224063,0.004379348810158101,0.009172965196346887,0.025797393212038534,0.17132798766924873,0.3586062981852856,0.030988560833158617,0.1970187528498878,0.3392481558355125,0.2,0.16928924333862597,2.146854539150734,0.05872419573272229,0.17049735455118625,0.43504307621700394,1.7797214430270047,4.7725402685355665,2.0,0.39976070025307353,7.156283094831171,0.0001829522623522015,44.479618684270505,0.0719853323168062,1.8000366778409218,0.0015252196713009304,32.8246723083714,6795848.37469693,5.107083693478512,0.5240414094935176,0.0384257002849689,0.009136026611716322,0.1461916493279638,28.119228864886335,178.49868551368564,124.62133566965277,297.0214095547907,98.2883920931391,0.08866796263064683,0.1684798048461735,0.5265530081430766,0.4982564408953706,1.013465394249271,18050561.31255582,11367784.547281474,52906429.10622563,122427037.4086388,181001425.8432733,29.577311197600295
0.022340524837747868,0.026829405596357898,0.03447365487984302,150.0,0.0020399964487478176,0.3613722080700449,0.7503749562445909,0.003471629094171053,0.07934301789980733,0.25,0.6178211238102758,0.9045777230402757,0.9356438509446886,1.2357519096046793e-06,0.075749740450867,1.946958390762921e-06,0.06703566044288146,0.0001,3.84043379265705e-06,0.08775126298896345,8760.0,0.3535486249954879,4.847980399410612e-07,0.020104065397512545,0.013013277671347813,0.018436314973100252,2.1894564811331027e-05,6.0,0.08290963014817812,0.10141185119808233,0.0016162357520243583,0.017210033050021757,0.048213587429928664,0.08513114322288676,0.46457067499878135,0.02515732828972208,0.19392086113338908,0.2566582784852201,0.2,0.2985914048406082,2.6880347550564245,0.08350095190962603,0.11756045630538914,0.313033769213087,1.8725276159594193,3.6024303981122037,2.0,0.40740956438222076,3.784324997019949,7.867383646162117e-05,60.26315396751974,0.05167685165818732,1.8927263603016355,0.0007222048497010647,55.9563068543721,10204638.923217718,4.393159204827027,0.20238300254957162,0.045502155868060924,0.03076466756065798,0.1619391587919457,14.143964047584149,90.14613943113335,153.4406675422869,496.240364526534,89.82741571916962,0.07056188420406839,0.2025710379570397,0.4712798842681817,0.6129516349982802,0.9170777970882188,15542267.347861493,9030300.170854898,42040555.50829638,145998596.3990791,253205858.53362608,19.108639539196425
0.03180854601502431,0.020879954145383645,0.07278692109692106,150.0,0.0018309823485202629,0.34070024581848735,0.8448566706314987,0.011544303162913485,0.006042152311821922,0.25,0.5998576026927592,0.8070525439565915,0.9230363375450228,1.9011113709077496e-06,0.051797894397666244,2.8336711022816017e-06,0.07038616850122507,0.0001,1.4160319274073034e-06,0.11274605553798164,8760.0,0.42027947383787234,1.4491849444102617e-06,0.025695351590555856,0.012515968415130283,0.013196924410222344,0.00014953180285305682,6.0,0.08180404712389903,0.15308348977113195,0.00015945181303955486,0.01324630538878082,0.056615517579875055,0.1561908519090766,0.41388301610833395,0.017526833839187315,0.1445387923136521,0.3830655057444536,0.2,0.15615985903786528,2.164659328694154,0.06420704688703338,0.23079089024846666,0.3787880630945101,1.4756409848871996,3.979363268157821,2.0,0.3742292239287937,6.3899320919154095,8.132151240094346e-05,9.965949613892201,0.06531001846640913,1.2646437108305595,0.00018916418904665956,38.26883402747593,8719337.083624678,4.591886057581646,0.5763594783894433,0.06843665762718446,0.004599532350345697,0.1081297244657257,20.18410006524721,147.18868369252442,135.32884904029964,358.43831998104315,69.9279182907161,0.06263722415889031,0.20763225956468181,0.35768157106099774,0.4706333887116042,1.0710277427655135,15820272.906115867,11123521.538192224,42659445.98423286,90959057.12008555,189047194.24650538,22.402477095401935
0.05832676022699638,0.10839543361205761,0.03655530956875063,150.0,0.0024601182284289557,0.3128622248165378,1.3029743544402212,0.005939148588949872,0.10410136190946075,0.25,0.5233737849808255,0.8612492463387473,0.957609678201088,1.5291543392269152e-06,0.06354057732496055,3.2845022219402043e-07,0.04823242649187029,0.0001,3.0463863452045907e-06,0.12666239229790854,8760.0,0.24833542955749013,1.3428887605042268e-06,0.019775836259484644,0.012189414866245096,0.01809808034895008,5.191471623938038e-05,6.0,0.085437716923079,0.17280846253431886,0.0028258725154354314,0.011069459337096674,0.030781501561524385,0.11072237607811372,0.4130158808142204,0.025388426922215122,0.1381373542846699,0.3143289125340165,0.2,0.2152476710737123,2.227901800775827,0.05441791648216629,0.155892458272539,0.3339414324869768,1.6114268209861127,3.210196841969556,2.0,0.4923055148125338,7.8172176547606345,0.00013583660526305083,33.67086632814209,0.08116593105954688,1.7164264829193188,0.00021056263027573928,39.176038427642084,6466511.627523921,4.006474300067399,0.30893428220142405,0.06235650040397461,0.021767695162099372,0.09587421543812204,23.681024302374972,87.40431923296697,237.73910125392777,474.9590409953584,98.16899909561332,0.05743209446295962,0.2253268168449185,0.2738093546131192,0.5722878539328198,0.9965073622053313,20938138.105870597,13339597.358408254,58168600.59409352,104994084.4958756,253186481.02174968,29.00801423876452
0.07664422015111659,0.09083718064259066,0.05615177131443157,150.0,0.001550496337329262,0.406456116314876,0.5061894679111205,0.007016899325350599,0.06576222877868423,0.25,0.4808011014976532,0.7693524848778495,0.9856809152401879,8.316949171267386e-07,0.07358818626454872,8.874457817307988e-07,0.0600621150350585,0.0001,2.4257575848344007e-06,0.1116263244180577,8760.0,0.23899218535284025,1.966444208981765e-06,0.025376429863794927,0.012472394356475472,0.013455236093100939,4.868138736152822e-05,6.0,0.15155363172394204,0.06277343874621104,0.0014871531994485826,0.008304595920345091,0.04276173791581028,0.08639948003326929,0.4931019330537766,0.023799882908318505,0.15385560018182032,0.2761654057796047,0.2,0.2988236592869663,1.9064652610681292,0.06710621510508226,0.09611267407693631,0.37163144313069796,1.6190971344834275,3.405606598319257,2.0,0.3810135640919446,9.352213062119361,0.00023037017278577693,19.786045232482586,0.0326656458210851,2.168075637767614,0.00022997120448929744,33.27665067779465,9739849.716480196,3.836862349142001,0.21865314272330766,0.0544716639210831,0.016786844344175815,0.09209704224162538,13.152894856360236,98.5560034396386,129.3696836278161,407.99982786871624,93.75974941762962,0.04959862233630831,0.1857058931577589,0.5135186033179439,0.6358031281316023,0.9550224863207795,20017381.042460594,13476281.454388015,52724355.25164447,127753061.77593951,225562989.64483443,24.033128083207167
0.3099943765191426,0.14131802094463894,0.036044853994637416,150.0,0.0010815787678715185,0.4429635958320862,0.9235177986934195,0.0056774015121068035,0.03638783793951166,0.25,0.5367721011838374,0.8005319002875333,0.966178854061124,6.711893055322584e-07,0.04017962896346941,2.3799275687401682e-06,0.05699676031915808,0.0001,1.1321382661879062e-06,0.12469461435344659,8760.0,0.39028154734152787,3.1886693003486295e-06,0.022865637002948806,0.007648988802625853,0.011544861052900531,4.8348695706953545e-05,6.0,0.09946798104412555,0.10821165369703965,0.00033245903209632165,0.0118676794353582,0.06294197889806968,0.15092125744815557,0.5094334419013872,0.01637282571251181,0.13965477509444657,0.30878572183789266,0.2,0.202751266297222,2.147160484389013,0.03813863707983321,0.12340184583116376,0.4127542561156089,1.6758612139408908,3.3572818872550503,2.0,0.37853568328764725,7.726012241211799,0.0001761679073381323,57.50308399529971,0.05847971352299744,2.394242862442252,0.00017943458680246387,48.646232467262465,5847803.997257315,5.371896363189412,0.3309866755741269,0.0712070604514109,0.01245412136628374,0.12406930661106472,19.390989874721157,110.51549191618017,155.27625091424596,440.07678716100213,58.81188810909445,0.09799810780400851,0.13216750865664584,0.6033769699241371,0.5713008173512171,1.0165659606810717,27947901.349755246,18455081.299966186,66827763.74936389,207853987.5454997,399419960.3176125,29.425068437551
0.012678386224107479,0.25586370287521454,0.03670378719892065,150.0,0.0026769856814406042,0.3021911778319556,0.6180308413090934,0.0065631006695395745,0.11215369612722667,0.25,0.6963107681448446,0.9128547636913733,0.9427964061646835,4.817616267671886e-07,0.07638412513777441,2.6370907758654676e-06,0.08043675386641155,0.0001,1.684773394385815e-06,0.09924869998836655,8760.0,0.2694433209366909,1.6063041455918327e-05,0.024301317403171048,0.012102327874098035,0.026878426448646346,3.78449184692951e-05,6.0,0.07006307056056443,0.0854465487591252,0.0018175991189251024,0.009846034736419332,0.04636100738098971,0.20525001948134822,0.4454777653240357,0.01132795934374015,0.20841755944294638,0.2609836820861342,0.2,0.27944190212490005,2.36900314938142,0.047337197195598646,0.16945937180484139,0.33937192483102663,1.6012725693957497,3.7128897124453286,2.0,0.41231271199710745,5.006900692680867,0.0002162423507259821,42.23258693470123,0.02700694760854716,2.502142500458876,0.00031419586145305496,68.9991175579892,8260656.341606019,5.845104729584487,0.4185335674832822,0.036932971068135215,0.007887420722564547,0.11795422915241757,24.04814889640871,74.42225561685875,169.15660576496595,448.67142802309814,55.7092809142036,0.06707599956721161,0.16047428329183916,0.47402090414975595,0.4310367247698258,0.9575789917941225,17959418.34469565,10587249.818479836,37285063.00944697,154915239.385163,396576849.7303313,25.58913761370893
0.030412480790102975,0.1529181801221183,0.028276998577412504,150.0,0.0003938871655240907,0.23759482499532592,0.48725205573043984,0.007927087111394266,0.028414154505310107,0.25,0.5691872079428508,0.8305561138035474,0.9387575078339923,1.4288777142002725e-06,0.04867778065909974,5.137766412858298e-06,0.03707325493273217,0.0001,2.8323324064384954e-06,0.10736557947772393,8760.0,0.2766226063411893,3.8023743535133513e-06,0.02342530533546088,0.011266878220982993,0.017697387494088418,7.852391350068783e-05,6.0,0.11410616494323465,0.11932327416727957,0.005753785901681636,0.012368268192047,0.040456669388313354,0.1699688398060653,0.5076021312643726,0.013118384610533041,0.22527198582614905,0.3180482676274753,0.2,0.19259948131702812,1.6605153755154132,0.06617062489225756,0.08978985613560155,0.42769344017207306,1.6714094273241067,3.3096329357278753,2.0,0.3499601494505267,6.090259262760826,8.040023001961291e-05,46.28905777672561,0.053672687382678386,2.4042850557057833,0.0001051552432424864,59.90328177955552,8649316.251102358,4.543997735462632,0.3073008000438503,0.08991965999566481,0.004883505734029037,0.12529000569512122,14.591071940584353,95.92013207234191,107.69275720483756,473.9151749662657,80.60921637349412,0.03924402196277541,0.19792684714719902,0.6204512843492223,0.37346749753283065,0.9610459845367669,11324838.327734664,7767384.376661977,27711005.33419664,48211984.92854361,165180933.92443767,19.0715316015925
0.04344892858691786,0.08397242792667957,0.06361061019295347,150.0,4.6667645873255126e-05,0.2008350642050445,0.6522508281253422,0.022871610122573258,0.027243684409379812,0.25,0.4728838196833339,0.8369873839475703,0.9467452679493775,2.7218043065964866e-06,0.05842549164483697,1.4998917194949793e-06,0.053746954353670204,0.0001,6.3307777925844675e-06,0.0915385870726592,8760.0,0.2540189818230755,1.0199552959848054e-05,0.034087186885369304,0.020381142082348352,0.0341321808422156,0.0002474626140949015,6.0,0.11583031942887793,0.12133941963822345,0.0004432159274982714,0.014792078758298126,0.06549955527756567,0.11868870909082674,0.45611270234715023,0.025628185405170777,0.18448255128456575,0.38466706832421993,0.2,0.14582844890593222,2.6601505355670474,0.029872764360968654,0.11256986655613604,0.3700550388291034,1.7272780544353152,3.2732723984488983,2.0,0.39318821845393326,9.593565006626502,0.00010507803025695887,30.339437796968376,0.04928028959499137,2.2807498141521205,0.0004241380080590176,45.377199998062785,11224164.689109175,4.0502593191853276,0.6266215434149717,0.08372147213947875,0.006066782073324466,0.08072377895991066,11.680614269888217,68.641910997244,145.46097686983993,514.6136060274926,74.87747409275508,0.06632849034126391,0.14897715175938325,0.39302462222879714,0.5345231805338846,0.9483115922539536,20753025.310702864,14905367.06219783,50109564.55908536,129705140.02137692,235487579.43121427,27.733293994931174
0.035810336211793435,0.13146123340158375,0.17309657975159795,150.0,0.002221052980769645,0.2691873085457931,0.593113548940417,0.01846407291153749,0.06023943085109985,0.25,0.5915587761742971,0.8626306509510799,0.9553453162282519,1.601996039123244e-06,0.06191227442408066,3.329108609375366e-06,0.06519904267002387,0.0001,8.873953999644145e-06,0.0701150644916523,8760.0,0.41787571047285943,4.787144010971529e-06,0.028166218802639698,0.010354521657190644,0.025748398583076038,6.917442371161476e-05,6.0,0.1412228847551666,0.12282467291391592,0.003367113615299582,0.010438331772765236,0.05024193734298796,0.1696454621668935,0.4776143561094228,0.018047544226382762,0.18530241581477852,0.25608483364022044,0.2,0.25585046680988077,2.0864490465056678,0.05176117804368499,0.19642739321639108,0.3465293649428281,1.5920474067548498,4.29007006845077,2.0,0.43928393711991576,6.711781326684578,0.0001570101215012602,32.312643611648596,0.03899329440317094,2.1854266689933315,0.0001744274580589179,43.67007502315315,7717704.097843314,5.33165227215498,0.9616213823981818,0.04658195513221629,0.021974904061824688,0.11621033291657688,12.086166710614453,139.09619712256762,193.21971580616895,361.69739755243927,87.18418782971075,0.0855279554313956,0.1513996258321657,0.4573305272779332,0.3611050673736199,1.0354473466133287,21316498.300046988,12799129.076645855,51660871.25789588,139603474.29072908,403331383.0515714,35.52869303433128
0.17982638458957229,0.10090460683564136,0.06787596178035162,150.0,0.0010452357259042636,0.2642509942506971,0.9201355526713746,0.007335270386933332,0.06731508509562287,0.25,0.6674873239456312,0.786612066448959,0.9577572253187816,8.274044677633682e-07,0.06292422561865502,1.6189663708781992e-06,0.059507826191805696,0.0001,7.020802545386301e-06,0.13160040517778754,8760.0,0.366272776310282,4.490087074703057e-06,0.024446349478607278,0.013298073495915785,0.039196008651056186,4.694156734938966e-05,6.0,0.0987773889637368,0.0736676762310372,0.0037907194226646174,0.009629461844535172,0.061767719457224146,0.12616272711009546,0.5019474536012871,0.02955308515167774,0.1930329511996035,0.2773704665342518,0.2,0.21503236009129378,1.960370056774114,0.08399770255169428,0.09935945761049753,0.34915746929665914,1.496786225158023,3.7266843406119503,2.0,0.30771058426098014,8.403585407412795,0.000248678626091137,20.061987653113633,0.04652879729353547,3.5002320118490418,0.0006839700781069509,53.096748668767255,7310227.2990244925,6.192486257443948,0.5091035288833207,0.050957950024531504,0.007715220664100752,0.12564773833010817,15.511948288925469,143.45919181765493,182.23704067047964,319.02930154891595,75.65371547681451,0.09274663099069143,0.11583188620644012,0.572610363819639,0.4042653749377461,0.9728332007305747,18501745.902254365,11147723.241696587,46846788.29667331,146789854.7587614,274852771.6037505,30.161885818585603
0.07464911294361046,0.09823579098749613,0.012582227819064942,150.0,0.003580722163247633,0.16670334842768514,0.5891548467519658,0.011736780493579691,0.03379902621687546,0.25,0.5547744677013406,0.8497729867241592,0.9274655930049706,1.0723121240402502e-06,0.0522319196698036,2.187884430315905e-06,0.05840641492938359,0.0001,1.6678469769887004e-06,0.08503721807972867,8760.0,0.1903578176698334,1.339964569792407e-05,0.035548907576822754,0.009822491689139474,0.030148676386526317,0.00012851768194055833,6.0,0.11557371329099032,0.11015859395689247,0.0019002199767199973,0.010559022600652734,0.06401948894865668,0.12167860620181128,0.5148773102104321,0.025745741831381994,0.1768568618631297,0.2184274690939546,0.2,0.23638675998248726,1.7148110595514725,0.08249263822010018,0.15674698501905204,0.28252659971985306,1.4001202439540312,4.12122049023475,2.0,0.4080661356761214,9.434487271217987,0.00019453317906044078,50.165442481990596,0.050646525642106616,2.1714060289570876,0.0005911629982928341,67.78910527347671,4802162.561480951,4.438675715333802,0.6311765178741632,0.028063315121446074,0.008328079906644522,0.09767408672927758,14.008462834081822,113.70302163913908,115.17646653716453,391.3484491798195,45.80363577179451,0.043602127847478904,0.09533325100322196,0.3002760200409756,0.4223175338094022,0.9200995731942287,18174935.8601187,10465697.529658444,45382349.31285889,164847348.86489645,342859174.4226747,31.469906657481932
0.08642223130936509,0.0853196175794012,0.07908394688813612,150.0,0.0006776160853650809,0.2887468377125909,0.43873023306612535,0.007546331166099361,0.17729185701394948,0.25,0.6172044920247938,0.7652455381673331,0.9805256744556329,2.0421122193938795e-06,0.05577548096704263,9.140584540060579e-07,0.05319932052175204,0.0001,2.519206311608783e-06,0.0936482318304602,8760.0,0.35260008535912857,2.3621788988488095e-06,0.031012540131671894,0.010371997217267835,0.021494893876347773,5.1996263386017255e-05,6.0,0.13232213378734436,0.16133474316011248,0.0014001316507532703,0.007378003963446665,0.03735074427112401,0.12722573073592575,0.4853665923291106,0.022684471658557172,0.23885059749580423,0.4117489118837858,0.2,0.2007339965592238,2.6526562516649586,0.03950052231577192,0.16055148978914874,0.42174063818537555,1.808189206612952,3.9870047588183333,2.0,0.47303916655930406,9.302133224567422,0.00014128251732524198,48.81557235834057,0.04265273939860213,3.052050144515638,0.00037698606160908404,21.601693600088385,10975996.010295235,4.056917052636483,0.2580282284225611,0.040028086637532274,0.011518543743994183,0.11206836404692053,13.76688330276864,130.67157631636843,143.43776382915303,352.17853789710864,69.69965186859204,0.06114584408963258,0.18669024895656355,0.45645264664402424,0.578236534117254,1.079995805809548,19972326.867866497,12495882.201164456,58011608.380489215,110656068.67455055,240341068.9595731,26.089238059599833
0.026791305975260995,0.3237225145508056,0.06388707790505918,150.0,0.0019182342015297872,0.3836156248153445,0.5616448968896773,0.02043193096516181,0.028818293506214475,0.25,0.5729328265187904,0.8814200527274377,0.9474213308782593,3.886313897665908e-06,0.03618322675254485,1.8296713473487156e-06,0.07822673563303972,0.0001,2.999952970493172e-06,0.10947205741475399,8760.0,0.2854241432527948,2.5700812671051656e-06,0.022323756200599367,0.017566143685755375,0.02799292488776698,3.7558948087070605e-05,6.0,0.15396554739318274,0.11391980041699062,0.0010349713965216185,0.013787377601464153,0.03362540866969656,0.1931665590028527,0.46285785630433024,0.036810034074760765,0.21128563191450522,0.28009121960548067,0.2,0.21236936198545125,2.313424030621815,0.0680428912732922,0.09510031114220988,0.2885587259159925,1.6448150063545939,3.653774630321941,2.0,0.3865763460295897,5.61235869714792,0.0002744788490827474,34.59156071918803,0.08805546706367083,2.8118743716371815,0.0002804999247885091,48.26674248192661,6543909.77469453,3.750928626212991,0.19190231885297368,0.054612415515660886,0.004041327225635891,0.09799524865112602,14.20884941894925,75.82880263965896,209.71525857095992,417.74199901030033,49.93628048200094,0.08945921528172934,0.1299479426355744,0.6798948992395026,0.48137721777737685,1.0071730189754076,20544643.863099433,12858189.616386238,47400734.263945445,175447171.77968672,412966619.5035733,27.72616895035729
0.05251858361405927,0.10301075645868883,0.09838140721773864,150.0,0.0007163026192101045,0.38325765635630793,0.7246613519667967,0.00853049584712323,0.039216394926537744,0.25,0.4482073239794893,0.8314287466583438,0.9430086086072177,4.326123700180417e-06,0.06953972265143692,1.6302419114875839e-06,0.05617581640236785,0.0001,1.6453477877713586e-06,0.11989854132911865,8760.0,0.21711297285750242,2.766538231881683e-06,0.03534378228794886,0.02677529811305918,0.01434551951343421,4.9377409754287993e-05,6.0,0.1553736788148313,0.14694050273954518,0.0022653430939436566,0.010860327657645254,0.057273323052153394,0.10923069745209421,0.5630875784730256,0.03322135647939658,0.19352206076573628,0.1755411578229473,0.2,0.11053497965972398,2.833524257927544,0.04932025867344171,0.14331619571145626,0.21925657573654606,1.9161096967231082,2.9005345761904078,2.0,0.3518986468948302,5.7605621992898435,0.00014819181139612557,33.88942887620594,0.03994224322918517,1.7137332438182595,0.0005216063032767574,31.304293978329646,5882586.05434971,4.656057593949489,0.7393013157912822,0.06212190604382423,0.01644831945674899,0.0994939121442697,26.226048926042512,145.28738935346797,223.54449954114594,352.64460472314704,77.85794112657007,0.04812258514022784,0.08119003091792362,0.4838113984078939,0.7557153934086165,1.0335071905397222,32946739.22077057,22124299.64921957,91816467.50027971,163802680.10389295,372938421.60532004,30.335259108656153
0.07837977194132996,0.23852810636532712,0.025286304018131492,150.0,0.0008660455213771301,0.16824780560452038,0.3971027939027015,0.003151171491896055,0.020755883009461327,0.25,0.5942824312390478,0.7920736118200091,0.9312926448419868,1.0047349994991695e-06,0.07391322919422245,2.0424182213434317e-06,0.05938320246859538,0.0001,3.879833801590332e-06,0.12054652164699028,8760.0,0.17826980183492436,1.997443619663362e-06,0.02532134708525102,0.01598851031395524,0.030060049434712237,3.1593245982472524e-05,6.0,0.10606534587069119,0.10650649818398991,0.000979494330721652,0.012703906631904276,0.045631693545218385,0.10398643800699728,0.4996739872180252,0.016144794850781373,0.11567385402276859,0.2193982393716321,0.2,0.16343579855377433,2.4981191569319425,0.051904780637272024,0.1328166898712835,0.24824497322055028,1.4040377846447203,4.306628876638145,2.0,0.42530432695120207,8.276506174820511,0.00018988919570020864,13.67101584809727,0.06144486830540631,1.5179315785191276,0.0001492544326383482,42.16739557067436,8596876.220523681,4.246004350703571,0.4617004127203732,0.06283270392275751,0.021283206612993034,0.16311807749904025,12.440355567938614,100.88630044845388,219.49837596602032,421.51190203192147,59.62415929558639,0.07356908803250747,0.0743216619105316,0.48863637588194925,0.4886522108539341,0.955364233967969,16301422.004448403,11285761.416400895,45052066.73418068,89742815.9532682,187478820.01263627,26.974226264703827
0.09903026253806106,0.16389252560597767,0.06261172185841758,150.0,0.00014666824000494476,0.17799992323410022,0.4724833051439809,0.016388981221087274,0.07520575027850665,0.25,0.42598664993701135,0.8379383601921728,0.9431139172894447,1.0258253404368687e-06,0.0598529946928294,5.68801576310068e-07,0.03665597483711115,0.0001,8.65851936015555e-06,0.06863281131582599,8760.0,0.44328821121444995,1.0310228527581797e-06,0.023116593862330677,0.011084677115387121,0.02134308435546984,4.6286241414410595e-05,6.0,0.16974944932974395,0.08019636625888499,0.004648866168014458,0.015310924277237514,0.057993657031595314,0.12088872317079545,0.3172513557771854,0.03094636658900174,0.10891969919111671,0.26904777809125513,0.2,0.23933097426968974,2.657024302810419,0.05458729482056303,0.19726976531394097,0.39519502970655873,1.397807252635343,3.1255341185863026,2.0,0.4196581990528296,8.528747780203428,0.00012002932250490162,22.78185669800065,0.06900025369732908,1.418087122819615,0.0003418310924546169,60.43876580641917,6656113.177173631,4.446616167157276,0.3341824281272167,0.0389300169684065,0.0061260763237891225,0.16449813958711948,22.74463343362116,52.74419771052511,149.93727351990174,436.6820757574453,37.239813765663,0.07951269641869621,0.14852916205060346,0.4406650149135105,0.5007894277280618,0.935140807723797,21407783.202207908,12264497.695135392,52800030.016025245,222647145.63738307,417973460.50159776,30.28047357796372
0.1860443150994059,0.11205222850205028,0.07730874866033081,150.0,0.0007099701938686639,0.3184965729636351,1.3315820325262895,0.021969953600450464,0.0024857736255410497,0.25,0.5838355901172072,0.777493282192419,0.9089405628638316,2.3401570521099954e-06,0.06174705638750862,1.663824399351776e-06,0.04642936442060559,0.0001,1.2593875247426722e-06,0.0793282970730884,8760.0,0.29776609339690496,2.3519642033908603e-06,0.026340869951791093,0.019370613312808274,0.021482951114064078,6.496481047774471e-05,6.0,0.13538491494610133,0.09744867160852713,0.0021774908083414908,0.010787292088712552,0.04948270794741387,0.12861023356278872,0.5310329944190701,0.02578234509219223,0.16635757917969268,0.25851504125941416,0.2,0.1701424880544457,2.547307493804716,0.03982093552216673,0.1260305317571928,0.33424191642305234,1.457389210571573,3.9963030796744023,2.0,0.41401872720334,3.6591561078804817,0.0001077009548014103,52.74716895946053,0.029170170180681097,1.4863368897708464,0.0004909970048683723,65.46065029542339,10220098.365880266,3.609310613526018,0.3705624428575679,0.06975269345533822,0.014977337619036492,0.08570249376577345,26.141875889939367,158.73456848588847,177.17417575389217,503.5688704727635,47.51347851830738,0.10467014386714467,0.13660579738397238,0.514940326391206,0.5162036778836894,0.9439230334080215,21600690.674434807,10099716.148098517,50651908.69908634,244772448.38347995,587849837.643894,29.916071595353355
0.04567436550693943,0.37017382621029504,0.019274268233425682,150.0,0.0016412842856463202,0.27710920534550554,0.25710722685043763,0.02295389485329846,0.02705677363630631,0.25,0.6522494576758584,0.8122033952481866,0.9597223611353836,1.1241864634484473e-06,0.054618616582431334,4.424530417869816e-06,0.05716140486241908,0.0001,3.149076583843852e-06,0.1054556436782315,8760.0,0.25516836474535465,1.3664769858883358e-06,0.019434227908766113,0.021535518522762424,0.027110635054335815,0.00010120172033687554,6.0,0.1489185264849847,0.08973096377493145,0.002542058016148054,0.008571447063453499,0.02376005211525693,0.16381814027895875,0.4832603602841786,0.02011753267512159,0.15493772812148954,0.33396307242039597,0.2,0.22161362151308783,2.7514188493381275,0.08050114417249882,0.08238157780157421,0.2794491562019683,1.6497395317948387,3.162692009716298,2.0,0.41588073146005416,8.64843469712861,5.546494658102836e-05,22.9474855444345,0.03523998360909508,3.956021777623539,0.0007562455030851677,35.9661071257283,9527286.627779908,3.822944060063084,0.9108786429659553,0.044215769196840414,0.008933029136260357,0.16716120139204488,22.58073370468231,86.38513024486531,147.9185789816863,452.000189177164,73.99858889420801,0.036619915128194395,0.12499798139599341,0.5445012031935377,0.49630441223456323,1.046503254477576,26937836.23699852,19152131.825863816,72290548.70653334,158425595.73073196,271480559.94748354,36.40628365776891
0.0839934568229121,0.0386545528887859,0.060986284444398055,150.0,0.0012554449481057513,0.24496154992235109,1.0088267428144777,0.014021773616188489,0.02434387076530219,0.25,0.6507044709918997,0.8614982640892468,0.9112546791656625,3.413534351795033e-06,0.06924493786273594,6.404694882309967e-06,0.0426876126095522,0.0001,2.811025891411796e-06,0.1105098361889113,8760.0,0.3563813205859002,3.018058764285426e-06,0.02672544609085915,0.011371621423826701,0.01781694666126434,9.734942418288038e-05,6.0,0.10286963777561298,0.13392983685195292,0.000767080274827479,0.011435455881067891,0.03267002667654771,0.17285769488836825,0.47422091513687503,0.020718377425972608,0.12446108314036128,0.2098236010992695,0.2,0.3022567952824624,1.612182599349616,0.04978941790166343,0.18978644222827928,0.2742225801467913,1.795052782371017,3.5687372532962645,2.0,0.3833002599464389,8.72132289352517,9.680543957948602e-05,62.12496984937692,0.05693245290978574,1.287122569242761,0.00025769051236545956,55.28084470580444,8186985.597759135,4.747541786399023,0.5822658508375639,0.04937459274156007,0.01652273336559686,0.14869400299313779,23.827453853428885,171.80292509916555,180.6262583741312,408.1551944282808,79.31624256421631,0.06001182500556544,0.08905863076588186,0.5030292299935252,0.7307907920235552,1.0676990980605916,28278992.245313898,17366537.311094478,70298915.94468632,176598381.45875835,446425005.29205596,26.725961202082782
0.08544687117040312,0.273286183450458,0.10944298997706908,150.0,0.0017869812506316081,0.3088679753011502,0.3926706471297312,0.040728823181389304,0.025652801994819164,0.25,0.5094270593387002,0.8382519463250497,0.9687719858272101,6.290236060710161e-07,0.04943791664022899,1.8828991429582804e-06,0.04202473746484821,0.0001,3.7757118557678053e-06,0.1134521924071255,8760.0,0.43714607397387784,3.5645153173417574e-06,0.0283254794127829,0.00905043429076125,0.028890399613300366,0.00022521629479322445,6.0,0.11324793949137783,0.16229551729625052,0.003693090981711323,0.010018484517798706,0.043633265561275836,0.14581421511719592,0.5380285360922914,0.019518747386723472,0.14913469812543645,0.33057140827430936,0.2,0.2575627393285515,1.8658484326839568,0.035053808382955035,0.127037970779787,0.39882852753838505,1.7248590976586993,2.825928885983611,2.0,0.43904692626954656,3.9849106447170075,0.0002959938962633335,37.47140661738162,0.08596300246119669,2.129896500757467,0.0007454881558418117,36.475570725672824,8589214.784844132,4.695572987288376,0.3395437195996491,0.03533423533540005,0.009229289177442788,0.11401712509537668,18.477375130638933,93.70080486941539,177.46602528346045,511.024069637552,70.42685891073768,0.05726680830703081,0.15804078079184286,0.2936403788250222,0.37182987588515326,1.0621277656792896,19449218.5561734,13864799.200402332,48896908.86071956,132062589.8200463,190359863.79336327,31.058417427631245
0.1746688874257084,0.2541921677953879,0.05514103226494082,150.0,0.00040757798555681986,0.16304545170254053,0.20295599932166059,0.01359193390399563,0.04986721876846733,0.25,0.5448664976749447,0.8675226286673721,0.933669865851598,1.217233756754466e-06,0.07273926354647572,4.279784643795677e-06,0.050872567981167016,0.0001,2.565484436832838e-06,0.0595504624818109,8760.0,0.4912698152835594,2.4328627857011735e-06,0.02709152199942045,0.02120229262296109,0.027810611770221365,0.00013986090677123257,6.0,0.10194456525369373,0.14093016127594446,0.0008483788042737439,0.01009928234845493,0.05639717876848034,0.20650791421634687,0.5066401894393433,0.02384917380736378,0.2214774236404271,0.23042865593908413,0.2,0.266096948713911,2.0526200532425687,0.05829442820632082,0.16130603684645775,0.30586629932648446,1.5401600231673414,3.9360032199752775,2.0,0.38476776131638435,5.095947089663521,0.000255990749191983,23.354430923353135,0.058869250581204596,1.863569484444708,0.0001482065387286451,59.46032683157998,14118341.434915362,5.225817723999841,0.47890348956165685,0.08793549883842361,0.009717899296819195,0.13276697716661395,12.64112462156351,111.0462115169338,158.25125353827858,282.3195369251082,59.23176041076901,0.057513828828314045,0.1918786047701432,0.3462386143654188,0.5261935111724585,1.0044899750567045,22730331.29598084,13883394.175445896,52748098.382307984,130016618.5538825,446752027.741094,26.27749381005493
0.05631210106044971,0.059261796228855294,0.06613459838767094,150.0,0.0037667588832206327,0.27229608949114514,0.9704233662120483,0.01312851043816407,0.07111647296799624,0.25,0.449907038455262,0.8297960901623288,0.9438681617552385,1.864408298806741e-06,0.052590018947930556,2.4298467324169182e-06,0.05412298838578748,0.0001,2.7891010196507467e-06,0.09302259412569006,8760.0,0.30043403140326397,2.4901746392609e-06,0.03330071773968774,0.014286432081410673,0.023084199055433713,7.947984684860058e-05,6.0,0.10307353894912816,0.12917416850027114,0.0031078268149616105,0.007926291030238859,0.037951781725443196,0.13535165002172042,0.37173894198901325,0.02196370716707942,0.09153063610808579,0.36186799666094277,0.2,0.16008382656039652,2.0611719414955862,0.056075979509876084,0.14706865339956793,0.42344443669440013,1.562540851104433,3.223823684668186,2.0,0.3755701855996719,8.361599105836154,0.00017318235217601515,36.60907793540632,0.05632693520764573,2.8503560343656167,7.64786151795427e-05,65.60216483136799,11381357.880208846,4.314010420728147,0.620468087425211,0.052567001729075635,0.005415719280070748,0.09272028796816831,20.983471585566093,146.6954391928556,184.13737426340495,354.5876772344059,48.38988523635177,0.10062518625099287,0.10365504088545818,0.6271329872829703,0.6485206371853858,0.9230993383905626,24858767.04374882,17135031.28962931,64526331.7507054,109963314.22080131,299857845.0929671,29.92817289111829
0.13607087853409597,0.10282633593667545,0.027522757572454093,150.0,0.0010332385817539596,0.4794047791637046,0.49167642301756975,0.01856589781884293,0.06779785313300805,0.25,0.5616786877703945,0.8135847798466924,0.9626926579944537,1.5397128660611811e-06,0.04963270317035183,5.672574704039939e-06,0.06329319536948665,0.0001,6.124091569988785e-07,0.09716213975603688,8760.0,0.2725555366305386,3.096467452000489e-06,0.02397064727424411,0.010000517455279212,0.04597428156357562,3.717024524335878e-05,6.0,0.12594842039359072,0.1601577351859757,0.0014723830183470412,0.016593165403127785,0.03909805080591044,0.10595223013541179,0.44654745837154597,0.026498965226992674,0.16588950944897268,0.31973325257290025,0.2,0.27547073033621533,1.696808530206542,0.040004238850446364,0.08776681045828287,0.2630234334396535,1.4694718190062708,2.7598615123198424,2.0,0.38415672360592995,7.797186278072033,9.360262634999298e-05,53.64348213073246,0.041574186905259866,2.529562560550013,0.00039374424476484106,73.03474893703424,12545557.864474,4.5183068988205894,0.5894244704452141,0.0647169794441833,0.018753166933497642,0.15541643553176882,14.415330745311392,78.23287721005391,200.1339860322942,489.07580512208784,77.18097287473967,0.07973537921001721,0.07830123760202726,0.5157006459494125,0.45522837341724554,0.9756647064470445,19159159.24217415,13427470.323963853,46943841.82041532,106930983.23425588,228119144.49297228,30.692550491742033
0.15133151670429032,0.06443974960153945,0.05762456736080438,150.0,0.0041950651950036074,0.29863398929834173,0.2547625556594028,0.01383430193061411,0.029980853083760837,0.25,0.6115966501233194,0.7959454207686997,0.9459236766165708,1.0393447395849626e-06,0.04044885386103787,3.083098568078132e-06,0.0904341028457448,0.0001,2.1563326839354523e-06,0.09062807041895692,8760.0,0.14566510148932055,6.847078934548473e-06,0.025074733757372892,0.010676447617740547,0.016460701333278947,2.524771732957792e-05,6.0,0.1116326696042625,0.12420314302990326,0.0024962728119313758,0.014906829600377147,0.033027583935323235,0.13923074915351905,0.5614223709162265,0.019812774818985537,0.14478259731161536,0.3513578559131517,0.2,0.13173430066331976,2.036533079274813,0.04578413722228204,0.14073317448024408,0.2983509063355379,1.8978372235114995,3.9140370692274438,2.0,0.46097449532592805,5.844101125549029,0.00022192698673365974,35.98347126267415,0.045235064536232286,1.6739315070373797,0.0002369918516646538,53.56039356443806,12948686.985039273,5.158349881725939,0.32139000758265923,0.07391578768652689,0.006550810246630027,0.10261992760654287,15.114613459984527,59.52693517295944,171.3190583523776,336.01680986262306,49.68690664078445,0.058182377181949435,0.0933572754226346,0.5387696773930475,0.6221928600323923,0.9080872958388693,22961254.83217536,15406817.682525048,57250906.01921203,131736762.4382815,287834723.37502915,26.73320236785885
0.031046886936491963,0.24299802459577236,0.07090340818190609,150.0,0.0003040107158154251,0.2914936030810019,1.3673952118932406,0.004632718711410698,0.10687081995445984,0.25,0.7320938658000056,0.7966380442709056,0.969797977706854,8.262904937172551e-06,0.04806486064010386,1.3737032120930968e-06,0.05823454951887316,0.0001,1.1612260123260171e-05,0.09328990839806015,8760.0,0.27967531015006464,9.621722814453236e-07,0.02827821921256065,0.008677550662547058,0.03329342625587403,4.063072102949505e-05,6.0,0.11517623416746514,0.14060918960531393,0.0015586573114951883,0.011829614527178324,0.04643539419508446,0.1284028891759284,0.5162573887832751,0.026569767001464586,0.14536094442409922,0.29580085169935527,0.2,0.15922851644056982,1.944942426903336,0.04723157760436049,0.08488827891341841,0.32015343856655837,1.7292014303478251,3.7961799575733,2.0,0.4498941766997465,5.888159204638104,0.0001400530178901034,50.53938272111422,0.06320727712806631,1.4982944962262807,0.0004806196194260954,63.81147515349022,11323591.631530175,5.487842356654406,1.0269193740421316,0.044799073106402784,0.007189092694462791,0.14164112920334865,25.00746673732946,95.1542745389616,120.76854694339431,366.4259029589378,71.05879814218929,0.06930441107050801,0.16165977123294478,0.30736859247869813,0.5827318145230123,0.9683856389201196,26849821.452092834,17616872.925126284,66523999.59251119,262261928.33878714,381800086.62976295,32.126431693075936
0.17313506083152178,0.03763474658688912,0.05321129826376571,150.0,0.0027888451047618865,0.19598906412560677,0.6840944191395036,0.055274751053039924,0.04893693754955003,0.25,0.5408507799930811,0.8294741806323184,0.9795156738538526,2.010533680146203e-07,0.031999697229001055,2.7173939777719266e-06,0.07480576299601958,0.0001,1.9875853140412544e-06,0.12752416150420726,8760.0,0.30611828158418497,3.394934714805804e-06,0.03469209754272475,0.01233438880147001,0.025572793027305193,9.977721626156821e-05,6.0,0.11505197933346592,0.11443416660198492,0.007891168239599587,0.012804957978731737,0.043053939471288216,0.20195920258306446,0.6273199341993565,0.03939119897574193,0.13721210155094948,0.23339284613998754,0.2,0.29748691173400843,1.9713545131347856,0.06290799299864724,0.1414978375756175,0.37583841535811624,1.8092184615397318,4.330309706646482,2.0,0.3585804535124259,6.644342640080755,0.0002094316859211207,41.91444378662631,0.07851127739852727,2.9882218418442927,0.0004882925663244875,35.476884295373594,9319907.982191833,5.184871126986488,0.3322315131474936,0.06610852059284657,0.010021118026105709,0.07404732862635467,17.379286022676222,97.57164794984186,188.04693178729215,457.79306295699394,58.53916181799701,0.046817025050400855,0.09929792984318711,0.42044400584033526,0.45619127826351,1.0605849888863166,17753439.380569253,11346054.131125927,46449239.150529936,87109369.518645,244336386.59902334,28.040462587084313
0.07122309189824334,0.12794279672529535,0.06051992327725182,150.0,0.00021711592358562734,0.39127539937064604,0.7139846887319528,0.008704198280048018,0.08381596288140888,0.25,0.5370236685893581,0.8730302496008314,0.9519734023228136,3.2965476790424274e-06,0.056927255668276236,1.491962202182585e-06,0.030012427607537494,0.0001,3.696719299075852e-06,0.08338606908205237,8760.0,0.3751248565586095,1.3826848766937457e-06,0.021460043986585155,0.018641104021281774,0.03431260706718958,5.160940260290314e-05,6.0,0.12736762833980447,0.16404531858788768,0.0007040639062177746,0.013747586706717347,0.028462516363411496,0.09129242518945155,0.49206555609279745,0.03189399808584653,0.13211450506273112,0.36398033382087347,0.2,0.2306586755498803,2.643938167862231,0.04550566937376549,0.07613884342900103,0.28481467263095944,1.5807580675417388,3.085819862968389,2.0,0.4766617629888365,13.393068801755298,6.840331724921446e-05,18.02637713667183,0.06762453443442777,2.325100177374853,0.0008302201113517613,61.22594284119499,10738038.302306404,4.996627053093275,0.3551421569508616,0.038736060399506805,0.007980411930882027,0.15454364031836682,15.994302839322057,128.51196026423685,192.3284275549891,456.2929825767575,99.27415105330849,0.10771882478240315,0.17637984752019134,0.6217095615746118,0.47731639419629707,0.9905726798299269,26784878.062617682,15876006.530161913,73594787.20784761,188922318.1735526,415085108.0219633,44.65396213793786
0.1469075421891166,0.346132380528882,0.04930431540122054,150.0,0.004881341949271245,0.2996418563085273,0.3913466143392726,0.006597332056528681,0.08646903413692368,0.25,0.5431274750689082,0.8532465191308787,0.9163633706271569,4.420337949674732e-06,0.030049365705267592,1.7581882794650868e-06,0.07127716043903419,0.0001,4.752596883913566e-06,0.09515592350991503,8760.0,0.3296338656442808,6.676345134408261e-07,0.03020895811036928,0.012968025287989982,0.018936357274260452,4.3774153908678856e-05,6.0,0.12345601890288209,0.17240197823217593,0.0010524595225767255,0.011149541206017907,0.04019687635681991,0.15086308739107002,0.47779612370259283,0.017314137423040697,0.1554205193766659,0.26795394946807816,0.2,0.1493624470853461,1.8167349312916325,0.052206857262580786,0.12229115661420423,0.3439608938821471,1.2842721011527665,3.5971827309817392,2.0,0.43113353463748405,4.202175024811056,0.00014178024347245735,60.738202596484356,0.052735717602167956,2.725679969789627,0.0002415625712505029,66.77580280996844,5443803.031443449,4.8776780807006395,0.3898357834516797,0.060537813811041175,0.012297299109072821,0.15992220624883213,14.632167053803045,85.93784664997742,146.4507899238457,371.1102931804064,76.30271016483867,0.057747952601296365,0.1725228753817814,0.6649459365170594,0.4955895506366682,0.987157886822233,26005971.2133976,15873915.496391278,61896497.21100478,235018210.0995321,409174605.49487126,37.60883543581175
0.0634453811532475,0.19290059254682534,0.08136233286791998,150.0,0.0006177915456120048,0.3625625952943293,0.694451530861023,0.009368974821132688,0.10992135971650227,0.25,0.6350346076589601,0.8226400896328917,0.94378738436204,1.2289502674208997e-06,0.08087340317868956,2.3317369217325806e-06,0.060830844601509226,0.0001,1.1303372300924053e-06,0.08152925670954816,8760.0,0.35671836196505013,3.7019521719709227e-06,0.025736740688928356,0.007834869803045685,0.027366164933509955,0.00013315511995523152,6.0,0.09663383238075855,0.12773838842181218,0.0011922367509772977,0.009997327680409614,0.04241527363498765,0.12801105242129507,0.4757359584997154,0.0236642843112176,0.18320383440435778,0.26232182620919786,0.2,0.17799992080633265,2.032937696614203,0.05336295307676504,0.22756344967200431,0.2948569730688808,1.6929779183024984,3.638265857220933,2.0,0.3443221793141029,8.990372432386625,0.0001123810123355009,31.964059947627966,0.05571750179750205,2.2144492749059106,0.00030996057203623513,71.49011890954375,7491187.889000272,4.372482196020666,0.6824420921114858,0.06683851471574241,0.013151847384766697,0.13590911516936605,22.784873471539107,127.30178658436145,180.48743282592238,353.650552983548,76.66862157342123,0.07399317387837051,0.10675192627408922,0.4538235559818764,0.6711895075888747,0.9868003409710052,28526383.772184458,17478872.10515175,77504156.33815366,294522619.6785595,431516869.4237834,31.13316724440778
0.03203709344683637,0.17912741005514077,0.073986081087046,150.0,0.003436775908641806,0.24688319834579822,0.3394155948774353,0.011047348231669123,0.09329350646758888,0.25,0.6435824121434389,0.7932148104917747,0.9595094665860967,3.6294774780987555e-06,0.04797826447452403,1.3895857766330261e-06,0.06596663139275888,0.0001,2.309045180262737e-06,0.08386522992855411,8760.0,0.13236610392029888,4.564450871188398e-06,0.033807436528023635,0.019698731629148366,0.02868456740942115,6.762744934947906e-05,6.0,0.1612280040197318,0.13901836202451104,0.0027313789893442923,0.011334909397116129,0.050619314203927165,0.1142354352701413,0.5113700122626211,0.024662337962068098,0.12516666705393553,0.3367718251377718,0.2,0.214167363564359,2.7095186029310603,0.0887582590087842,0.08619070546724024,0.42070471118321573,1.3123208486977707,2.835157160931434,2.0,0.3723327088690323,12.19368016849059,0.0001747533860299969,20.76256181056675,0.03848838909288296,1.8523306815148037,0.0006695297780966148,47.154576833256016,7890809.783693683,3.896660888060849,0.4469652779611578,0.046021894805434393,0.009887278801583473,0.13539600666084756,10.367738831010517,91.13515405089359,161.19633356673978,405.4091644788642,61.62582752862594,0.04452103102978831,0.1390271603580287,0.6296737110456083,0.41170177772981553,1.0194143778417377,23840061.294588048,13614601.803355709,59107881.71886461,184600482.96210283,468277654.86577976,38.761156079505724
0.02191058026030857,0.04276442522245125,0.1209499937039478,150.0,0.005072928330259194,0.3462005772642079,0.31310566228001424,0.009476301642772793,0.0907271652167498,0.25,0.6911793131848212,0.8425837717749717,0.9667580343096233,4.164021198541143e-06,0.030950893798154137,2.568559927580751e-06,0.058431152978738354,0.0001,1.9307487986310436e-06,0.0826398429734071,8760.0,0.38521483997519745,1.3957079597739111e-06,0.026436902146629443,0.01724052181295612,0.014156578140712039,2.576231195745509e-05,6.0,0.1247905603102447,0.08168585138053884,0.004467494916409248,0.011185105110768215,0.05736595615783009,0.11250776143266299,0.6151501901395163,0.02901344275399604,0.11487472922047681,0.38559730376383583,0.2,0.1801027599543091,2.459288057065742,0.05277495725907863,0.15387407762180275,0.3378283506665585,1.8742014319585154,3.810071021229969,2.0,0.4414279972614898,6.013078872375573,0.00034960093210536,18.550503777309714,0.0364168694453684,2.7738937877459744,0.0003471045686916893,49.50843421396384,10621124.577365499,4.704226951901107,0.9438469911653441,0.058988226747705486,0.00588514869908294,0.1494082609590952,17.81778741324717,135.40885938437742,189.72128259424056,392.6892118859204,70.55384568369192,0.07729304582454924,0.0969308621320339,0.3824156887693314,0.49550978727729894,1.041079570277256,24280567.852521803,16688633.551388342,55607350.69673401,117268024.74898018,354373745.7388644,30.726684327440392
0.032835095089689924,0.10986465421542341,0.05159129778909513,150.0,0.0002386076015774734,0.31915573201618364,0.3572423861058668,0.007313214907453994,0.03974421918723651,0.25,0.6454172699081175,0.8489275835921565,0.9501287019459393,4.183390809707339e-06,0.04140434827103932,6.783193587217106e-06,0.03659695613546948,0.0001,6.193823568990398e-06,0.07569323700213948,8760.0,0.38255177858382416,2.447144502218305e-06,0.02813322591922856,0.014167135273113871,0.016777546670729206,8.935145788225969e-05,6.0,0.13587055718545982,0.09142124571446779,0.00047568576116584026,0.01065486137339498,0.02613859953188845,0.10163069281890144,0.4265382617790528,0.02700519370949986,0.16780993768465705,0.23606507336423915,0.2,0.2353019105170216,2.3989796456009826,0.04643373612943365,0.18163501570678942,0.3537159734619627,1.6366581045164823,4.28380333796113,2.0,0.32574787538484945,6.102640874072877,0.00013083866530596728,55.67077145552055,0.05357059497975476,2.4357683128156538,0.0004547392106720169,58.111722609310384,9284124.903896526,3.7252507832203863,0.30430944360655177,0.05140489394673227,0.010721503948568488,0.12197567242799624,13.611902856284807,106.78647490490675,195.10002433327443,571.9340750181447,112.91303542307114,0.047340529265099775,0.2109984074478504,0.5890394073003313,0.6928890957876241,1.0103248735264903,15549443.961745985,9552257.015522756,40903606.569041826,125013015.40123866,226987638.08646965,17.282107830658084
0.02983588782836633,0.1386260179194049,0.03327851443655222,150.0,0.002949289585970293,0.19004266292229352,0.5676385518753154,0.009648786053305006,0.048915295132694374,0.25,0.6360350348015205,0.8480249641481571,0.9584234104130819,1.621723418218915e-06,0.04609021385597342,1.197176337423068e-06,0.04952405163140186,0.0001,3.4936806774820996e-06,0.13704688507812715,8760.0,0.29516827733800655,6.281861589817015e-06,0.02728725130484225,0.016863672554146978,0.02296482100660039,0.00010497757446417926,6.0,0.10886225980116608,0.07649489130845291,0.00036973219318883575,0.013009757344532781,0.06646062186752098,0.09460410764690805,0.5721050826681977,0.03499045608535867,0.14822056134159095,0.2980655700758065,0.2,0.15490029303299396,2.0411177345983633,0.04509612817628042,0.11944712695076727,0.32248067790994417,1.5501792683342188,4.016219808969606,2.0,0.42635328311249604,11.213321948261036,0.00021775019644003837,55.08275961062046,0.07237920669704201,1.680468733353393,0.00044443908698068956,58.37837855866368,8940680.037229761,3.887262735290679,1.0551843537801164,0.05929323990090603,0.012775865775401884,0.10653458046888187,24.67941959597099,122.95581083718392,181.76865718962821,541.2740288190755,80.47515606008093,0.09744887884227288,0.11141322177641005,0.42482133689715373,0.5219641649282796,0.9238574300049375,23729852.173938267,16450672.394549903,62588381.3333798,147340343.2228665,252075390.95648217,36.46265555244843
0.05115981367331462,0.1913038204228777,0.03459614305980812,150.0,6.664861999126134e-05,0.3093163269873972,0.7325779732011451,0.006482263633525467,0.0180565294370416,0.25,0.6414330301162479,0.864305767358419,0.9278185396253236,1.3476590344808018e-06,0.08380955977557276,1.3885991168853789e-06,0.0355719725417621,0.0001,3.4366067887452805e-06,0.09376179211973673,8760.0,0.29658389787728123,1.5649608658047568e-06,0.023734607310507205,0.017346132709456258,0.01865427405589157,3.6711416934824605e-05,6.0,0.1106052778775944,0.12728191097550662,0.0025179603685860285,0.010814763511554774,0.051750749721767575,0.1899422436159957,0.5242677142282516,0.036777829689268036,0.16267293332110125,0.24741737611264597,0.2,0.1958561920403062,2.359057188742753,0.08785524773726452,0.09670383102298866,0.36001369039524844,1.5633850392775273,3.110658854008477,2.0,0.3059275894211476,8.254445941530793,0.00022360477905784723,49.11911836344818,0.09214295340901739,3.558924165138541,0.001330112465153439,28.92820455625411,8744293.578994546,4.641431084377217,0.31926892492487124,0.06421598326789814,0.007250430978450383,0.11158585176134883,21.812630796134002,88.40269691912391,151.0756727773535,374.37266708105574,49.39078208006468,0.06743707843554023,0.21279325475583905,0.6708434519946834,0.39727507178415394,1.0400338067796877,16618770.836490808,11672436.71113345,49216090.13536986,94531121.35860942,143831055.33684477,29.88562645979708
0.12103423936621162,0.10952874752864794,0.057981351149874266,150.0,0.00018193167982052496,0.2820225516365732,1.6374288147803977,0.00678152162433492,0.09455080372489019,0.25,0.6534311424857446,0.8686815974035039,0.9765636432610196,1.8222059986318201e-06,0.057378588624465335,4.092446711965676e-06,0.04686718565294113,0.0001,3.895443621198645e-06,0.1325606744215702,8760.0,0.394695229783233,4.560765534902333e-06,0.03389912323947273,0.01097498390488932,0.03362831611253034,2.8166651991735206e-05,6.0,0.10551518607884645,0.10483670828780847,0.0024160680061919904,0.008003313091774588,0.03423390761627288,0.08868002335847504,0.4072461488635152,0.017988042760153374,0.15952202512788438,0.31536215379606974,0.2,0.21709375562600586,2.555102382678994,0.035846241459697024,0.17663723417668492,0.3852156550529402,2.023790376986652,4.562014341594322,2.0,0.41473394221202675,7.868267348090558,0.00015464143670767023,56.269718259229876,0.07472216911253053,3.1170412408133394,0.000262210822914144,33.79729158610839,6156728.238908643,4.1538284787831445,0.16317299164442425,0.04626450207763218,0.015910083465510837,0.12765020341924782,23.401999936086384,77.89513754173772,121.78610911855051,361.26612350862376,74.45023681050998,0.05227820709762042,0.21070808308444638,0.45311224972838005,0.6447048457500193,0.9937575510836565,18047642.007783763,11036062.710396387,51099153.86485421,85260048.75958735,240739842.34736934,23.543420140222043
0.10462300585011626,0.08173306192216664,0.03046855297916202,150.0,0.002074490180737421,0.28267755930523253,0.7027420426238608,0.027831634755795056,0.00972171249779135,0.25,0.7091145892320697,0.8347244601287178,0.9558567076877625,5.726211555952479e-07,0.05114262584764408,8.92417917017353e-07,0.04411122339391131,0.0001,7.947678179324264e-06,0.06229400735508432,8760.0,0.3183755992011471,2.340196004907369e-06,0.02284513551572646,0.01808851637528125,0.03700711456959423,2.1801402437445212e-05,6.0,0.11797833366085281,0.10658891469771394,0.000654596755893562,0.006601793057019378,0.05687540807539408,0.18587888745286807,0.550587182876775,0.028899231421476858,0.09770331625617881,0.3903467193603467,0.2,0.2278247808314986,2.0469274293270514,0.047938689435673885,0.10754729200240543,0.41155439974146113,1.3055139136287526,3.384451931354747,2.0,0.45194200578237326,11.02409539906407,0.00011173563345788132,25.953936847468796,0.060155474579423884,1.5938322607881281,0.00025416127223710177,49.20164209882567,11556186.982956775,5.026886789639194,0.22942698513303875,0.0659617990117179,0.0051186572505961874,0.07306236533450217,13.126533167588438,97.7079473238634,160.66437469629255,418.2576409601739,59.45838695606072,0.04931553847351179,0.18161040000719908,0.3101563752501034,0.6059614661674335,1.0591932457976965,22361098.526148554,14664537.604209268,60857285.60571792,118004469.29897895,296531812.5243138,26.65680580093014
0.07188805077586494,0.10386231713521717,0.04390599985465096,150.0,0.0019345786821391008,0.3294571616227905,0.28569027857455653,0.010104625656935434,0.017853101997058866,0.25,0.5157000606527041,0.8105066085544959,0.9299378300075446,2.9175255935714465e-06,0.05525756612480692,3.051414542966529e-06,0.025168854115574606,0.0001,3.6191963402804275e-06,0.09866267534149639,8760.0,0.4234331275966603,2.7957604066093726e-06,0.02033261668043809,0.014032655401612285,0.03049035434227787,7.922264691094362e-05,6.0,0.1272699058873104,0.1503957579619638,0.010996533236996729,0.010541155142635785,0.04140916634725623,0.10495878017228696,0.5949351075676288,0.014154519237281695,0.13353897982969684,0.2889701459497759,0.2,0.3188128041161679,1.9577475242022426,0.06024415696932424,0.18930852925508523,0.4256421093499133,1.9181648301696792,3.4371771286735164,2.0,0.4364485813840735,9.780263042511551,0.00010549739227515718,11.041337866823842,0.08133041273753373,1.7069523975371301,0.00043869139468368575,53.36127761011096,12869941.927502232,4.713441701543384,0.21472859240615028,0.03326243731461004,0.0017281555378559521,0.10335156472533522,19.740645302987026,107.22218442928676,162.53613953619129,367.04006316497396,63.84603797855778,0.08918549809294671,0.21447550234672869,0.3857728225627546,0.549518984317866,1.0391085681117789,23245788.037905008,15481643.854495242,59437217.78402216,154985492.00572827,343987119.6806556,26.824562613327
0.049901983955466876,0.23406941935420364,0.06194993059722706,150.0,0.0001419001862719771,0.2784425112329537,0.997259514819211,0.01743395169388793,0.06149156953989653,0.25,0.6883879655203078,0.8921208517756,0.9465226688413997,6.111895193497995e-07,0.055957452096836904,9.585782610412463e-07,0.07619701779784606,0.0001,1.768542019749205e-06,0.07393423001395209,8760.0,0.24325016135649968,2.5138238698899115e-06,0.021527881625732905,0.009857609424260744,0.01763971209763117,4.888282017753501e-05,6.0,0.09193097717096507,0.14323312700726973,0.0026507962096810806,0.011025675912423146,0.041486775917614196,0.10564643840282693,0.4677769433169525,0.02743289390328186,0.13400395306945792,0.22217886541809312,0.2,0.20322305118351142,2.5864282314787017,0.043559785115147576,0.12690405039990243,0.22287550100185388,1.277717315408763,4.798562886813039,2.0,0.4002236850457757,9.94943882418518,7.263902970777508e-05,25.175933432751087,0.04467485285378449,1.3703540143475434,0.00031348526517866083,55.41117518568634,9057417.733837282,4.4559639969144635,0.5599113407028967,0.09247756345699351,0.008220921111316086,0.10511882418141819,18.279366931242702,55.283322261091115,162.21589286286905,389.3834126984975,64.4943171628344,0.06673399511732189,0.14758529310204369,0.3849225164804431,0.3563567650557296,0.9507052450637388,13605161.662250293,8397596.846573964,32694231.965437666,92878779.08669564,249607063.25519028,26.029211753068417
0.13242187205490527,0.06387971595513713,0.04176916770572675,150.0,0.000168649865937732,0.38561059029960787,0.9909847208172244,0.009742565276817551,0.030319686752796757,0.25,0.5812662117858495,0.8283143893467272,0.9604106009626355,4.28509628760032e-06,0.07421152446312795,1.018016033297693e-06,0.034142891395814466,0.0001,5.180251720011267e-06,0.08561499747788703,8760.0,0.3520444763461845,3.3444354158526335e-06,0.025677459222360522,0.008918248892040292,0.03636330638182714,3.9453806651075956e-05,6.0,0.08501026282012508,0.11479343830753072,0.00214997486265158,0.01405274994294748,0.03873484160625974,0.15283814706269078,0.5524462781123589,0.01756213854773863,0.1437414707696932,0.2496521009504144,0.2,0.295133701998218,2.630745754829508,0.04165311142999749,0.06334480666954363,0.4144865319059161,1.6189402503901236,3.608991894994303,2.0,0.4175933709940687,6.306057793954206,0.00013292754663959096,27.97496085806285,0.09649091801486172,1.3631150336474436,0.00021871665026883938,61.55002150885422,6102934.893062653,5.119927058082408,0.24654182570881822,0.03973459456279153,0.020522187630419575,0.15736927363058695,18.37970611122623,134.73962670565544,140.7641641133922,472.2971592689796,95.22391451718096,0.06851020928541368,0.13704728495905535,0.49249393092424276,0.614774175649691,0.9153064638976097,18301543.48959562,11258666.812160023,44322963.88458481,146315482.78859538,279159793.15961736,22.711113202199027
0.0720965502951839,0.15901059705153833,0.0742470763131083,150.0,0.00201934813609792,0.43703239470424193,0.6612205452099594,0.009871620773215762,0.04806007227908492,0.25,0.5062847958724739,0.8607389893401362,0.9679216034425518,1.2058956735378905e-06,0.03871777954952775,1.7845614362276453e-06,0.05298504862414968,0.0001,1.934510349416848e-06,0.07870198255150027,8760.0,0.19102943040949194,2.6563399248764613e-06,0.022613714470332766,0.011242669100650087,0.029174638958593894,0.00012057497409513152,6.0,0.15006099715483667,0.1538948759264997,0.005124227934789348,0.008738049328021046,0.03290850250480981,0.1100464941317644,0.5344545225506353,0.02149284580444033,0.1884137426665516,0.3780696375298261,0.2,0.13553828238210133,2.6388329331202605,0.030534624500754358,0.21295536807916443,0.3771499245485451,1.7444020735586525,3.2705497669955435,2.0,0.4870006495188409,13.154862776864322,0.00027923296997454423,18.125804432825596,0.06805205327548747,2.604548624610729,0.0006731684452334077,57.49440847064245,11472182.957523778,5.049219526078528,0.2770004957818079,0.056615154922578764,0.006305742632486075,0.11042315760143423,19.461431487722145,113.44336921732231,230.64098447649948,468.65979287318885,97.90979905365433,0.061021657178426204,0.11072934888919803,0.4522280006841058,0.4168624022956451,0.9865348837004606,24306017.577328533,15149279.939134048,64755268.44407629,159882938.99714932,370685890.41287464,42.99291930045366
0.13112297241833887,0.04990019881150648,0.23600710103486341,150.0,0.005194743267660081,0.27340360809349606,1.289474069858311,0.03573119636868326,0.04570633612169659,0.25,0.6947835768529778,0.8809613895141988,0.9295907494377096,2.1621650165998496e-06,0.06412869444427459,4.2342206378929636e-06,0.0765661942858862,0.0001,1.5431272845073367e-06,0.10611083830853946,8760.0,0.25593972934536824,5.496154874689684e-06,0.027808710194245797,0.014963361144221336,0.04161397966981125,0.00010641915341887478,6.0,0.14289564766818413,0.08804882732169261,0.000627149144455186,0.011205125187343502,0.03259909119252459,0.23240752026434333,0.403104376207492,0.020916113182812054,0.12197399990534452,0.2088911920510247,0.2,0.12100580863571139,2.8541772989404715,0.07934362482950068,0.13458779803904464,0.3309439988957946,1.3497298304484313,3.6198582223917755,2.0,0.34246001129276504,6.839729725978236,0.00011323457926343197,30.87071962113874,0.0668081024714966,1.902667053730975,0.00025086665361075084,59.338180799522064,5970906.877151148,4.2274743697422466,0.49701717189092015,0.07519907525190543,0.0029694505904530716,0.09914864191390671,9.334983336838823,102.66409500262083,171.78639278908744,492.791363338776,66.31882317126478,0.056105846898439476,0.21754108526939145,0.48150194273938507,0.3665703990335867,0.9950434894569294,18162899.815139696,11439464.888697322,36650944.62909402,108068380.4944299,428405807.46368945,26.933516169221303
0.1984151513501963,0.029729802183555455,0.02595640488077977,150.0,0.0011317219019231308,0.20177027933748426,0.08833701894845032,0.02066181997666652,0.028659185202059127,0.25,0.5323719169720024,0.8631157830681517,0.9582513733011652,8.463742911888533e-07,0.06717770502234373,3.763579437155089e-06,0.08550914478199924,0.0001,1.1602846521491764e-06,0.08252466509309377,8760.0,0.12130124952456553,1.681286378914084e-06,0.028098721487357568,0.01208107901898562,0.023781763963379846,0.0002089492616113888,6.0,0.1262253448627285,0.1022472813497921,0.0011381782183650343,0.017478858709014427,0.06328410395437337,0.15193103208778014,0.6506737418383518,0.0466060780954129,0.1278252086768431,0.33836147424312657,0.2,0.28204700383220194,1.7554647385963862,0.05000747141385282,0.1792521036809691,0.342986267633857,1.615633785509838,4.222873206144431,2.0,0.36257996624878175,5.456058100824395,0.0001691721980366264,27.689889538682145,0.053750832145186736,1.6914209235941748,0.00034364716519413396,60.223553947685566,7141686.209246786,4.937709672565858,0.36434543032739775,0.028405031456421228,0.01084907218227279,0.06365230095611982,20.00237152338033,94.20721250613835,185.27735974703356,471.37977962705787,73.4079247455762,0.0811669687772744,0.19694073773698897,0.44813727427214967,0.5226092020217707,1.045079422035839,21466640.638611816,11039881.708025495,49991520.94976664,237851571.45515537,462419987.6162756,24.882075930778996
0.20749555700066644,0.205123782744945,0.009531974029194406,150.0,0.003141819633905186,0.3320666631690577,0.7673981011891146,0.015501465871379651,0.056704087863972824,0.25,0.4273177455348042,0.8039696299178211,0.9747307166995447,2.2637526659333434e-06,0.06908570018102973,9.018331193708081e-06,0.032945597131839865,0.0001,3.2406143204196174e-06,0.07454154081885661,8760.0,0.3136977203137713,4.271918350974973e-06,0.025456650020124472,0.018382267235918164,0.025224979257921866,6.643868578009469e-05,6.0,0.12945523151197952,0.1665158077575337,0.0033371847128725496,0.014756372239021084,0.06315099935960387,0.13343167524782623,0.4975350961815518,0.02918094182874665,0.20428683060663771,0.3881081854206212,0.2,0.3196657712873434,2.465708682362634,0.06608664061048296,0.11776334744492571,0.26823301635606883,1.7415408703197999,3.470036395180347,2.0,0.3719792074565785,7.31385899395088,0.0001241940541046126,18.411720136736655,0.05017869336565139,2.49486105329658,0.0006097217069804019,34.69323836845774,8663966.655959576,4.023450611574424,0.5300598965938526,0.04691842402576671,0.017565839393202453,0.1332318347988135,23.77131616878716,168.5217585378087,183.72256245498914,446.1026835238787,32.221901093071075,0.06456961296707556,0.21874113478542764,0.49660769180852604,0.6096261408192274,0.9615612947258215,33376517.912495393,19478182.295948103,86556989.6594722,342034752.2622306,505398500.5491638,38.29612092937634
0.06921635844307857,0.15208738102028233,0.09756426586276248,150.0,0.001291291120448323,0.39631350975367996,0.2740675364096809,0.007874235260445448,0.024309599390660817,0.25,0.6256928889839133,0.851143999619573,0.9384953262502997,8.577576890674389e-07,0.06443919025308169,1.9854712990453354e-06,0.047259761261013875,0.0001,1.2497949769161681e-05,0.10535692802201477,8760.0,0.4009960971557419,1.1367717677322647e-06,0.027518138938858974,0.011819882246048545,0.021285799174436498,1.5520083681824993e-05,6.0,0.06437760922884464,0.11754999675516128,0.0005592994165375373,0.013228877725006277,0.04612639918438171,0.17964296557996762,0.37064290217205037,0.019340636959418674,0.15420434050168952,0.32732850193380436,0.2,0.228491427719116,1.6344757839288293,0.06679045567511312,0.11223393100221819,0.3241538770380287,1.7003822421791144,3.88807103034547,2.0,0.3777927416417309,7.457700646468474,0.00021469699555255308,39.82188917331196,0.02459391034752971,2.788291286487514,0.00036834070392676983,50.79159168409069,6719984.10016384,3.415585758554653,0.4643207565277845,0.038256186140781114,0.013184999915969118,0.1191118040168765,17.283143061454176,94.88952858408008,229.41973430633516,306.9163304327114,55.10769254681131,0.04575878553141503,0.12526023156721658,0.503721267775178,0.4684372792880256,0.9049191486538547,15955694.28538496,11054982.061787546,42447568.28647734,106144906.95619072,166985962.93408006,26.0094063722665
0.05723058019182727,0.049539395611958116,0.038563330597444635,150.0,0.0025720656219778396,0.22381401574870202,0.11632492440365895,0.01636063064723138,0.042015516822007284,0.25,0.5662587540756978,0.8513840371879883,0.9420789593877698,2.9679347586881106e-06,0.03456539162097988,1.9777612984608528e-06,0.046011543354746,0.0001,4.216696740653327e-06,0.11633428332672091,8760.0,0.2348210765472083,1.903193050366064e-06,0.026923305617775714,0.010239503743336537,0.043676795197470045,1.968802638823279e-05,6.0,0.08583361864165248,0.11453627188609643,0.0011211558576575602,0.015900130874673308,0.05322764497917051,0.13807853215134952,0.4210755181106166,0.01985920572894525,0.15184887162602706,0.3560878972876312,0.2,0.22487828637584284,2.310708230555336,0.04521288740508071,0.07059610169702579,0.2507847312239316,1.8029538773873872,3.4401035533690667,2.0,0.39919595515073425,7.518080312516258,0.0001092132089667886,56.40406902702775,0.046412002989053916,2.813883571318797,0.000593369217800557,41.64822718811482,7424247.804902859,4.076404058117588,0.2664542696616066,0.04834923039118527,0.002321514648154982,0.14821775338002766,15.678579435118417,64.28857433779112,201.3072087650835,380.42137399128904,83.29424189663298,0.09018812791825326,0.14177306923553,0.46567570518285895,0.52992631644498,0.9902180347602456,19251917.60514859,12066698.958920758,46745679.6567922,126746959.22734055,373787388.48892367,25.341074121641384
0.032512212807942184,0.03273839917750466,0.045112074641950856,150.0,0.004669077464248345,0.3279078629355049,0.7292807202836451,0.013268569424274252,0.04484981158004114,0.25,0.6059483491844732,0.8482366561266965,0.9226640328279723,4.935366675219975e-07,0.050315712708789,2.229170854554004e-06,0.07002434702110201,0.0001,7.112503812149208e-06,0.11572081024706535,8760.0,0.20866672617218962,3.0684687648632986e-06,0.027627585929624714,0.015507050667668575,0.019159057032698913,0.00013847571385659975,6.0,0.12508620825565675,0.15736134887884046,0.002456530895716231,0.01142483212744368,0.04126483910982281,0.1295858156070223,0.3983790360382054,0.01928010901058273,0.11766627891187387,0.3128476811885207,0.2,0.2685962798891017,1.8839222279649614,0.03671622636707423,0.09962544866875678,0.31134647623757483,1.835714900846459,3.3511619620806554,2.0,0.38719456000228325,10.796782775113671,9.933459440225292e-05,35.691177901894335,0.038034209890165815,2.4294661476483315,0.0009774994129526718,46.324654874405454,8239861.80059573,5.151395703718521,0.31810237376052464,0.06177182006894552,0.025287979729586352,0.08327307498558426,23.63020203001125,104.71679263811498,206.30933039862515,494.4447968209601,62.09173417047774,0.05848286310969372,0.09898334483432433,0.4488428492852798,0.6213901407378195,1.0043299131104126,30019023.059900474,18724327.01113952,79106771.73816688,215040805.2140091,456765809.2404413,38.49864004232444
0.09340391092317746,0.06731136892243754,0.025389013168482105,150.0,0.0013429050545105382,0.4150759156620911,0.6279056331587091,0.009700199876928665,0.06495977345244582,0.25,0.5217009524541124,0.8871447612813788,0.9417845143229497,3.575724270068265e-07,0.031011232734670408,3.1951203667773544e-06,0.02781623064691128,0.0001,1.448551109251343e-06,0.06773058990627959,8760.0,0.28027544651449776,4.129781477714695e-06,0.027547729315468204,0.017022990729817035,0.03307114788178096,4.050127193994626e-05,6.0,0.14442306547006617,0.1020988571494899,0.00010601005361031322,0.011728465710756199,0.035606233549747596,0.15800995938035595,0.44103361987140427,0.03801335268414385,0.1439018937256062,0.38108142843819526,0.2,0.23618768868395984,1.9525794048227483,0.06089385097156681,0.1453673748713334,0.35598905035712597,1.6683666197693254,4.164268408102741,2.0,0.2909744356897396,4.598500321126253,0.00021279170718770566,23.043345556699578,0.0604193180806277,2.3851920930311787,0.0006502197355834161,67.32677289674606,12508313.553553533,5.194731719894282,0.191136986365116,0.06803628532880694,0.016362828553297428,0.16623630817603233,16.994810810401823,135.60508216496135,126.26970481466017,529.8105986687924,109.35769999346111,0.0660692460210409,0.16332226467338484,0.2880447017260013,0.402749352804698,0.9840739587425248,12632670.711918477,7171610.113610771,27937744.629866365,147534970.98460522,246161011.84987321,17.891687974325375
0.08267202102716689,0.04228168734796942,0.08092582609805087,150.0,0.000976846288695903,0.13674172657148626,0.26809127640467123,0.008869120802317448,0.10608278606289835,0.25,0.5708732950413036,0.843155614185423,0.9570886970524434,8.231638792672419e-07,0.031591592948700904,2.900425022470276e-06,0.07279852070170247,0.0001,5.877450231003394e-07,0.11679861225876624,8760.0,0.43643055589642377,5.633960768339775e-07,0.02460715122616027,0.00796031331780924,0.013730612644575892,0.00013607654078695003,6.0,0.17345620311570814,0.09725874254774163,0.0015138902552291177,0.009944824134986891,0.07263821132430538,0.17898356269639992,0.4891727157608434,0.02705667942157087,0.19384916583195144,0.283595513001351,0.2,0.1419855124417493,2.2918852245059567,0.04616684450602705,0.15160283069073738,0.3107116876345983,1.5438357104345677,3.508639687462553,2.0,0.4678631428682609,5.320271434453797,0.0003319676695549674,23.93681118334166,0.04058381730130385,2.409193975478696,0.00016436020840418134,56.29843839469276,7653043.569430986,4.170404029609524,0.591679827790801,0.030757768549940816,0.007450141426596977,0.10208803592870515,10.484022292647099,170.23419096353723,164.45119016937252,363.6491166272591,51.35497897864664,0.06224902120388158,0.1758875836094953,0.3310688610458816,0.46799274563215154,1.0277592718789408,16501377.399851704,11509737.23339116,39489710.504871674,68782266.07602,252613557.53317747,21.49930265282854
0.10667228938584516,0.20180499978035926,0.06185056294369057,150.0,0.0001949220361146471,0.24171139667833805,0.6390772801500427,0.00865545888059009,0.021960882967004387,0.25,0.5172620752299812,0.8725177801134194,0.9261495038134623,2.450349670069758e-06,0.05165715359864706,2.1436165349934398e-06,0.04253974361356225,0.0001,2.2224057539069386e-06,0.10840658230034828,8760.0,0.31021926605097805,1.9607884574688733e-06,0.028255275241657968,0.008377763936272393,0.030591392123568074,4.981989309533815e-05,6.0,0.1684960571049518,0.11343859994493637,0.002594291118314735,0.01567938529140697,0.04194784134537184,0.2144884449934538,0.43262720605244487,0.01958570049585174,0.16019750039580066,0.17647908148249536,0.2,0.30377528833185374,2.672069744486771,0.06513108595369554,0.14187323060925633,0.3314194505787267,1.7092792601741906,3.633953522606369,2.0,0.45844730323056426,7.754161602455863,0.00015631642836469944,68.59564359968977,0.04334247244535654,1.9494625165811534,0.0004108066868575506,47.45231156449027,10047370.255206319,4.276180746555625,0.4404140123834333,0.06682307862507107,0.010548215338867437,0.11251611992678616,19.56988340264978,108.0474954769486,157.79403217941962,436.21994333733903,36.372179081468886,0.10238351453088679,0.11435098916043303,0.33243173421663025,0.5108578255684726,1.081751916507129,23578247.59955847,15047264.995237615,61150015.174858846,174946380.59049487,320021577.3946526,31.225117128300038
0.0578174644367607,0.12392212820742049,0.07034744832929062,150.0,5.172140729112883e-05,0.19416276256535475,0.18488658291294804,0.005178517854488271,0.009032228405577884,0.25,0.5923452303899904,0.8852630558413678,0.936869207789498,6.735369723919358e-07,0.0541257056745319,1.2561841833305744e-06,0.09320115918663548,0.0001,5.62273542678636e-06,0.10178561677497289,8760.0,0.3255914610936025,5.965384067204514e-06,0.021882356362690335,0.011127304150162212,0.02335917171061888,5.122790497431851e-05,6.0,0.09117676645054763,0.11538555541610884,0.001961828382341825,0.008453298376628303,0.029293281060871246,0.13870874333426536,0.5348029306160089,0.02416517447476012,0.1666654854179823,0.3964673274845413,0.2,0.17250971751551014,1.8861287336806467,0.03429026221415049,0.15933168737223782,0.32762655974542265,1.6773745102789126,4.423976594274837,2.0,0.45789172077743756,3.9359362702699365,0.0002019353632571747,33.52468295307244,0.04064519887643297,1.9576394332983242,0.0005360044988647184,29.87696011391835,8560156.251195446,4.9232590202792315,0.4235070786399908,0.05169283932604185,0.006702642336296097,0.10089965360145306,13.568204130342071,57.50165194974535,116.1331250287412,354.26283132667595,65.23744227866007,0.05393565988347279,0.11635967384342429,0.369041754445071,0.6578570455242734,0.9583971070272134,18509600.723273337,12329539.932736102,53269711.26242121,124108856.61135449,201860658.55723643,21.760081288865617
0.06761194404842918,0.18103063700642263,0.01952578061585332,150.0,0.0011665765916500687,0.3615989311450928,0.13670154329412149,0.009113870321181725,0.008048085178463544,0.25,0.6468454355243003,0.8690917704616206,0.9485863702957397,1.070195850524994e-06,0.06678355843199606,4.857963679512344e-06,0.058958217212159006,0.0001,9.282229179835336e-07,0.13065166392800776,8760.0,0.2832281787223163,1.0393666655636175e-06,0.03075587249020686,0.016129982960912954,0.03290297511168773,0.0003880414941434653,6.0,0.09272536198229811,0.09775705921374608,0.0023265200484497727,0.013568664864380988,0.04731861449606403,0.10903337512007694,0.5080541178661879,0.03515864929003569,0.17136219636128155,0.34639909243167316,0.2,0.19846106217824855,1.8465118143582329,0.06460134294673152,0.11605616474486424,0.35811987926986877,2.0932363443139357,3.9029413336542573,2.0,0.3410854631601278,9.399433035596198,5.9253812820388656e-05,56.77297523510021,0.0701744948452227,2.1510179083661645,0.0008517959251494094,69.79585947747873,10779874.241779445,5.240978970146013,0.35899395908509635,0.08199887064188613,0.008601557493507663,0.081980908341177,21.5068614489539,62.32193736725041,181.9637028409767,426.8578002888353,94.77302272997197,0.05627470235827328,0.11034483666171294,0.2662286305031508,0.49288484640323493,1.043853533999667,20120205.109185413,12775975.718536166,51342261.87648856,165619588.5860128,292653892.8770942,26.715850499200503
0.059869204072265536,0.11409919729010298,0.15017246353085975,150.0,0.00010108801491664854,0.2782948705532544,0.4141208693661981,0.005416284409041406,0.020472196420127573,0.25,0.47635578275284984,0.8604825461728766,0.9435385811386979,2.887570635738996e-06,0.07150490735521096,3.089566153707179e-06,0.0616313572326371,0.0001,1.5264641169146465e-06,0.08086727904990676,8760.0,0.23954980968265396,6.987198101596967e-06,0.027195101010063904,0.014743782026215914,0.03833335918787064,5.5078201699753704e-05,6.0,0.10033225943193119,0.11273345897041308,0.0021048593057523667,0.0070893012849740245,0.02871585144749406,0.12393939567575046,0.4433385800792991,0.023139131405733232,0.19016015100944206,0.36700964028648675,0.2,0.1149455177502054,2.308349644025161,0.06329590677981985,0.11901327240936371,0.3869942589716356,1.788116674571314,3.7621232436918657,2.0,0.3364269901709896,8.368857189516127,0.00040698953709861294,42.659528820005534,0.044589153877726995,1.5685081392490514,0.00012219257950428687,58.14907922415826,9257738.564159602,4.748860289662271,0.27079688041235944,0.08078032684808766,0.01104840593985653,0.1508632739569561,20.569138192599887,75.93900646929134,172.09770166803673,384.58931970337653,40.94840528103854,0.08069736685781984,0.20612411907111952,0.5511071803479406,0.3959478003581882,1.0382515594585748,15098365.155207958,10901733.856124438,40852811.321285345,63946110.83464697,143728118.7047275,24.70768177252452
0.41322001107182255,0.03215927006256234,0.03774500289323264,150.0,0.0032072992569390666,0.266534765857278,0.09324801296493719,0.014748458702636344,0.07187012172325231,0.25,0.5481508661340412,0.8310132649144208,0.9579871972854299,1.4447014585897728e-06,0.06266795983261307,1.4433994539432026e-06,0.03438133399786081,0.0001,1.1742447753330026e-06,0.09614969650769384,8760.0,0.3576532862058017,4.378295859099918e-06,0.026169306308695798,0.00944212441379073,0.0220725543121833,2.7547357711404747e-05,6.0,0.08976780906688686,0.123182432917411,0.00548480324626719,0.007019337529144108,0.027505444741823995,0.15497266927994185,0.4703240903424536,0.015944239324741018,0.14192084948840522,0.28256655144685805,0.2,0.30298346688768074,2.094858740604299,0.0959585279906333,0.12764107961786486,0.3082995553046838,1.6624548016715948,3.3375487334304017,2.0,0.4283474638854263,7.229846736559349,0.00017497886898035981,49.490941322801234,0.0686482207328728,2.5075791080346552,0.00048608654589616735,44.70975960228632,12039035.79014867,5.971482819587949,0.14471635938932023,0.0642396435125436,0.005691833458190238,0.172507734604145,15.884490042879436,74.05548325530977,185.22338763225395,377.0801970244713,55.47326471574807,0.06887630926361829,0.12014487224574374,0.35945390204718985,0.6164005676722301,0.9852688104503999,27902921.145716395,18580870.75970069,74644965.927245,184620680.95731783,351957955.56215703,33.783470727571206
0.13454214093181238,0.3029027872111152,0.03373613886624098,150.0,4.299725468350554e-05,0.23894579720308745,0.4670718812854429,0.018836962179997117,0.1146126544628733,0.25,0.6376302558308863,0.8842429409943199,0.9512720734551944,1.9496772086969837e-06,0.047475704215875256,5.274285181280103e-06,0.04076320397918203,0.0001,2.3389831729334213e-06,0.08571904135688715,8760.0,0.2619611710767966,3.0058126453489e-06,0.04089367798646121,0.019213065348434928,0.033750868938356535,6.715099216745957e-05,6.0,0.1493646454585434,0.16967342874194863,0.0010275479900061332,0.017775888966169752,0.06598385165312656,0.1001903690407706,0.4803382526809,0.023711124335151428,0.15484845563232436,0.26907523685769236,0.2,0.23471561922097822,2.080946608323587,0.052665920906083546,0.12561864072306106,0.3725343839213725,1.7640993438432315,4.590403477622337,2.0,0.45678149489393566,5.068862528296419,0.00020095035292904222,49.78928606449449,0.02128854139229451,2.7199344142881925,0.0014809370264666462,64.39657024795176,7292766.186766757,5.4352676108364415,0.2982137423776745,0.03169896228921483,0.008414042405616466,0.10227503394170709,17.25194540441001,82.92734625839769,211.4879260205904,438.26241612135846,71.18174277845033,0.06272678054583566,0.14324484303354845,0.48639806953903514,0.6429669648758607,0.9136602197071747,25101412.470167678,13215776.421848698,65977545.172962315,259842042.77087697,472504644.93217146,35.250512136242904
0.053505147237881315,0.057289559094998936,0.19137193773762304,150.0,0.002594365672410826,0.4537041642413083,0.8323135756600847,0.0026900727820422157,0.03790449181236521,0.25,0.5308863605417405,0.8117568313004069,0.9530048004576457,1.148547736024247e-06,0.06339381941425049,1.2750116194621647e-06,0.04841355636481221,0.0001,3.59288310109409e-06,0.12520264575603984,8760.0,0.4713142725568835,8.854618276016183e-07,0.023186538364177663,0.012378408184735491,0.020442485112587692,1.4562319448366877e-05,6.0,0.15717185900824776,0.07902697972228481,0.0021614315318328214,0.008650297576949791,0.04975015992473294,0.13303622401693277,0.5331854526468922,0.026061250667812154,0.10182935032845446,0.2653206530145843,0.2,0.18855744178935618,1.9929973647276715,0.040586936166864374,0.2376649248090038,0.364393555793246,1.3669229122340254,3.576972905601112,2.0,0.426808735891292,7.697672885601706,7.246762232923518e-05,51.97625576590155,0.06996018444004624,2.6875442143581676,0.0002655224104157402,63.383772885128764,9438267.560262047,5.165532095645946,0.6788233678464666,0.04280491832469908,0.008057909514801157,0.18702175365771395,11.901186462812557,114.33755739778051,164.58685874697682,455.83812733141883,59.35786028871018,0.07871542188081913,0.09402134848449359,0.4542194002163308,0.33502596786694033,0.9502695778476833,16400587.104317319,11170394.410337195,40287966.83515353,126756225.3448589,176904921.39786714,34.35197528245217
0.14318639064361963,0.06556298034524204,0.0540614276643917,150.0,0.0008622322636015139,0.3245683887429128,0.34951283782420545,0.0071763818631997356,0.013282977072059336,0.25,0.5871026416037507,0.7719439068274575,0.9539376853980421,3.236777841901077e-06,0.08252520860733321,7.240544301411133e-07,0.07050459783484382,0.0001,4.114311809507721e-06,0.0675525471791713,8760.0,0.33636194593769925,8.04763789649486e-06,0.02395798358682826,0.009388398426245155,0.01919011316021793,6.0602600954086367e-05,6.0,0.11655658819369809,0.18758306414993958,0.0017822358991626654,0.009468590226897208,0.041180622797860306,0.1273870591085141,0.6363175505516918,0.03281487390616972,0.18300614693050288,0.4053907574093064,0.2,0.19582028448058275,2.16859004471302,0.06372887575923064,0.09445460051468652,0.41215167050744894,1.3262919660646522,3.8679873185876295,2.0,0.42214511311843794,9.736735191216432,0.00010116536570190868,29.146925377465905,0.043654280671689125,1.2048405986152777,0.0003072896848622982,40.99267101926107,4938869.001217052,5.011834492900167,0.4359878882442182,0.07545125078160148,0.020687934711320324,0.14292050194243072,18.723892400987495,96.56058342131905,98.95898502729918,389.93388087791635,98.6559168015643,0.09151745288463739,0.18639409563373294,0.3536644610614993,0.6877031445459385,1.0737676021422655,25768554.639928833,17228346.758965813,64918485.02000598,138086296.26322648,338608652.3411561,25.876903088507788
0.048479928284729946,0.12283083795569989,0.08354008255712919,150.0,0.0010845090823310179,0.14751172997043088,1.3850936714761943,0.0066895973809371215,0.0828463558683832,0.25,0.718742277646109,0.7544113113834948,0.9283226162305052,2.830395588282631e-06,0.07443196893124071,2.663236353285299e-06,0.04825120267891293,0.0001,9.373557582172696e-07,0.08881241489146408,8760.0,0.3239940553807339,3.4993057312351688e-06,0.02265962841156578,0.007591069918204352,0.045395505082062235,0.00010733805375215959,6.0,0.10007214944981033,0.13539433664431227,0.0075291148016044425,0.006704147404143315,0.0398027430606826,0.09364488283836381,0.528649595294248,0.022120285032867663,0.09053232870081203,0.22761631687727568,0.2,0.25387710785026685,2.235079061055715,0.07048923824371127,0.08524328921776189,0.3525243050013256,1.9657725034628157,3.9662698479322,2.0,0.403479015009722,6.772714070128957,0.00019764501593345698,25.804429320440065,0.08532743465603763,2.1087552813790964,0.00027504650645058653,49.132573711703486,11598259.521304365,4.809185057621357,0.24462923657752753,0.0695231236572485,0.018116240051608536,0.16527342900112657,26.869432205114034,146.36334587010498,152.1248031042912,410.11798078642187,58.94670282064769,0.09008208220491631,0.15687662215718434,0.4982422509505635,0.4597888752296606,1.0038697654694513,13920533.844847009,9659403.574003495,35748519.974871285,76891951.83705899,172151341.49844328,20.148693612171332
0.04058254084577424,0.06612605457061056,0.0323822972611525,150.0,0.001627597570785328,0.3101707471204141,0.47614981828730285,0.0052026221898709936,0.0523393437897884,0.25,0.5951735450369969,0.7878578227637109,0.9596178944843824,2.991714006764004e-06,0.035095291041257116,7.261095843985284e-06,0.038682854494048874,0.0001,7.454567028631018e-07,0.12318965386569038,8760.0,0.288495803131663,6.716192581887445e-06,0.02985533170613323,0.009156905378984989,0.03846319444713166,0.00010443945025634619,6.0,0.10782449589469302,0.056721572801719945,0.0008150827182095571,0.017997889336807606,0.02490336384774662,0.13122162199526963,0.5026922040119111,0.03930540784820135,0.11318329806811137,0.4121787248123624,0.2,0.22436420076594987,1.9700660783394444,0.025119113016047117,0.18265512009970908,0.31076497391166474,1.5543663233707972,4.185121686047777,2.0,0.3994645016388282,13.009909562348337,0.00010359180151172441,29.382692420431844,0.08772909698026643,2.1584608542913033,0.0004937994913162354,38.497206840034096,5168224.81287589,4.7410727961989165,0.4108478175375225,0.037761963321901126,0.005626371262681649,0.0693314408892716,16.127020351030346,91.8933766075452,207.43826424778683,535.1824181387603,57.582697492557756,0.1011880673867201,0.11335950645383579,0.3782453965471859,0.5144220363933945,1.0275005229807035,20234490.125643443,11168149.986074312,53409004.538455024,149307883.00013807,419396197.9313649,28.595611144318653
0.08877285334711861,0.04929079010232502,0.05850035891963327,150.0,0.0026668474055420496,0.24120268412725385,0.24463632121294404,0.015789260466994484,0.02154134525354671,0.25,0.47202856533954357,0.8276408717164863,0.9343656503343725,2.5587761665438046e-06,0.045435362295793494,4.366361887702688e-06,0.06299154511674271,0.0001,1.1103436912008204e-05,0.09774785346282278,8760.0,0.4117253298466178,6.947710889848912e-07,0.030452863128523154,0.01004381687611133,0.02320572652968731,7.344686062882255e-05,6.0,0.13038086591303216,0.07674417636848832,0.0019165014668270084,0.009981888100158338,0.07717731768104802,0.14056697797230433,0.6915306555191499,0.02154811832558166,0.13985466116545292,0.31760600868439065,0.2,0.1371895943356927,2.2531313591650948,0.04273583890652316,0.0675864723443768,0.4281713004403601,1.4447026771309535,3.3142525980093653,2.0,0.44094467164214274,6.156022175365208,0.00019091627225137594,45.61703657541066,0.06600434142100192,3.0441154379663975,0.0007320767073877184,65.06701137918661,8139560.834040188,4.390105309083413,0.8538487569199452,0.030540274033290023,0.01935026522795955,0.11714109674863199,22.02999578054237,119.5465260818355,208.98968962646916,380.08442360715696,49.57731798738729,0.07340006412051531,0.09256925259565041,0.44922542541199467,0.5526989951272545,0.9261524214467953,25187378.26162689,16207889.804151101,66908922.8344715,190095497.5939938,322333677.0815116,35.057241381582614
0.12316887967700689,0.10350824243795616,0.11351913377101684,150.0,0.003231203645310566,0.2741620588518549,0.48372336130569826,0.0017899646125681319,0.038723993860626575,0.25,0.53927713843294,0.7869131031824413,0.9551404343039257,1.0923143718470777e-06,0.059897174488349525,5.423064657995472e-06,0.07103680222773022,0.0001,4.088025264185771e-06,0.09641878874776753,8760.0,0.3072131229033118,3.5205947931750036e-06,0.03468144564813798,0.010514919900429067,0.046875418025893185,3.414671460103142e-05,6.0,0.14046830107480823,0.1329909736096262,0.006615572802495416,0.012140015947282912,0.053401130507007066,0.0878188317265399,0.48714569227943566,0.017806600501809437,0.21993963268446615,0.30052120010345984,0.2,0.31060661684555735,1.8778313264869237,0.09154418231178685,0.14691873804850736,0.2655718178270532,1.9529108071717947,3.378781766166735,2.0,0.3894051187781019,5.195241092636585,0.0001499067592488144,53.85441592476928,0.06708142560691575,2.544556823064483,0.0006431221672433841,64.9657657421142,6485741.489357423,5.597112449297142,0.2559845868988567,0.07892184999119436,0.011131890501723673,0.11571069973174265,13.710263490038233,74.7780006308652,214.3456987200691,545.4346368059148,70.05873033061982,0.06026379399993938,0.08155251631750475,0.557145223206714,0.6649084353064234,1.0492521243475847,29897125.462022386,18605612.08434665,78329302.28614423,237533783.9257591,466345622.9794343,29.699473508503164
0.03816982798243839,0.05634730320992527,0.037862801791199906,150.0,0.0012018427341797698,0.2317474177581339,0.8066156344573494,0.004907365503062493,0.13205121254046445,0.25,0.4393200848586052,0.7947184996042379,0.9544385994557602,1.6735886997451926e-06,0.04848863300403681,2.1025399051363405e-06,0.07354916207022459,0.0001,1.7355831822131166e-06,0.12182168795122136,8760.0,0.11134195841163003,4.970031244302134e-06,0.029330998023411013,0.017665978642067797,0.022284982145703403,1.4819848033841324e-05,6.0,0.13336229373754327,0.11419936783891872,0.002681775152518397,0.01515471449268203,0.04854637478142314,0.20250721108186742,0.33635250321796945,0.031690742195676205,0.21576521817679578,0.33745288520779443,0.2,0.27086169789204684,2.1136290148730836,0.04184684042533862,0.0983856523419463,0.3733415002995101,1.7831697554013277,3.9287660797739004,2.0,0.31330166227249834,8.432744870940748,0.00020428579006994467,65.73887246422478,0.032324725977118704,3.311836861657709,0.0007377277919114615,81.2510063032006,9827105.407354543,5.550896329222897,0.5053548427923239,0.07409451422416231,0.019170904179223142,0.06044962140526062,22.333599165173204,93.9245417580731,225.9464294726827,467.5925147115338,73.81427649721984,0.0572146441614475,0.06932824535833156,0.5686563259961694,0.5482431912149457,0.9768492779840973,24014677.961654518,11701052.31293222,71128045.27694614,278900172.2137797,426205763.7724217,33.31344938138239
0.3305515731991989,0.10815477887670791,0.06922043260376451,150.0,0.00035542695453579415,0.39816418309148127,0.15756051145416394,0.02622445911724336,0.0493300605124071,0.25,0.5862285221351605,0.8940457265723953,0.9615229986648645,1.197204081626144e-06,0.0814568761826574,1.1550306781879111e-06,0.07435592418456154,0.0001,1.9053490409828295e-06,0.07665951896640039,8760.0,0.16098887918741106,1.3736347548943183e-06,0.03278519772659105,0.01927730439425789,0.022136718621649815,4.350908969053065e-05,6.0,0.1085822522179076,0.10578348468544556,0.002045747447482968,0.015445176690335485,0.044324716617276744,0.16886723070463092,0.6009694014487575,0.028842050428980255,0.13698722644648786,0.2906632946789097,0.2,0.254414260058378,2.07402237020763,0.07547812988952014,0.1618975154663586,0.38360755985935313,2.0699138687415064,4.361441481601785,2.0,0.3989110093211768,7.931603382188266,9.41476181024582e-05,13.789986533415407,0.03175723329679706,2.0799077409856386,0.00024016308975735278,54.637719536980995,8087856.23760969,4.183835413976638,0.40638362775271725,0.048669912410146926,0.02159549125420057,0.06716200454571226,12.180170094174574,66.26983486675235,153.21258998704636,393.58896891394943,104.1801994087027,0.07662113935568268,0.12576206854924338,0.3099975396527025,0.7196179282775569,1.0311159181490461,31023987.697602943,18894651.392366506,83099584.64055143,276457050.7123557,583037712.7027874,29.484830867953537
0.05501827853179704,0.025835884714647223,0.03889700913241995,150.0,0.00010880160084599236,0.4750767383029322,0.6629173513555299,0.00997851713951159,0.04516767335085391,0.25,0.5639171527137194,0.8100162514319329,0.9552585544488318,1.2857807806216608e-06,0.06369119169518613,3.4868427618711863e-06,0.07215821902828257,0.0001,8.007911828185715e-07,0.10783362261864568,8760.0,0.16774185066518796,2.3886093270127554e-06,0.0190935673765397,0.01624844084555993,0.025890851409921083,4.797947618718535e-05,6.0,0.10633684817029555,0.0923652888668802,0.0011676865598123972,0.014066310492552307,0.037254156435362465,0.14345526062656208,0.42557831143331465,0.03707659532024048,0.2014998919083917,0.19580642099188317,0.2,0.2465430928625145,2.11771479580225,0.05850525269698069,0.15319280094282312,0.3618418982033259,2.0596783419694358,4.259215448838453,2.0,0.28360499200285305,7.046512521130803,0.00015542059679830942,35.00774631520715,0.054351678857686256,3.163831814874376,0.0018536198282060412,77.2066253319733,7577771.346775934,4.4039473403381155,0.45345327183067585,0.06027045212356903,0.003986456138203964,0.09623214389980501,10.801662843888462,84.32637774386919,141.8831524953528,412.9548054797142,39.6120668281376,0.06227827476313977,0.19342044676805617,0.5402187864154859,0.6075443871449748,0.8802921361189141,24943706.96996404,9883284.897098724,95970445.14468083,263161079.97079644,500954509.3284426,47.71703012926284
0.14476760776970946,0.09919664892161942,0.018957587893904143,150.0,0.001614391222306531,0.43874941746068175,0.39415219787720224,0.01180725572005509,0.021735502258531277,0.25,0.6102648885319778,0.8969314273945985,0.9649919651544729,6.821291702082756e-07,0.06688704890230546,5.027621609065972e-06,0.06280659233237454,0.0001,7.449491363422647e-06,0.101265413841505,8760.0,0.3458876007950063,1.4906677940656144e-06,0.01935190060207381,0.011617561564418894,0.02280198369310727,8.046856891867632e-05,6.0,0.14222601492691278,0.10518507169255943,0.0017149738861622279,0.013314258970192613,0.02726460481469104,0.10648740251069934,0.5135820809595999,0.04638316068823605,0.12002561482410332,0.32533366686497023,0.2,0.32224025888360336,2.10309349283377,0.04817844989752424,0.10487870796035631,0.32084423925398864,1.8453945396469176,3.2638269461423706,2.0,0.38281332891460507,6.5234805155124445,0.000116008098236892,40.43711966228723,0.0637823059189236,1.961342033362044,0.0008062651489890909,38.13318013773562,11652930.165542152,3.690850577121136,0.3722737131654215,0.05649126399342634,0.004462900871566223,0.17733742278125153,11.955173152656187,61.11845046510245,179.9546614290793,337.7876028777344,55.03407597555558,0.05266726818801064,0.19427803565320143,0.4048197160649011,0.35190008610780665,0.9246260402217555,13927412.80513659,9180559.784589697,36099176.64410413,116007760.29539165,186609322.06708616,28.43133611078934
0.095264810371056,0.057762032067416105,0.0794626972380463,150.0,0.0030264805489840577,0.3933624975992639,0.19791275290974203,0.018125462576755784,0.1415771521394142,0.25,0.6347346149589599,0.817948052908573,0.9382534527568965,1.100130330374849e-06,0.05633897041418982,1.1273889195574668e-06,0.062477351894136446,0.0001,5.812419606606197e-06,0.08745894748029204,8760.0,0.37001300322148234,6.147003547035567e-06,0.030046421558054218,0.016256488615535202,0.030915770465615576,0.00010977785241687022,6.0,0.12778873108503994,0.1257839302494555,0.00276305595303012,0.009342232734275712,0.04659949207255269,0.18307221790444123,0.5590287535344787,0.015677836118896563,0.2289659034675418,0.31128567156557296,0.2,0.325438000107431,2.2509825539406902,0.07811758270804588,0.14172859368750548,0.36257681378126294,1.9136174137419717,4.031872480638287,2.0,0.3208330641829788,9.01353042645671,0.00019579337656898518,40.77067461965581,0.04089552078589091,2.9368154810228484,0.0003954260996279377,59.14036236874659,8421014.602037324,4.771372087643396,0.4606458868016876,0.057852804513417844,0.015454166016073221,0.07088411352731838,11.747864672206259,115.34594932088636,209.96322133105468,390.6345443094583,60.637338282816685,0.03954253477196972,0.07726533938624569,0.5801323125215594,0.46659321446786284,1.0550094333852995,20955899.33740476,12432101.718658611,50594720.51313471,233440369.46146902,379804186.35547924,27.335304234360798
0.12253251636060182,0.15094422395369977,0.05113218623350632,150.0,0.002653833271604241,0.46800334032485125,0.6375455457159378,0.005889356437351588,0.042305891543603306,0.25,0.6458737422251819,0.8318169171578871,0.978828922211538,3.49351166979612e-06,0.07134811637379185,2.3098933883476772e-06,0.048128863615848214,0.0001,3.5566549347707097e-06,0.11834521458308896,8760.0,0.31529068188627396,1.7103125388445858e-06,0.02378833619341241,0.01853002504592679,0.024682230141504977,8.785275808171604e-05,6.0,0.16135405151055154,0.16549458443733372,0.005348198732256355,0.015189168526151792,0.04172022771576192,0.09052078054289744,0.38360863050159405,0.04508422778858127,0.16295764102131405,0.3417441505000275,0.2,0.18393695928735962,2.248497416466,0.05165355463447492,0.10694488133449669,0.4301539665297932,1.4943272538075396,3.4518239724185262,2.0,0.3907685515889838,10.852338445512089,0.00011387872383277864,41.84911812256768,0.07080667211934143,1.4286675196787986,0.0004314289135303889,42.62783852476281,7948813.216460099,3.551595518976895,0.9284203937846902,0.04368632675275412,0.004157099503599747,0.10815264236135842,20.380174143162684,144.4764227758689,142.7515863990327,424.1996532686155,67.710694289549,0.03734298757155717,0.13380593960389692,0.4308191428011354,0.38956877400790113,0.906040436040135,20428491.05143569,13785466.949292623,56416371.592407025,140794692.82599965,192837638.6530583,43.015831852290134
0.06660591090898631,0.06322057432829524,0.04076693714109051,150.0,0.002278134035504169,0.33529951759986343,1.0637099672696948,0.014073117306229468,0.016641196270327237,0.25,0.7126435399976461,0.783850459098264,0.9286087635893756,2.404677916662242e-06,0.050245403617359054,3.2619848464674747e-06,0.057774994094660956,0.0001,4.946834732430643e-06,0.10700647720308837,8760.0,0.3163304970829265,3.3001075352334667e-06,0.02789761369811655,0.01331728461175117,0.03170772209297422,3.247626109380316e-05,6.0,0.11128239400784354,0.09242688954296294,0.004551587765549528,0.016148942538928106,0.05514449065939167,0.1130012242775758,0.5062252850872834,0.03903697425890675,0.19032572032012413,0.34428712117703314,0.2,0.2626783649829186,2.0393504949672265,0.07171557979885274,0.11064076645546933,0.22753665266401601,1.6454870802490826,3.320337371911508,2.0,0.330668439520367,9.812331069261504,8.23504836716202e-05,35.3598770865911,0.052104145345384933,2.296557805356404,0.0018387997660815833,51.51738130130397,9171246.360682575,4.768718907026918,0.7388671672683537,0.0673417104430607,0.03324563180855669,0.10741686055008712,16.67849095740333,115.82665017470873,168.16524683952477,447.00599189970785,51.2103537596724,0.05946237020282105,0.1446048971353253,0.6521018349921429,0.3166250802756986,1.0403315406719125,18352004.810928855,11084518.16421015,56234700.37682235,123833535.06353238,215232526.8225298,44.42197060695509
0.08929001730756055,0.07918896196608688,0.04341755614038785,150.0,0.005779913250327951,0.28779021119655235,0.8984730227378633,0.017686570904220243,0.07336628863840478,0.25,0.505086313322714,0.8132521168523855,0.9505957068297247,2.3112640411266692e-06,0.043102891898211426,2.253685164365477e-06,0.059937662514639334,0.0001,6.838161704400984e-06,0.10049249961290765,8760.0,0.19445620989292883,7.802944508915604e-06,0.028604801358949963,0.008499309408063826,0.029853650630563895,1.7402125812940436e-05,6.0,0.06345870392505626,0.13516737482086094,0.0007254944443630372,0.010226442935684716,0.05176604970774411,0.15546596243168623,0.3291241195259879,0.040149499905178326,0.13690064494199747,0.19038218092936565,0.2,0.23197525068148023,2.173221700887135,0.08623985239082285,0.17093715269013277,0.3368694342094736,1.3955526341370916,3.642114692544971,2.0,0.27287320258915726,8.79798604994603,0.00014932949653225492,32.21422780592789,0.052998266001663255,2.6704677932748346,0.0007831053631579433,50.205447834403806,12182529.687947322,3.8490504177405285,0.2722840022335888,0.0584953270458,0.009174182912245707,0.11093535876391217,11.74342225260756,121.50848933555528,106.98781133847369,329.7777877064613,105.93143914207137,0.05583855283262153,0.1572635067454764,0.38963438492179936,0.5341803081610703,0.929286153199561,23709122.42486982,12417960.468416091,67503396.46448348,223157736.82647583,524240831.964012,33.88889042997596
0.06288263463573164,0.08240595506239472,0.03367688057727853,150.0,0.00012915269597027184,0.22931969591605686,0.22382172099621236,0.013793420134301104,0.0874671566083114,0.25,0.6593774414393561,0.8634017222766052,0.9402125729042028,5.7080842357764515e-06,0.03133711530253375,3.644088454690759e-06,0.04321563865960011,0.0001,5.389124042456235e-06,0.10461907173235346,8760.0,0.3469837301019668,2.8156059254977013e-06,0.02217973790953767,0.012243956181685918,0.024444378061472018,4.312396857988565e-05,6.0,0.1058840544953439,0.1554602402689824,0.00027882734623314436,0.008349859578553656,0.044139567798819695,0.09266208062099028,0.3969676328930828,0.020876744058761505,0.1471416463800514,0.36292226333350364,0.2,0.24876703854143284,2.5762835096367382,0.057848497233717946,0.08256158478809297,0.2146513187018769,1.9956505608759572,3.839196993345659,2.0,0.2781585186038077,5.7915701307645255,0.000110294581287687,23.572248019553868,0.07831950958039166,2.6673878706147347,0.000573122142561543,38.42171089300581,12745167.69696133,5.087786947199678,0.5797388042604344,0.02706816579770341,0.004658455718459999,0.06497785443917756,15.551643364694396,153.09107964535372,208.7836215740381,362.833865625633,100.2614320821052,0.08619580541470456,0.22015411388120465,0.46724131978077443,0.5999351407109677,1.0526008735203154,18022193.74585459,12541699.99394561,43877200.9778138,105053319.11792405,238756116.36679396,19.166964661731722
0.09866826879825694,0.024749413380977425,0.17777889152554924,150.0,0.002463381685381026,0.4182075545325523,0.45939424465395545,0.008509071743866826,0.04362385223590166,0.25,0.5945567149744974,0.820806084070094,0.9515109996891813,1.7049584412500387e-06,0.052408508520355654,1.4043670625694723e-06,0.07677145703382283,0.0001,1.9743532922766423e-06,0.12143190321048165,8760.0,0.3793777937701813,2.1942127880964354e-06,0.02385353501787533,0.015137603042831536,0.015244429849457437,4.5492447016153386e-05,6.0,0.1543328479817216,0.07728454932461609,0.009751203465101138,0.009246240854022082,0.06860482325103891,0.07627740773526202,0.6648423959187659,0.027088933185624546,0.1778864366599014,0.2851001620110394,0.2,0.28863885131252076,2.0008223550220965,0.03754165953208476,0.11989505433524471,0.38115407763809106,1.569268181192987,4.010819553608726,2.0,0.44045353651420255,8.830007973971597,0.00015307454743794904,54.721448014119105,0.02867925514574605,2.401792231149255,0.0008357725729772168,70.48466973488974,7146497.587690819,3.517931624825478,0.5179698648853116,0.028678084966935472,0.008359194178746697,0.11682892542003838,21.94478431656955,139.93305610130952,211.68943375180373,275.5515576438496,75.05918723222884,0.09633807030480915,0.1733836851193702,0.3235765127541031,0.536142352140031,1.0568879673877287,26606300.99557881,15329176.033249637,72702489.99449418,255726408.39682147,411264370.3852829,37.427324348697354
0.2393354304639017,0.04763378185683795,0.25387679114552847,150.0,0.00032958104552584895,0.18798987288104238,0.38536900685026276,0.023115536341243387,0.06401240673552813,0.25,0.5989035890154797,0.8259008667036889,0.9377430066057398,1.401389533708052e-06,0.050133875527510974,1.2119462566008816e-06,0.043468354615999114,0.0001,7.186045032206492e-06,0.07847158155017492,8760.0,0.33043101913969763,1.0706208888680895e-06,0.03784868667202583,0.011790363864450567,0.034810404176888826,7.275236021969111e-05,6.0,0.10441136268258988,0.1705229194042685,0.0032943316794867214,0.012115551502842464,0.06480204297017636,0.23610910257528842,0.6081638794243972,0.014328489259884416,0.1475943674373514,0.31471023646062424,0.2,0.3159204791563315,2.2318252861463135,0.04447544280836325,0.159744006467506,0.22842594687206141,1.9262039686865506,2.7976018428040845,2.0,0.418637576069323,9.155981035299401,0.00012383514297455373,30.434421115313846,0.04842477363802862,3.0984068766625166,0.0005781341933199921,43.81633095299817,10087389.24456143,4.233815334297306,0.32596139707224847,0.049041530854871146,0.005014469391470127,0.11509915696611014,22.048840749941817,92.04436946271504,240.49119418884072,312.5079042455778,96.61090678139672,0.07014762577040862,0.23231437628574725,0.6378979230901771,0.5572791604884968,0.9648768788042585,32377427.617732495,20722480.58714685,78036259.75840251,245384228.87652645,468721990.3753333,41.63353111495841
0.05407887158242731,0.03891344760921164,0.015670774823564774,150.0,0.0035640400057833457,0.25106760538087114,0.520725219177068,0.010441355073826512,0.03805658754345351,0.25,0.6824337066871284,0.8800577759372464,0.96558145406866,1.860990662872421e-06,0.08554103912002264,3.1657689893833793e-06,0.02718682820905539,0.0001,6.586134401241672e-07,0.09937855464973554,8760.0,0.1533007225266751,6.396509333529762e-06,0.024664777027973265,0.014501509216060741,0.026959697628267547,0.00011244663657351253,6.0,0.16767326397557097,0.15076358891365868,0.00041849688319818524,0.013937587307465672,0.06039199907196442,0.12268739699407512,0.5854862198136885,0.03827719501820365,0.13096955742137806,0.36869785974128466,0.2,0.24606069065650493,2.088667591984038,0.07470596197115696,0.16595153001555735,0.45422771290657415,1.552530448570705,3.490637481579252,2.0,0.43320669198001427,6.366370236357525,0.0001649444865428278,19.601513027859063,0.062355074967081744,2.806236080054151,0.0007098446380746128,39.41426422082452,7767840.634778341,4.880632599908399,0.5778247825607026,0.04490537127903526,0.01211420219047997,0.088342896225638,18.88492159944667,62.58181768599575,118.92033684200955,448.9438399295625,73.03783163158919,0.08523325513235716,0.16096916561252864,0.3976402669819347,0.5528076882567434,0.9207462792364433,19449606.61671909,12403293.70373036,49776353.0390226,131407613.06024985,288352610.87407255,26.507369446193405
0.09433276228894567,0.09547370689331465,0.06937301064344258,150.0,0.004238193113204201,0.1857576507479348,0.19752420588032563,0.013915917792444147,0.04600382704901035,0.25,0.628188555758533,0.8797434213908901,0.9250832086162625,1.310755967117756e-06,0.06055572182714471,2.319322152033131e-06,0.04627792209908044,0.0001,8.280925310476104e-06,0.0923602686612892,8760.0,0.2578322883759854,2.081876172195133e-06,0.02563313858100479,0.018413323637259008,0.023129680759673497,1.6367743218562134e-05,6.0,0.14968120649851874,0.14498877607045696,0.004071686458223966,0.01073473530000993,0.024261348017883787,0.13441459501245273,0.4364226030978027,0.030779675320946664,0.20984277213715352,0.27091975350779207,0.2,0.17776190719590287,2.4127335606602553,0.047752592256988496,0.17222513583058913,0.26899307094993463,1.5885430250596388,3.924387590210633,2.0,0.3216301726157028,6.456231003546208,8.392765682396063e-05,39.33184734921865,0.0621623973589403,2.4697265656893816,0.00034466096045648767,70.97617960674236,11699952.360581193,4.59681869945413,0.24512497236313374,0.06297041346929406,0.01832166682663432,0.09170007392292329,18.56317949961778,76.78992723181904,243.58343450163076,395.6329460015388,111.6758027553776,0.04634884271318119,0.07333038421016976,0.3020388385575314,0.5770571569233984,1.0241074524789833,18192598.46084658,11491735.812888453,43971992.98159853,97377092.86275275,315310705.1452154,19.904892789125956
0.11507546227467169,0.01824545634541042,0.08642514762374785,150.0,0.0017509661728198707,0.3154329230434014,0.3069597951614994,0.0042717356086373484,0.020941092972035356,0.25,0.6131760292540388,0.8376074628822733,0.941114407174836,1.1343154699822598e-06,0.03425449954038152,4.156568146672779e-06,0.0506687911559343,0.0001,2.0116041525458595e-06,0.1020645860220808,8760.0,0.22867242528955628,6.453909734521734e-06,0.02497875504729694,0.02229970059792797,0.03145087987037175,3.13932119192613e-05,6.0,0.06663690664211724,0.09024030749417855,0.0007367209629629397,0.010359816412508575,0.05330587166408536,0.14449284504918714,0.5816475059987067,0.014690914144389906,0.16777841447011127,0.2160194333499405,0.2,0.21596032214273742,1.57655455310829,0.07577472551858223,0.12488586450125268,0.3495101348966178,2.0074593872618465,3.1373984212424384,2.0,0.38035590356686333,5.4987448935997545,0.00010904277701793509,21.02928783438366,0.06337594567148357,2.336934013159262,0.0004714264888632003,50.09468794482399,10995401.510547576,3.986490350267136,0.38179614642267184,0.05758610717696863,0.012228962513368562,0.12062800219253322,28.039918447140398,85.11353014352434,127.75624563379964,357.8460384936392,52.02004674146697,0.04300126641782181,0.15204241852892297,0.38591607720264165,0.36229348060672883,1.0482348456081687,15423084.585167134,9566537.416961685,38983531.90618708,117698130.98978171,227578884.8530739,25.127021951281918
0.06517767362049581,0.05212084146554938,0.031796540747614246,150.0,0.0009950733909697654,0.3586101226882612,0.9136913570487156,0.014473596255108218,0.07064943712140095,0.25,0.4945805591016031,0.8322626124971337,0.935797042510917,2.9066890264511656e-06,0.07409239161418589,2.8032931307897284e-06,0.08645553572833953,0.0001,1.221568468853179e-06,0.10991455693452717,8760.0,0.2901439319363447,1.3517442355154208e-06,0.026263149802785397,0.013591288114579362,0.04502527454740426,4.7314237097066455e-05,6.0,0.09056869857326202,0.10610698482687089,0.022291011989065298,0.007296496302068841,0.04957093509686553,0.07280491666908372,0.5049297578338106,0.0294740868319728,0.11188714316505985,0.1607451822536865,0.2,0.17566861278719062,1.8257757752744292,0.05745061357136258,0.2418914860537716,0.440739477627215,1.3675061040386323,3.0611096225810983,2.0,0.3312220661895944,7.376193829203121,0.00013422239694801946,31.130761414608017,0.046236621800279036,2.925660908937176,0.00030681500119206153,45.33701370267776,5213519.274615318,4.539661140415276,0.557209188298397,0.042417944862802384,0.008448716586829656,0.10536072247948922,23.22942206894159,82.22929357608922,155.70543076454067,491.4123120387276,50.22162302922813,0.05023288927356849,0.12561820512559446,0.5374076555551148,0.5908106198069127,0.9388464428896451,18857866.785983976,12814931.3890447,47079996.86355955,117271106.5591702,255405660.4756586,22.242798452972885
0.06021063428798896,0.06903191592708181,0.014837553305184612,150.0,0.0033788918174830064,0.3728388120327705,1.2020952509076288,0.005512393085838998,0.04285427264194297,0.25,0.6221687723547906,0.7739970566066626,0.9531079176306699,6.189197238668254e-07,0.04031125603583719,2.199424824798082e-06,0.05722421941222634,0.0001,1.6082373097520876e-06,0.1166360211045806,8760.0,0.4018730412136168,1.281758210264669e-06,0.024790989998148598,0.019625795580897342,0.029022987632387767,0.0001729895777157701,6.0,0.18083466121150932,0.1260781468973085,0.0036109447489864736,0.01200221790427351,0.06586170873584321,0.11190820468199678,0.35023004800764634,0.021335471378930104,0.1571038663212902,0.25314244574073186,0.2,0.20873930482297554,1.923867141332133,0.052827777572151804,0.10597601797586863,0.44995388052836405,1.9483017445968822,3.421083371260746,2.0,0.4273830000991117,6.053024716142349,0.00016061631286387812,15.861875498171493,0.03709165948308048,3.357419992191847,0.0004346595394030335,44.06712570079986,8097043.3568263715,4.3093480624015275,0.3802501662867551,0.060983600627353945,0.026014419439669107,0.09981681110508914,14.907964906372154,136.91549175867328,215.5371552862248,400.72570949794726,64.66453782238543,0.03625230151971613,0.13609821385993187,0.41915257211734286,0.5591629363164161,0.9406691661144688,18611790.33227487,13059317.605873592,51043311.03557658,99163261.12359269,187270088.70143056,26.644882085512407
0.046185645107408704,0.15596488613272375,0.10029336735931477,150.0,0.0006959627766807512,0.221537203637043,0.23795244022845927,0.008256554860170117,0.0808037462742043,0.25,0.6781810662952754,0.8360575824269012,0.9209063127056707,1.1548630824808871e-06,0.04465026778359633,8.238955860969895e-07,0.051818405626782665,0.0001,1.9672333312577236e-06,0.07682792888692185,8760.0,0.31734462467392843,7.54431283964554e-06,0.037170410045350405,0.012879005794279062,0.015553897751969378,7.146625995275605e-05,6.0,0.1073762178341941,0.17701899592001918,0.001772392695211463,0.014666575306748132,0.05273426407107083,0.07099003735040374,0.47502981802492983,0.022234037874513286,0.14807501936977047,0.26680005858230926,0.2,0.17051763927546287,1.7664340352453176,0.084408927542789,0.1314772081343149,0.32476753473044684,1.7151892772154191,4.266484160070513,2.0,0.40622228373351305,7.714648221592729,0.00032679491541344144,18.641303900455632,0.03751878637861047,1.797175504688833,0.0014179103704781884,32.56937173339346,13504061.141395608,4.414338225094083,0.3830847813642997,0.054897602927574354,0.008286913608583326,0.08315293638641966,14.480715229001856,132.90224315983545,145.56742593092844,485.18651068593533,61.801155400640255,0.0455768331379789,0.15064568225936253,0.5336735176124676,0.5736090436878352,1.0653062288761812,22535164.939518627,13739426.749280345,65610081.30399213,165652309.9387644,288523696.3795263,28.577600230847015
0.08693828810831526,0.1353709284742993,0.10129911530282831,150.0,7.320625784152858e-05,0.4038896192366158,0.43895429071559167,0.007988902507087628,0.03737084948831105,0.25,0.6938039213992764,0.8491759455942439,0.958241295709938,2.318905955646576e-06,0.09112922794435106,1.0632833471733513e-06,0.04495610493468539,0.0001,5.608091570958341e-06,0.09850697378267505,8760.0,0.3054987495954021,3.4158135455139367e-06,0.027464726620903337,0.02167232328916112,0.025378326622296485,4.472966405909963e-05,6.0,0.07312664726520976,0.13287826593928015,0.004490830660507607,0.01386435720794273,0.04424417066516946,0.09397381437931711,0.531629834227263,0.03046515561601127,0.12603223356813212,0.18702402629107195,0.2,0.17418298436678845,1.9429021282276375,0.07258901973080527,0.11165087704961026,0.3334248182328761,1.5776111954602425,3.390022807484266,2.0,0.3662153441400962,5.830777440851032,0.00016763120309793073,65.82350319224244,0.052838819309899185,2.4807846890975993,0.0006361425413616051,28.20296276623263,11393605.499906523,4.9056186623450255,0.5632344471037808,0.022758583380682474,0.006445662168960825,0.16164649576995324,16.43585320036462,74.6268974986218,136.4892735797289,327.31769614461325,34.12773838609408,0.05363502710852185,0.1398596833795972,0.4142866805204417,0.5707062316363267,0.9513163427308056,20260240.784343507,13740100.117850233,53213413.38234778,104083912.50314099,251372461.46001443,24.747233649238414
0.045538871079813366,0.054774674300524774,0.03579742803262997,150.0,0.0018796789570241737,0.3217151988438423,0.6442327463892004,0.014949027980973719,0.09259246788580398,0.25,0.593264353424749,0.8577076599628395,0.9419442330785267,4.2173682843582825e-07,0.07730698275133811,1.732335245107938e-06,0.06675141507002273,0.0001,9.617675461100343e-07,0.08321257015629287,8760.0,0.25212536302275934,8.56705621274723e-07,0.030564901490513503,0.013838869295481322,0.038175338698922694,8.454031887393897e-05,6.0,0.14262739134313812,0.12260417991305843,0.0005838893276940675,0.008386511963761518,0.05622524549572484,0.15976803873852818,0.5532799031587179,0.018142103427923204,0.16087671006641224,0.18182437460492026,0.2,0.2516187431832604,2.6365301049415324,0.03707236511200583,0.15883413668658655,0.2923109632783052,1.7851653497468964,3.417730708094024,2.0,0.43774004435723074,6.92960387731889,0.00014306455417896513,45.7261029148093,0.06285743300792097,2.7363262855070145,0.00021295990171602946,40.247000723876745,8230854.681019145,4.815637704921036,0.19580913380870868,0.05954207280007004,0.005435198512927227,0.08668533322364405,20.795190860230583,159.39504015288833,194.8432204415558,295.6864600649885,82.28837881131369,0.07112196739896184,0.18311990839238657,0.6010973839532527,0.5178435351052894,0.9347795589217828,15420369.495997386,10316410.847540582,39298630.82936643,86469705.77042037,190484300.24971384,22.967187242870892
0.05822200519256884,0.05892496442996223,0.1189009672543979,150.0,0.0030909870152172813,0.2618700507302695,0.6028064409204991,0.01270985220877849,0.05037243625266492,0.25,0.5973262610129251,0.9102618882314464,0.929087170380495,5.940998126745015e-07,0.03750946611005731,2.480547320354246e-06,0.05739938851421687,0.0001,3.0731426130241503e-06,0.10431241733950657,8760.0,0.3049848295721713,5.423854514573168e-06,0.020231517677349754,0.008086906999689687,0.04478976197306518,6.035124169154461e-05,6.0,0.09882815656634711,0.10748485163971581,0.0011523699559177634,0.008955895122092099,0.0470027183822324,0.18625628631052357,0.5763580304875541,0.01969831127953291,0.1349439826555897,0.34837901761262,0.2,0.1336671463835115,2.2785997558034614,0.08975634213233799,0.12870540239232203,0.23775596118215886,1.337721454885175,4.388320317612884,2.0,0.37506662142591074,7.874198489091666,0.000159129717275871,41.4868733469241,0.09433472043544851,1.887171155918609,0.0006387191956901318,41.93006795247163,8861876.428379707,4.856421126522576,0.3158592994995441,0.05529341948003326,0.0030909850246154565,0.11328050961925751,24.83509546204829,109.34779127414916,166.83248174764245,307.76303131853984,57.41119934929934,0.06149512168213689,0.10792002155177174,0.418155452091924,0.6312847181322846,0.994460712410888,22085639.742412332,14083920.012771677,60148326.84071153,149728903.85718572,322195895.12755126,26.566343520401198
0.04477346268868633,0.08745429702847683,0.043868030485642015,150.0,0.0019496049344897982,0.27901755686525503,0.6105323636895347,0.0240921800541517,0.2021326495103783,0.25,0.5419365005905397,0.8362506057229258,0.9607441525157966,1.5327354689708332e-06,0.07107287958182498,1.1025688666821664e-06,0.0467103941813558,0.0001,3.3544822872285084e-06,0.10590517813023363,8760.0,0.14424063501726808,1.5134171680183698e-06,0.03613693885086411,0.013687789856241337,0.024854196295035005,2.1068735142706074e-05,6.0,0.14024841628548795,0.08413779919789388,0.0006006482180327572,0.017191075195820676,0.043501984245582465,0.15378220370857626,0.5171061606515442,0.01654321242392416,0.14338293001897484,0.35963553318054664,0.2,0.22751161625262672,2.0168902676978364,0.04952413885447507,0.10458703546481515,0.37786656780387273,1.5939079211611786,4.401696056750992,2.0,0.33437563185534125,7.107747216686345,0.0002102184886470362,39.737660786634,0.043454506987249265,2.9649521578327076,0.00013887575790243683,49.32405724799891,11992957.277767517,4.673713797169113,0.6293076969035294,0.06041330367010515,0.006646494739332383,0.16938799716338804,11.418470596519002,51.186001879383426,136.95145151657727,414.8958613921119,46.424009751337394,0.06448565109445939,0.1721155329791157,0.4702987802146772,0.4932440609885227,0.9891380774873052,15647876.483199783,11022027.438409884,41564809.79954885,78603320.2281408,169605081.81553817,22.749614117721443
0.03430703697253434,0.40056383690051417,0.059435352552003155,150.0,0.0003420079293242302,0.4471818413355664,0.46259965216292764,0.02239972570006771,0.04587015726655692,0.25,0.5665426638104132,0.8199318138083801,0.9453368638311263,2.229283175584462e-06,0.05102882541928893,6.283390996498603e-06,0.06385712830066473,0.0001,5.298631798585964e-06,0.1409372744449558,8760.0,0.2780670149413995,1.777598968815075e-05,0.025841417161772073,0.016801602716572103,0.019444333852521832,2.7219668925984697e-05,6.0,0.08027968337735052,0.15015385152538197,0.002210506962424515,0.00872023899350804,0.042039347892697206,0.13990202389725181,0.5089205205932592,0.015756555576647926,0.13019582836087548,0.30292272527142916,0.2,0.22956158321351205,1.8986106807636143,0.06535116019195558,0.21638582418547941,0.32579224105298543,1.7590846052699458,3.3750909150138364,2.0,0.4148905209967202,6.062042591769117,0.00024962739438201846,32.817678752093975,0.0692800730705187,1.3256693609826133,0.0003544622126195779,46.662508116659886,12715865.437357772,4.962212518374206,0.4166237054215339,0.035180870537412735,0.002441822423354039,0.18905254548940137,15.224177591399002,122.24489139707015,116.71982293597593,383.5839190342703,81.5820114721766,0.10783688454559662,0.1945267155344355,0.4870539638358609,0.4329375377729118,1.024933142681077,23377001.670493715,13400761.742674297,55211308.795289256,264985704.32411283,497649004.5861106,32.553345752055876
0.02410086588596611,0.22073696644936736,0.021722131947800722,150.0,0.001067562550638698,0.26168685844465395,0.38262525294197364,0.010267268552416886,0.05378901462924858,0.25,0.567366518603842,0.7788290132960071,0.9729368254535843,1.8849398556498284e-06,0.09402950857716931,3.514433422590905e-06,0.05320758540689895,0.0001,2.0976599888951812e-06,0.12022782902053443,8760.0,0.37798678477121017,1.1806139724433193e-06,0.03310829991531458,0.011828450470314935,0.017339268848489735,5.357652620723236e-05,6.0,0.062330411929500354,0.13151551175702658,0.0012532407850706297,0.018235075688050554,0.054245498732039904,0.10787723872755742,0.5374432409668879,0.028529093284254632,0.14785244581090712,0.34784753758678966,0.2,0.2372743529492954,2.153384116005282,0.05462599917018181,0.11689544508098836,0.36743246494512743,1.4927964035785126,4.08772521419595,2.0,0.35527302867469107,11.841560105884502,0.00018442053248954334,45.12600419518493,0.046660339187235056,2.0841939386263153,0.0004925239618226003,60.973914514613526,6941770.094965644,5.946537347401178,0.11525956329282999,0.054170525338747486,0.011878835415179435,0.08857749397523572,10.313604860280822,86.80352617469183,151.83747481906948,458.3603828739852,64.77092198454716,0.06723959336488144,0.19258509563894297,0.3556231572667686,0.5813716723634923,0.8944438521507586,20756429.611959133,11515769.456808485,50891398.27129912,262445935.07344213,389746708.8118659,26.893321260314398
0.07901740068590249,0.09851549064294561,0.029208986859985842,150.0,0.007069685759792832,0.22731391211999136,0.44620784575532974,0.007649072969680157,0.07805893349695688,0.25,0.6235636097782863,0.8390572549017976,0.9274018185917154,8.942358988112934e-07,0.038845260221697646,8.31849175231188e-07,0.08365634349383484,0.0001,1.7049985891210508e-06,0.1297298105997573,8760.0,0.22463565135450392,2.232680748430822e-06,0.027702778819507525,0.011173951414146443,0.03202013510079207,0.000125872603783416,6.0,0.05240267356421512,0.1630826075676299,0.0005228853360659243,0.012420920547091138,0.050397869870435597,0.17621687250807894,0.5269790359153026,0.029896024838390357,0.18680270490867523,0.3184761488118488,0.2,0.18792378632279524,2.90753310547868,0.040438170530030904,0.15342820727868228,0.3514524654127143,2.0755358784224094,3.9831059862092157,2.0,0.389112763306006,9.262694250959724,7.838573052716253e-05,47.73756726989074,0.07758265994960356,1.9919161276520017,0.0005654631931589989,39.95566320557573,9102749.818833679,4.328629214507765,0.9764411676076188,0.06935041576334319,0.006328228730402264,0.08791727114686075,12.379942742817923,110.81992777152199,186.64720915478432,314.4089828110935,88.3778786887868,0.09496410162449893,0.07572027296944289,0.4501225940194106,0.49124122462048897,1.014715103220197,26320481.03749456,17156264.602453955,66209178.4166642,166212994.57070902,380681492.4973836,36.296427825823066
0.0648321843974004,0.03806725612163474,0.030926905474990232,150.0,0.0030351791277725172,0.18483919872476548,0.33008492833404846,0.010519171019843692,0.021251516868564253,0.25,0.6655131737365015,0.8154287082124267,0.9414229095727642,1.2944410945642832e-06,0.06834431765172623,2.844250884179324e-07,0.043544785174541696,0.0001,4.377994901522592e-06,0.08198984279175288,8760.0,0.32697575034326687,1.9750722563280975e-06,0.03137208537565462,0.015339302698997215,0.0274201544271577,6.612579418030589e-05,6.0,0.12323094522753698,0.10058944133570043,0.0005102429149715649,0.008491098165727368,0.06709597635352395,0.18139424293616996,0.5952685574867796,0.028026435197501823,0.13145466854702842,0.19945888431334086,0.2,0.16852041247183913,2.605617067575816,0.05655400554594943,0.09276777537010904,0.43114583902660203,1.496075694101403,4.653884375230266,2.0,0.35251855464678383,7.471122724078307,0.00017709953727793534,33.010135589281624,0.03012614816782544,1.6663348920641683,0.00022796828594552924,27.444730226278285,8352104.312738583,5.828449582955593,0.5289857795476688,0.05215347335565211,0.00484589147703284,0.11884012484495245,11.468100725611212,98.11543452008954,135.8760897244097,341.9232083503889,78.12363766832277,0.05467999991248956,0.11162109062886263,0.4170417403232669,0.4339349746336084,1.0129434052596824,14250022.021870371,9291258.120124592,36433859.11306955,63368310.04219339,224752903.39236134,21.157898830209
0.0566861428206418,0.07681336264562502,0.09860444563781182,150.0,0.0039022848586991402,0.13361337381137178,0.4017324031315349,0.032208414142803406,0.03903710945141716,0.25,0.5775602124963943,0.7821973806313591,0.9525736944664368,1.3144274691879819e-06,0.07628271656335567,1.299909586861114e-06,0.06451575597901238,0.0001,1.1483858339344093e-06,0.08459774076309547,8760.0,0.2350073268884206,1.1110527020718614e-06,0.025142132228493094,0.009719114607049384,0.014112350679403154,5.323654704924681e-05,6.0,0.08778480623197313,0.06995883788129695,0.0004082394919957508,0.008766417192742019,0.04256213112960373,0.19718757800223247,0.5578773587792347,0.011460598588933463,0.18576123506416542,0.3060197022133614,0.2,0.1819163615484222,1.7400941315669343,0.03113093211568272,0.09222172555256902,0.23076276328843412,1.7215289950540005,4.457987605338339,2.0,0.46393378932097973,7.789907543094077,6.981065346523292e-05,49.33151790867513,0.045550061336494446,1.1675555758264105,0.00022238390028050348,33.39917002899824,8151265.170750757,3.9804386005650456,0.4919535305584239,0.03426795949240143,0.005576808516741399,0.07497149629085485,16.3594645777806,71.52460091935374,148.8666686606882,406.99573924560104,73.11308256048257,0.04034922170843015,0.1910674506112491,0.41013858967677047,0.6252204465756006,0.9782843254624685,19964611.352491587,12895050.519290596,58893749.6936111,149604445.20803848,202144160.91589057,26.284617841031682
0.0693520825187553,0.0757431018283463,0.030812804159014457,150.0,0.0023455864335910487,0.38460714300252885,0.35322698089457616,0.009469410697620388,0.03451707144331763,0.25,0.6758904159544279,0.8419974623438223,0.9617826548681073,1.086059286677978e-06,0.07173922811760552,1.4874452237526273e-06,0.044704444943506665,0.0001,5.312695157091951e-06,0.10219753085965026,8760.0,0.42710211678564736,4.597671562357665e-06,0.024479432460142895,0.008151245621868062,0.016588554616418935,6.79890614614335e-05,6.0,0.1468842935977298,0.1130276848488024,0.0006737552563027018,0.007849782278347804,0.04298003180617475,0.11314519586380316,0.48251697327356535,0.024366637339193205,0.16335741846958451,0.3019692880121002,0.2,0.17641083837949145,2.4810454581507795,0.05492314124179243,0.13153888761492075,0.3044917707624775,1.4325660103409874,3.2750425826038763,2.0,0.369714226593194,7.21537586233576,0.0002285991448856565,16.948372098512753,0.054456427049580786,3.1770685997466854,8.861174888779697e-05,25.08589294685732,8495863.01353705,4.6249642610177855,0.47493268406357747,0.08549054580883875,0.046319053300579845,0.09926567732211844,23.139553036815716,61.846811465921164,136.17477660296015,413.8936858591362,88.88987176927711,0.040407272190199045,0.11687547567218984,0.49264355435887475,0.7049159571600041,0.96226079351768,22380493.467076026,16165065.949714517,63582347.20778608,94928924.67386235,130316746.03758554,26.251420520602355
0.17677056567696312,0.04613026975661477,0.04329206576220389,150.0,0.0011123074389179817,0.4617807259689938,0.3019647106417388,0.007588170732913073,0.04714837106150194,0.25,0.6304754721262982,0.9167920918995537,0.9106163348214127,1.7760363758361068e-06,0.08274833008192757,3.582065857030043e-06,0.0683589530034253,0.0001,2.352915390130227e-06,0.12005055904447909,8760.0,0.29856368019039237,1.0846084242470946e-05,0.02124055908461094,0.014855353063355782,0.022344932187735256,5.8697039964126664e-05,6.0,0.17441703778597692,0.1189371576012649,0.000602903094964382,0.008801337614287287,0.03316769860067978,0.19109557471590843,0.542746605398924,0.02057655719449745,0.14969747501270741,0.3352172157396943,0.2,0.33230402400016346,2.4012403048052997,0.0485540397934066,0.12535608055139985,0.28939194544191094,1.5114649602672365,4.029172228627421,2.0,0.35032001105325794,10.346296896311358,7.758650620848862e-05,27.067127668756314,0.04432372799670105,2.557937788562467,0.0011540861030880872,48.329395588567024,5279361.040351863,4.200297954223438,0.3584726162892991,0.05616585119410064,0.0036977531139885424,0.09129425273573046,10.64507937772779,129.67750821705556,219.89142193030932,414.6785497787736,110.82444598118929,0.07466784344489091,0.07154749202454168,0.45288744393753744,0.639376283580753,0.9355699416873364,21394148.791104667,12461376.693564445,58863994.78075655,163908525.57705685,340749581.58998984,26.72500728619934
0.07987141215314385,0.06066689092315724,0.06222010057685595,150.0,0.0061849049107111165,0.17079157542584744,0.4182991414618459,0.009168639033386756,0.03760220475055581,0.25,0.6837349779180835,0.8994900491897805,0.9629921106957895,9.419449128464724e-07,0.08110083030417771,3.1744416180134827e-06,0.05813752570874932,0.0001,2.74621715713539e-06,0.12364403163183743,8760.0,0.33770007837859795,2.2649184208237764e-06,0.03362612129840063,0.010836288504233512,0.027041647804117254,7.600402366266708e-05,6.0,0.09358242885392555,0.10166657628587762,0.0012797600974505253,0.010387037304073548,0.05088531580413064,0.0923327482710932,0.44198510968139193,0.015412064895414832,0.11379976865925098,0.3763503940453259,0.2,0.24499500678369815,1.9474390931300996,0.081391552542092,0.09743964822989688,0.37130640971408213,1.7523042865406664,3.703708182041951,2.0,0.35211532689409925,6.407534894371595,0.0001276507320227233,52.12283570885916,0.04788735001262187,2.4558443665391443,0.0015929526609465392,64.59258865782809,9276245.019899901,5.022390213313636,0.4521596241771457,0.05828632123067466,0.006205450638184431,0.06641263376202645,19.840708573921418,95.42501707662521,114.19978214617899,498.68554068214524,66.68040534823393,0.07592007661647421,0.18426136029028556,0.5305274028093543,0.6987883855655502,1.0059390821154217,35343094.217743635,15949611.184236433,126253851.84607992,349592481.2596534,587929692.4920257,51.36600030410412
0.0363464232124408,0.12250048941309753,0.027947689430186096,150.0,0.003058249754229418,0.3584466269230293,0.6059413653489775,0.004758695203178547,0.01996921364153722,0.25,0.5642195687879019,0.821562913219879,0.9641964291240811,2.7030497540979975e-06,0.07754244502402417,2.3654558259899357e-06,0.07891371274558688,0.0001,6.032914819451046e-06,0.13032701383346806,8760.0,0.2207959572244524,1.8737257856536365e-06,0.02742534969527406,0.009002576520448204,0.02761037700932943,6.0026472231920896e-05,6.0,0.0658804424489165,0.15136507993325427,0.001162388748503942,0.007267978447876794,0.06094416270508979,0.17211396496540218,0.5960847749597529,0.012924806794082453,0.19830597500535718,0.3092631550343231,0.2,0.25175828103554126,1.7307700372241093,0.05973331525300997,0.13748265943884735,0.36803394764749475,1.9076241708095827,3.858757591179587,2.0,0.44580779609121857,7.557555597839838,0.00011797041058355992,18.294063789575553,0.0725770206059533,3.1917655105520315,0.0005688858375731285,53.996505482816794,7264566.662877284,4.925505297986955,0.42600370163662293,0.027460458235504914,0.007489510886889386,0.1956594961213775,13.992879835387786,114.3135059102208,153.00867827617063,311.5929758232937,65.94694600943748,0.060915858199647066,0.09487440980202365,0.4782315508562849,0.5277651232997702,0.9175322073243481,21455317.11602685,12059866.32500122,55466774.25606398,193183388.49808696,413730622.4346405,30.76690717314646
0.12612388426508145,0.022059729906344222,0.07011734309693644,150.0,0.0014080179583701243,0.26057972588931394,0.14808801967817245,0.023379995342926604,0.08205737153699798,0.25,0.6037797680508185,0.8977341848168447,0.9304280906024713,2.508850473440991e-06,0.046439854895833126,2.44647671322889e-06,0.05577388810573948,0.0001,3.294645882367722e-06,0.10409895297399628,8760.0,0.2895216723224249,9.400124998419631e-06,0.029447199250182552,0.007772768714165246,0.0345310470693959,0.00010148856804596236,6.0,0.10714909229918759,0.19045216582820218,0.0016872229266706388,0.008550225715110618,0.03890896282386269,0.09851166679031213,0.545200538787966,0.021001459183015818,0.12837333633251685,0.38961113259554037,0.2,0.19951853442582354,1.841707733937495,0.04584593370292685,0.07494547994012798,0.3977981541665232,1.8172536736332758,3.5156745431527416,2.0,0.432408771854217,7.9552065566324135,0.00018215213541064422,21.54872515751615,0.04894300828612774,2.7585780516140708,0.0002726138128932176,37.79744634223123,10318639.75612779,4.4809887830541255,0.21624192082222296,0.03370424680877547,0.006935573353881507,0.13676572548781346,17.16081731204416,56.14660487258061,213.7222715670867,513.280512720593,75.46218946623364,0.08237088931701933,0.12904785196996071,0.3622259442801016,0.4793854956265132,1.0310793684045116,16433491.546443157,11445745.320515702,43097757.41768916,72859307.38141696,212301875.08554107,23.498110268172844
0.1598124728360617,0.16672871796484684,0.03234361337939745,150.0,0.000524620503538636,0.28496163654842155,0.11962216746410166,0.0122297314199873,0.016732882477245272,0.25,0.43408716115497736,0.924377280453696,0.9422973686096913,2.968526967595217e-07,0.0805899744936547,1.9525293681545227e-06,0.05605283673407936,0.0001,3.0975687679559263e-06,0.09828227427559241,8760.0,0.25967735640968437,1.2059020753628694e-05,0.026129496639382688,0.011987275711112296,0.04377461770810851,3.915857088684261e-05,6.0,0.09506950198611766,0.09712971646132143,0.0009566514039685645,0.016035164333272376,0.03861071391140646,0.14230298602353703,0.623254831013232,0.014669980908950237,0.2187525800185358,0.33216554287698974,0.2,0.25100056568609674,2.4691207584114028,0.07638089307734212,0.1145319226810958,0.36139513386279243,2.0464375732954547,4.099136164163622,2.0,0.49031654348755566,5.595313344351624,0.00010073766660406276,59.53870327130952,0.06661051281466664,1.747517582416787,0.00037225179157294097,61.3467632675477,9047467.02283271,3.8632728413852297,0.4511589008298842,0.07117149600766039,0.00671620810563863,0.08096448305330636,29.207432006794427,83.1802603568295,198.5189097210909,298.7857697127178,116.49426338692005,0.04331511297353347,0.1551606949068164,0.3358333916744674,0.561992835556314,1.0298869565967108,26130932.55324736,14418260.805012885,59122984.72257102,262876570.83442858,629997727.8045853,27.63381940761336
0.009440170658689656,0.66506247805129,0.06349224957239137,150.0,0.0013064785364813453,0.34498153420613775,0.4484048543802894,0.010936236075766808,0.061110430808429456,0.25,0.7009690168421545,0.8246381893606377,0.9482095621262017,2.9390004068699093e-07,0.07537446252990762,9.094782300937523e-07,0.05185935434335252,0.0001,2.0583409284792666e-06,0.10755619641489027,8760.0,0.3953996615080283,1.759977276575491e-06,0.022287997652296138,0.0069060429532247615,0.023633056939553056,8.101016007511093e-05,6.0,0.05937978857994541,0.07274817483878498,0.0023601040511526286,0.009532126517115786,0.035261578294433535,0.11393962786255482,0.47110953274402834,0.017052244916861484,0.1910378918961601,0.33556981921355084,0.2,0.24359247764783915,2.057576943891922,0.0461302299244265,0.07394705411219624,0.294195973099124,1.4899023771106457,3.3233503489135297,2.0,0.4036963210975255,10.891228622801776,0.00025360574125600266,23.644539291891537,0.02805953559466539,2.5500580306897955,0.0005302726841239769,43.38358426689945,6749100.5259583015,3.9073918538008807,0.20177302086142582,0.048366443559405184,0.003774552351446386,0.09455546257994818,14.374667397378573,73.4566302060934,182.96600779957845,338.35300010866,48.99548253965362,0.08652649087297554,0.19668262837333328,0.5442201840738223,0.7715127643747031,1.0617571089551858,40398508.333346605,27496311.36878852,113530462.14184627,240130601.79951772,427638874.0781288,39.468548664481915
0.18860068337787006,0.32876124358155523,0.027081894966312206,150.0,0.0038444219077126154,0.26316737500783693,0.7454022542777977,0.006449663080964586,0.052560712185712184,0.25,0.6094867325738454,0.7898236298477939,0.9309315626135419,1.6261430063726908e-06,0.0659673522937729,1.717330714986014e-06,0.045168444459320625,0.0001,1.2637462537271522e-06,0.06405779692272436,8760.0,0.29821693188102527,3.133276753293086e-06,0.03212755643951429,0.011378610514903085,0.017159757826013457,3.347062702771534e-05,6.0,0.14321800749812225,0.08534463371039384,0.00227931734539932,0.014510104246324342,0.03172662606281325,0.1040483481375478,0.5561732021604906,0.021618178124545456,0.17872049280033048,0.3529344709191658,0.2,0.22144314953030309,2.127508383240553,0.07765761571426244,0.12314953492821452,0.4150286811678353,1.8137599571436498,3.0245405139494403,2.0,0.3265167990250505,10.81593901915321,0.00014644904995594308,34.70308853294405,0.08949641200540967,1.931267644938656,0.0002629822984406188,47.87541210765772,7037651.38247077,4.512461069307159,0.8947230855177092,0.06120266870429564,0.008692972468519229,0.09504392213893019,7.988883449016773,77.39248304836043,216.3686943768921,444.39447605782163,42.12289366959546,0.06593837062755274,0.11929856912745836,0.47140648294466997,0.5207938681021164,0.9908542731387888,33368355.92893474,23174491.65918337,80621230.87090607,275946856.07737315,383166182.37834185,41.981906710038935
0.13701756543896484,0.2768614941506857,0.04306926460610597,150.0,0.0008205163741891764,0.20614270433933557,0.24714850731580934,0.016812301694747154,0.019636477480495313,0.25,0.527057494530062,0.8666559120872642,0.9340968837995862,1.1685924270069409e-06,0.060482958246457164,1.9168601043745926e-06,0.02407861106049348,0.0001,2.7292640176089422e-06,0.07134152062595964,8760.0,0.3221152500474891,4.769909493703665e-06,0.032006544790743156,0.011886069067824767,0.03671307080342401,9.379854045347472e-05,6.0,0.14611281770771073,0.11529457159339318,0.002630136555263384,0.010169117137088915,0.02477916143309328,0.17403132431861318,0.5551036609726598,0.020647054711991616,0.10956356249879284,0.3409605489112379,0.2,0.2411732378191624,2.4905367846625297,0.06549211912223124,0.12046002644096057,0.3353165052665183,1.713465996816467,3.0922415484478067,2.0,0.478747850625161,11.454830052588317,0.00016320872564459574,53.0356072230976,0.050753268049740494,1.9882402565966675,0.0007032268103898078,34.1503852067695,6516510.131962568,3.758518389109792,0.5034375478427793,0.03717491163878224,0.00924367268101494,0.15245875476858997,20.238913395479834,75.40710736346801,140.28270872585273,435.4524149135591,64.39287365014815,0.09712321157304368,0.1690888869509524,0.5701008419110745,0.42534238711376804,1.030308903814073,23626980.969807852,16777939.65786387,62906926.7916772,121921469.16268645,168076387.41245514,39.54213984442089
0.04415210715623136,0.10146800657732132,0.0684143512076506,150.0,1.362863705431724e-05,0.24793820008351644,0.4474682716331961,0.006952809060798062,0.06625820584382901,0.25,0.49971839355828385,0.8230732284634916,0.9610725918008199,1.5836998554082692e-06,0.05807857903502964,2.8623007606162397e-06,0.05251349435068445,0.0001,3.2494160730239223e-06,0.0967230504189601,8760.0,0.197215621953288,1.1303798460201897e-05,0.03123862584810886,0.0129990681501415,0.045501775504074395,4.783618443890168e-05,6.0,0.06944264955769902,0.1579052196242649,0.001993780747215877,0.007954038290754408,0.038536475018637634,0.17430575221341815,0.562717323662003,0.03698200250726079,0.1467072556163873,0.2965233626660614,0.2,0.2854170129915854,1.9153045859817641,0.06999456893562585,0.1305491955445735,0.33285389509135876,1.742919396741097,3.9589104418928613,2.0,0.4082368175219122,6.197433134014166,0.00019709527263488537,32.389338718565675,0.06011880221939095,1.6476364877584009,0.0009130700149962571,86.3160349484024,10189949.759347413,4.785490676452427,0.31482245090099603,0.09014740430765364,0.04342950249025571,0.10878256572893533,13.95220425833201,150.7726126977681,145.72760334825585,424.78423273020456,41.72447832474252,0.05447982411595209,0.1828246127477958,0.2835839392880786,0.4459235182840221,0.9582270429780928,16908331.992633265,9455085.191719823,40103541.71907487,199398262.02620995,354017349.9629302,23.22631839943151
0.05540165776730107,0.25885502360447604,0.03967470348134267,150.0,6.012419584574391e-05,0.23490339538590102,0.44152831442022433,0.011170442551993436,0.062196522101631214,0.25,0.6673374502289952,0.8389132384457852,0.9609961804357045,1.3578729056894628e-06,0.06571377816328522,1.4294832620783659e-06,0.06613337334936305,0.0001,5.222247397614228e-06,0.07411935783164274,8760.0,0.26812182568499593,2.4428115143897933e-06,0.033146281539006534,0.014179989077146913,0.03662827209488903,4.2920697945583756e-05,6.0,0.07842755261376988,0.09898311151136,0.00031301249222305126,0.0131950993635804,0.054090367748516444,0.1492039130418819,0.4881658528470976,0.010889811999456578,0.19948200701259383,0.31605152180341706,0.2,0.21145113568413548,2.170497033297283,0.06499703134270057,0.1365165258380589,0.4161564768503464,1.686761597419887,3.5246711702638205,2.0,0.26915363136736126,6.785153176602897,0.00015080476869513387,33.21117101523925,0.04720091279087239,1.4642536898799117,0.0006808670282144235,42.29331200173138,7642030.566473762,4.203219693604411,0.42831164125061943,0.04182190728855662,0.008967575654606014,0.08153651449828224,26.034960489586826,92.61950213395419,197.558965341634,302.77810271722313,83.03791013291956,0.04993559998317343,0.1282950910999867,0.5458698383394007,0.3531775071180934,0.9915574717743441,14324315.100751894,8366107.040868705,35227684.15690418,122534536.24500954,301509726.7743974,26.39145913018167
0.10962061127110541,0.03678979949970053,0.0786254943246884,150.0,0.002604565257991911,0.3325678141122609,1.418855640859853,0.01622743073042895,0.05774399842904747,0.25,0.620203037290595,0.8559918271164748,0.93353228931334,1.1089911398129566e-06,0.039376777259754414,7.632862499623962e-06,0.061005807674772344,0.0001,3.989219676097369e-06,0.09734414713235906,8760.0,0.15603326448295055,9.249273852795871e-07,0.035914297710087355,0.014795049152560335,0.03316101913559432,3.0575371986346814e-05,6.0,0.1347243229868762,0.10877392482059366,0.0023656261978410105,0.007437268470498521,0.04107929823666294,0.20317219812578033,0.465685199709561,0.045772846073855,0.145566067728561,0.22530733714099915,0.2,0.22208689603091264,1.8940333809324912,0.04831551969305485,0.09502607124464418,0.3939493996126199,1.363673838791014,3.121851718451458,2.0,0.3030464126412711,8.68928057980301,0.00031701475409368903,24.117187031209404,0.08161146632980013,1.3775932529483732,0.0010248531295332683,70.26791349363582,12449410.498791825,4.344741577499651,0.2241028438370726,0.06726383822046361,0.008656626532058866,0.07635289211586473,14.845340285126213,111.45540507172377,125.00784022341927,398.925183364055,61.52953933762137,0.07794879670116073,0.10733087906398248,0.5026900439893864,0.7086143827929887,0.9837837694764843,29761261.994936075,16209435.00381701,77034927.6696802,323362822.1363404,506443596.1485461,30.775375418733613
0.03937660425630472,0.07399646659070554,0.02747159645051114,150.0,0.006769465826151009,0.31608642840584983,0.6904486312943864,0.004663546411771298,0.009220944595720003,0.25,0.5106309586777925,0.844331436539554,0.9044262628950018,4.898740257618591e-06,0.08841411451403393,1.9371542813031488e-06,0.03901351266314676,0.0001,2.0547015600510233e-06,0.12881157552137945,8760.0,0.43035090873746007,1.5308265681289022e-06,0.0216540062788248,0.012494503262657526,0.02231192601555939,9.90943174239887e-06,6.0,0.11893731198257369,0.096123962181661,0.001480331013320224,0.013581994265291778,0.07054020863166804,0.10109992984498181,0.6847497028096023,0.019195510406141866,0.1871737438219514,0.3918352653800305,0.2,0.22908227540946333,2.3746636746968757,0.04903831561266772,0.10377464982713495,0.2665841880313976,1.6250330044160322,3.874549448361381,2.0,0.38983065005215595,9.895042128478254,0.00012589593411444733,21.82352170394269,0.06463111632326166,1.620164343902866,0.0005707014371181084,28.7024072974053,7396879.302210583,4.505916296327603,0.4124001296088888,0.031145391280287395,0.008482752233192286,0.0880765065313743,22.87333066427199,84.37253512241716,181.03675580550333,373.20522986348163,50.81112820914545,0.05219555459758564,0.08417723939842309,0.46952387519094063,0.7469995251812624,0.9815667703946981,30651343.573379233,19190712.692194086,86156677.11587253,201182361.79489446,382370128.0581572,31.83293227826349
0.020955331522854354,0.23036671181108082,0.05626838533389117,150.0,0.013811018449563159,0.24570512575036754,0.6237384799733886,0.012675610849882118,0.041553579983660494,0.25,0.5824680292465508,0.7943565970518683,0.9460885486951044,6.879174436047123e-06,0.07057605852660122,8.391575686536472e-07,0.084496179934374,0.0001,1.5889153286122024e-06,0.07198781991489633,8760.0,0.24012087484770642,1.0853730609669496e-06,0.03218214837531587,0.020012065787545923,0.015012189311791862,1.6631828375130918e-05,6.0,0.12360647123092014,0.14867007587425224,0.00035648481247123,0.016781978562835972,0.06500244173720295,0.23266924362406136,0.4867639196839779,0.023082950536934897,0.1474073166232897,0.31698847881366204,0.2,0.1173549052547426,2.0025349545627003,0.043171276605382974,0.1723448958704477,0.3124588564993029,1.8613479581007866,4.046606416669879,2.0,0.39483828254400277,8.046817555862864,0.00017833574320689775,21.406508455513844,0.08495085396400966,2.281860120772919,0.0024628489737264308,44.45030581042484,7554132.213858971,3.59020566948984,0.2874387335110625,0.08120977652055547,0.016257761420698402,0.1042723633460146,21.39295169433057,77.61166954574597,198.98127809661761,325.3446495970478,54.467548063135894,0.05006969394354112,0.1203458431302733,0.3964902477148734,0.5194256433764528,0.9529683850958732,36330623.703816384,17997970.219439216,143421104.80883548,312479086.3117095,472011430.05974656,76.50954965858955
0.1090935981741162,0.03563909008505313,0.10296035925973064,150.0,0.00011565529399838903,0.402141902705872,0.221430210310407,0.008278877381435124,0.09606998343220124,0.25,0.4372329782685779,0.8732049994785711,0.9282499213569423,4.3597875132213895e-07,0.06628080320628944,5.379458495805221e-07,0.046964802280664956,0.0001,2.892712229241839e-07,0.09635951903484832,8760.0,0.24355349925729466,2.618142474001624e-06,0.02469524296399211,0.027997325205188696,0.020838058633803683,3.8252343461874554e-05,6.0,0.10097003786392583,0.13453601157895362,0.0007862807754750454,0.013507025633115805,0.05506545774533772,0.11012715117047625,0.5545209701890723,0.03532293561494032,0.20647031919694053,0.3237095579280792,0.2,0.26308835379524004,2.120315069970133,0.05779976724861853,0.19548591591497544,0.2813875460042935,1.6957381378915515,2.8730694467133153,2.0,0.3883045051874124,7.018125085979262,0.000828493560104755,16.439569513432517,0.07142373978273689,3.1489877831084376,0.00029515871778020345,33.04010545416101,7339869.15061104,4.681127512331827,0.30660217330713385,0.0367243858314515,0.013260080576233006,0.07809824047214338,19.17884514225354,150.30000323901655,159.33845427818164,446.6282332905889,87.85210200893539,0.058996506806442625,0.10154416676697066,0.2591529304374397,0.45358968128636146,0.9317911027757128,24136287.81016228,17377735.847376175,56912500.57048095,113364461.14048219,323973565.90576524,35.46356834500108
0.2047808899363468,0.06083200101984404,0.08971666153888765,150.0,0.0005694930364696574,0.23378912893600892,0.2402472936757399,0.012425848951320862,0.02513361091367896,0.25,0.6660624876174899,0.859930310021492,0.9605688074302599,1.7222548668784206e-06,0.08617487647239964,4.130087657320776e-06,0.07537635914524236,0.0001,1.2290085585693206e-06,0.07340539250270844,8760.0,0.2865057607150938,1.8486873327331659e-06,0.025388625127786873,0.022523192885074674,0.01190654015836212,9.509654230199411e-05,6.0,0.12003973271110745,0.1494125373060039,0.0002419123496660653,0.011472934746966595,0.03455228366665112,0.1533896306389997,0.4765575346574914,0.0311030856866017,0.18221826829500126,0.3421294172824049,0.2,0.158338763655973,1.6476343323239662,0.05399374453040441,0.2142468446242362,0.3197300382142302,2.001711046776163,4.8490263047767215,2.0,0.41680633010016704,7.624923314732361,0.0001474736251238387,23.13863994308951,0.07708937923050722,2.821510658442048,0.0006264561311808463,75.09165327114403,7501603.065530737,5.471450226867133,0.46775095077587986,0.03602366820167911,0.008028084037150787,0.15132641830953117,17.4521618496822,58.12642758201252,196.1713900331659,331.6694286452738,82.60543239957171,0.05677880569036444,0.11715131555839037,0.46174017123047895,0.525883324504104,1.0156422614303058,23630792.492921524,12325402.131521683,59989348.991657935,225488125.19469497,506377930.78452337,27.753514985710233
0.20158066987940898,0.09754263097677317,0.04660630424250477,150.0,0.0017688062267392005,0.4710464728416096,0.2003561141249462,0.016163629667546052,0.0342700969679586,0.25,0.6806133581907183,0.832859279024324,0.9319809184946657,2.610594496423228e-07,0.032952744458012884,1.3022248897229465e-05,0.04564892225583457,0.0001,3.809508987045373e-06,0.0722426536311363,8760.0,0.1918821399252667,1.912426565085838e-06,0.020541796146233027,0.008842027727735404,0.02288231771556544,7.646826590754011e-05,6.0,0.11441163832400306,0.11778037309231495,0.005819266235594613,0.0088849371474678,0.04460559789624191,0.0954607580368538,0.5736929713396559,0.015035239892117908,0.14601877155518955,0.3140846024566644,0.2,0.2391223515640865,2.0758524545050636,0.039252117989180525,0.16222894982753278,0.33860593221812313,1.4660970949843946,4.141259247330636,2.0,0.4114300443816918,4.823281907297366,7.651825074601613e-05,15.310044946890525,0.06347903845980371,2.8378886240492305,0.0005867694993013797,74.71182635936975,8802782.779204756,4.462207981477238,1.3897395310499547,0.03733543437193182,0.011158092365456984,0.12734443780314741,9.864356849731672,79.45335186899274,201.7298309366,422.81008843954453,43.22652674629813,0.05338001476066612,0.17116594125778933,0.4899636387300454,0.4389505261966248,1.023648250136609,23006360.88594082,15920068.898365837,59761356.635928,171425982.26053545,266155247.00972566,35.798788310841346
0.04217844339819523,0.10495545593760702,0.059999240097333685,150.0,0.0012468333859401114,0.3431804240152657,0.36172736099983194,0.004873589993550068,0.08597135593229967,0.25,0.515212210469161,0.9064857105804472,0.9121948617346625,1.6428322391505156e-06,0.08173973735079229,3.6390291689243393e-06,0.04449383875933399,0.0001,7.033880237081826e-07,0.13667166055813224,8760.0,0.2632897236074578,4.828468234210742e-06,0.03650467753525719,0.014680051818042442,0.04409967208072444,4.59358856714511e-05,6.0,0.08415887619974416,0.07136513403176517,0.003356334255149619,0.013054484647308576,0.03462619097392662,0.15834215856036984,0.5266217838914563,0.03574816084545825,0.2303616689780995,0.32699636664052734,0.2,0.19330009102410273,2.1665443848070876,0.05419210065090643,0.1464781933104028,0.2731725497918457,1.9821341816274591,3.817895585778297,2.0,0.3689167098760291,6.8126553013865685,0.00013302627625145637,57.20727765473558,0.044004126335180305,2.613678140616324,0.0003363521719178245,83.725771862918,4286192.846372368,4.130190112898407,0.5653689196209323,0.052986604090411296,0.02326541848134792,0.16900281383138693,18.746845338531035,97.46413235848307,164.93337351673094,498.1587973791668,94.9153538906932,0.05284993557865336,0.17761194506499525,0.565212694821176,0.5333597103765709,1.0366524018547627,20702797.2950998,12363896.46372367,51887026.59642965,149606677.2984195,423400435.0924154,25.27708444200537
0.25071889480351256,0.15487970352386693,0.12764370929228921,150.0,0.0017115690839909683,0.2229549665926176,0.29319995839652463,0.016558165412342764,0.032219461908512936,0.25,0.6556743580621964,0.8465350657758685,0.9645647722944769,3.0703751117883207e-06,0.021901462414811296,3.7997835104312475e-06,0.06782330365703577,0.0001,1.3498622425985533e-06,0.12298254325653794,8760.0,0.2757690645673132,2.375602207222503e-06,0.0296753344040547,0.010334066230427355,0.029570009798302002,2.919634417281643e-05,6.0,0.14156804450551605,0.08686745095507527,0.003203084578824835,0.010996531727676246,0.03125281462791939,0.15158972770365986,0.5704112299233246,0.04554523485989679,0.15037808996284774,0.22860325595178937,0.2,0.1521612810446693,2.300913922723314,0.023282797163615757,0.06304252800687463,0.42261860243124794,1.6668064449800477,3.0051554225201715,2.0,0.3327916121125688,4.896834588834896,0.00016280014777505803,47.8820165768912,0.0663480448966818,1.6336250851076783,0.0004468941836587498,34.49064563164669,5355003.954916237,5.427238687177795,0.23985742288346606,0.05039629133784167,0.00626779785999298,0.1284648878036354,19.49552399797377,112.3265615669423,186.13364640576907,476.7964290578851,56.75790721952082,0.09786194456774339,0.153382620866914,0.3731546260120568,0.5984079162708527,1.0559751506527513,27542295.715607736,17638882.69861064,67010332.97808524,278818442.9451745,411890998.4769355,28.277242130875248
0.12816292296195714,0.11733495957539408,0.012951109709157844,150.0,0.0009063269459703868,0.24895360199698938,0.34518587917902416,0.01030458929021569,0.005419900167308941,0.25,0.5858466560426442,0.7937985042920698,0.9602176633381402,1.0078464043131312e-06,0.045630028895936925,1.0648977935246043e-05,0.05357773615807607,0.0001,2.2931962708110007e-06,0.11475520549684902,8760.0,0.1848584229970242,5.325419254981687e-06,0.03375603537743266,0.013653807711226047,0.025481819799210458,1.1223126239426343e-05,6.0,0.13659731479781576,0.10362449525482591,0.0003956227859366755,0.011570677606156512,0.0484935155900891,0.13668136750475213,0.5908446460298453,0.03237403688775238,0.12072637922338528,0.23875415539022604,0.2,0.19423392079416374,2.697003828817956,0.07027923241243102,0.1545841219465866,0.34368295022022266,1.5670940838577134,4.064472873227552,2.0,0.42465185531527033,12.811537704532247,0.00010365900759313293,10.675241835451812,0.056600178740864926,1.551580759293113,0.00017624629621846907,26.089450972840716,5109407.569084064,5.074396917513212,0.4448615464056948,0.03640737198830765,0.006580105517558866,0.09104896832477527,21.543062928355567,88.87852164672162,125.71291972202013,462.5704989226419,83.65647616133023,0.07319985002028766,0.11892534303835091,0.3770814541900579,0.47635510148457194,0.9910581808673494,19486068.73478668,12136701.16545888,52428957.33117855,156278368.0928922,262381222.74922428,30.55143212453366
0.21537351082716227,0.18957491168617885,0.21369829755465972,150.0,0.0006036082372697656,0.3556551572830523,0.24636327804876437,0.006013032866438209,0.04334818913070217,0.25,0.7205526435539791,0.8435082051615297,0.9504844399161579,5.324711898053443e-07,0.03792364208502297,2.5231796660642648e-06,0.0725896856664235,0.0001,4.940476308980128e-07,0.06985676950018636,8760.0,0.19631273613383804,2.9961986613117106e-06,0.025535601301312397,0.013929114678907381,0.02482224431886036,5.4734155162377096e-05,6.0,0.10268027677163648,0.08828786332237647,0.008346501498547855,0.01093550805019072,0.04578393316846338,0.15916464692849477,0.5144647384923686,0.022056199958570763,0.14922798513626523,0.30682501852836447,0.2,0.18533383500363215,2.5199087549289025,0.05697005834843287,0.10710461638355152,0.42625654703187077,1.6731692154421531,3.254974601621046,2.0,0.36054082023608136,12.033291771837053,0.00010986153076325222,32.65357088564115,0.05647179996569468,1.247290375837475,0.0003916825092336204,38.59600702736509,9672743.221761972,4.873719600403081,0.4740626823108877,0.05888702531488854,0.00509954737255882,0.06757802265554043,24.13961357748264,76.93327912318661,168.56444557265849,439.6493457412538,78.64766608520796,0.10400796608055535,0.12517334301586824,0.41122276341878006,0.47497918097524106,0.9920594470478273,25546930.495781012,17407789.470121786,57993582.00320512,147551816.67970255,375821827.15914375,35.28500357217731
0.06580561523403126,0.13236090933723768,0.052115184139481296,150.0,0.0007530157756698326,0.40193897643392995,0.21488298392811572,0.004016785014322362,0.025397571646567207,0.25,0.5192903804424843,0.8706772576085998,0.9466751426261897,1.2497511295073773e-06,0.028875769025972484,1.1841614734594827e-06,0.0614514076784011,0.0001,8.504735584534901e-07,0.10683125795563789,8760.0,0.20426108660637088,3.9837093083129405e-06,0.032054432065270484,0.010469537094204636,0.04101130805323511,5.918013637591572e-05,6.0,0.11681908581721065,0.16473309726520674,0.0010930588612074216,0.013268254684556918,0.05015270897756537,0.10254025846910791,0.41419508860748083,0.027217307059061023,0.19552939207907047,0.26415227900734206,0.2,0.2609537395466555,2.800502210109962,0.055361076766157535,0.12963857623978609,0.2952722491004931,1.4256982178956703,2.6347264724695485,2.0,0.38208732159676123,7.1991663053015165,0.0001507470186928464,36.77452928148876,0.09458741719966621,1.969598423402396,0.000693698256839002,23.90287298634645,10275950.135922283,4.738348990932713,0.2480697291714089,0.07941857735628198,0.012566690045463565,0.10364560736100607,18.68084795951097,66.95183429837202,149.1619841905818,450.79105236729436,60.03815302910151,0.0647418727761606,0.14403617472067137,0.5396223074185296,0.4859216504452901,0.881502205270796,15918005.456067827,10976523.30359409,45069253.97793735,85955252.44055653,136283878.8648638,26.164714070203235
0.16195105230977183,0.37487827193866047,0.04650584763104811,150.0,0.002109901184707334,0.3776650233711242,1.8173661624915347,0.009598370481748374,0.03099987528117687,0.25,0.5759159981251873,0.8697165200727867,0.9212938592623007,1.669753836660588e-06,0.03920564993582071,2.0915879952252097e-06,0.03953375280193379,0.0001,2.2078853244030905e-06,0.08488752412831374,8760.0,0.22628425232974886,5.044853603806467e-06,0.0258645098393383,0.018770679726998408,0.04222872911448219,4.32978426686208e-05,6.0,0.15697421906046088,0.10510842934314887,0.004600768238233215,0.009366645181582499,0.021739467224945224,0.1625442219008308,0.6679465438300188,0.015333595517368855,0.1144931846609618,0.3343879319211668,0.2,0.30862644401405015,2.6824128298933707,0.07207146868485095,0.15872667682700153,0.3089936240812577,1.5175429365825714,4.807957647229845,2.0,0.3782962770512528,9.993340676930114,0.000171050496877493,22.552119022466727,0.051108805592920345,2.7019195842397536,0.0016234057528600394,37.90406006295407,7005548.470972425,4.289504286076363,0.4766328295718972,0.05551364618804659,0.009620935536309612,0.12159642046435547,13.32723918327694,68.86964068963916,130.44906979616422,398.08669402808187,44.743184876885195,0.06143043070130617,0.11191446642780511,0.3043261010146584,0.5874749208737677,0.8957462254112922,28575433.822868872,17538695.2185496,74643703.552803,216308398.95269528,502131303.27326125,36.94430420321084
0.12029888765933239,0.06354184381066251,0.027147462005830642,150.0,0.0014490873145418636,0.4129699456862522,0.17666818820098348,0.0036582283297039954,0.036696604201508255,0.25,0.6263262277767533,0.8408970748464889,0.9426756612229107,1.8966543482329298e-06,0.08446197913051752,7.951266718096681e-07,0.07786144013548718,0.0001,9.995628568005896e-07,0.10052507134869199,8760.0,0.20504690433021755,3.743212960724767e-06,0.024273064918696362,0.009734703095339534,0.01962736468666843,5.487451071990544e-05,6.0,0.1639710153234361,0.12199732657100876,0.0010742125367225511,0.008139690167211826,0.06845825071512872,0.1903127096839433,0.6064081678601758,0.021484733725593813,0.17898107984487058,0.2886311703951224,0.2,0.24170737827375988,2.9491401663751997,0.09439945870319948,0.10306195957480445,0.3621887460830163,1.7059074951368918,4.414883758265638,2.0,0.3472792934795875,8.296399493926112,0.00012957778139160224,19.882276032324192,0.05336879797431056,1.8107651914426177,0.00035924688531375587,42.90783693675442,8411500.58134675,4.19115745106767,0.44232152293286114,0.0548269381121481,0.006892222121261896,0.05474805201795024,17.602222141237583,116.99493545108236,137.66681506739076,416.22469227145956,78.9372024527682,0.06408257153305161,0.23046789801387216,0.34495017785291404,0.6519615304501138,0.9976340732739792,20234724.24843061,13409223.340810962,51014687.21571545,159803896.66770265,301233572.79760444,21.896401779601472
0.06841284007637212,0.12179363949526263,0.06760000950368232,150.0,0.004939878255676546,0.4560405164519493,0.33835829231909587,0.014239236986810812,0.059103842518479915,0.25,0.5960420205509988,0.8646481990039737,0.9713906465911153,2.515661294573446e-06,0.04080546435416773,2.083188263535246e-06,0.05496036128513991,0.0001,1.0317121851155474e-06,0.1321776063770915,8760.0,0.398177495665997,1.6694111798840092e-06,0.029937529756776108,0.016443171551844035,0.01830894909308538,8.208749343550028e-05,6.0,0.11986647324111331,0.14138252515214744,0.000681899185302061,0.009385357809416876,0.04176984643753784,0.15457660144810348,0.45819730980657514,0.0289538282451196,0.153604904356841,0.39278146726573704,0.2,0.1898486912649318,2.3910276476996284,0.07003523865684262,0.13603519818463305,0.3945209630841973,1.5757261876875166,3.2335164011447493,2.0,0.29310151003109586,7.006286824926109,0.00012722273376091804,12.055059668414572,0.04503505983604575,2.5167371070398725,0.000713220677637787,31.46627542697101,6145927.078808842,5.580348039359982,0.8728390265991142,0.03656529110339157,0.0031655535007625284,0.053581236211125656,8.300149175922538,92.97227383172856,202.51706772969123,357.4256103445299,78.45685532661388,0.08254394629902878,0.1579118029046363,0.42513608444362094,0.6700837675863909,1.0348652602779722,35231563.83160021,22896303.20103839,85895576.87945569,197405169.86519974,525630084.42755127,35.86640384984885
0.08465771181536536,0.0664957892976241,0.07352378582986194,150.0,0.002975472892855787,0.29260815404531604,0.5115574854963436,0.024878679566205594,0.04186336069983394,0.25,0.5986111403086437,0.8411041159719743,0.9479484971548735,1.970176304951681e-06,0.052310430213483125,1.6554671382595583e-06,0.07523145554946037,0.0001,2.6724481567129872e-06,0.11091797595528016,8760.0,0.2715984370206714,3.2728190246334678e-06,0.03154326179509739,0.012206190297553743,0.0338680746017137,6.969070637713013e-05,6.0,0.14870172594267383,0.06455644065379099,0.0032996953396120807,0.009033612217546,0.03175265365011574,0.19528028246821355,0.4745826140636278,0.0311073033180456,0.13844739523692545,0.2620672398596862,0.2,0.199710758967874,2.207812760721345,0.07884849448180195,0.10526286159515824,0.32902775337790124,1.7673264405274358,2.944813547005415,2.0,0.3644603379293172,5.743259990037334,0.00023374839880305125,41.14670521372285,0.038247939435681305,2.7147237837438785,0.0007887380702114229,28.527852895325903,8469760.670669852,4.047507293048233,0.26934930925807676,0.051978069428119486,0.01515684166870632,0.17646704728207407,18.1788923356622,129.80213684739937,166.0706708433514,433.1732849560798,55.22169489025856,0.03436012991186251,0.16039320538111052,0.5602900125010315,0.6105267817124014,1.002073741739045,22784883.89546362,14558464.764703963,68686813.9140505,147938017.77376425,308556413.8084125,29.41769922931968
0.06427818973397235,0.07114073973670641,0.022675383369606165,150.0,0.002767695049753429,0.25475153812546736,0.23244576558438382,0.009330371360642315,0.06529251983849621,0.25,0.6772499865973143,0.8926556426421787,0.9482904588617537,8.424306150587584e-07,0.02813857700416863,8.264911445830203e-06,0.042921325008094084,0.0001,1.6881877098402196e-06,0.0948508747700757,8760.0,0.29646812598386724,2.1100387663431516e-06,0.029611656496361,0.01305070005022228,0.01614170792338416,0.00016259465802470776,6.0,0.13948416958983134,0.1715699039133114,0.0012475503921324496,0.014330357716937896,0.04069080409757826,0.1784009147652515,0.5647857421187317,0.032981673887216685,0.13916446151984743,0.27113417008396173,0.2,0.22099995737175537,2.0213792587801014,0.061806793912959984,0.10640608939104548,0.30420855556764914,1.8311071335228584,3.3539930065257884,2.0,0.37059448780059645,4.776507823771015,6.784459905273282e-05,51.26768773890557,0.05827287802123833,2.3547537084782073,0.0017063087852045367,55.579745112695115,10168214.626807878,4.36572636336575,0.3218251403613742,0.057778965240586344,0.013787557252233969,0.07232031696908103,9.616067310408202,107.81581316425387,191.4564026998073,369.7200104467595,58.20926517612587,0.08405228209573865,0.07974442479791445,0.39405384293843415,0.45140010747331205,1.0201503816804123,17615943.77438741,8501020.948520374,44915520.56834722,181135216.21487102,366249628.3924791,25.61171695123576
0.2578965538337989,0.2125711147004526,0.03728758739548708,150.0,0.0014212884403986782,0.37854996100133953,1.4575896915511575,0.026573424859859897,0.05882750970960418,0.25,0.7285056069541357,0.8754563492416076,0.9451854847598758,1.2918715327457997e-06,0.04153779474253871,3.4487915470406943e-06,0.06259672173038947,0.0001,2.2874780878597418e-06,0.07909896530821671,8760.0,0.2120413623215278,7.981265308573258e-06,0.024722011928727285,0.016652189121599287,0.02113905170749176,4.206283807154454e-05,6.0,0.13416264623246205,0.16867715405464379,0.010766325076409091,0.009662640634122865,0.060078341909988314,0.1705015331693197,0.5128386965972537,0.024882046833682968,0.13528250805791403,0.34261338797362445,0.2,0.18586559374223763,2.1838602600296677,0.07335230013412565,0.16784876368377347,0.28016285342341807,1.6471816019329246,2.7153761678605495,2.0,0.3245467710390781,6.960717047827016,0.0002600237615224783,40.03621844489558,0.04743593785341198,2.1031003434754636,0.00045934554726626264,36.780441094471044,5930999.678383393,4.686741496655807,0.5844718441862595,0.05726695783709766,0.01010490355015715,0.1229999284499784,20.138243776653987,134.38991285539996,141.07911951339517,321.0935339722603,57.783357491738954,0.06417148324343788,0.17020133430872045,0.5915459359444353,0.4695454558030952,0.9669691390662106,22843507.208866205,15462451.965573069,56257105.28466671,113799428.5528204,309683334.21669203,31.938870058937376
0.04424759796168834,0.1842446506293797,0.04903850427485874,150.0,0.002522976810755536,0.15995934747861615,0.5176512106572878,0.009800366240375962,0.029817618306060865,0.25,0.4554625475105996,0.8338718905990681,0.9195071772203477,7.663782956839964e-07,0.026309196579948152,2.771215614487888e-06,0.04506755358382511,0.0001,1.0619135825325311e-05,0.11880559461481921,8760.0,0.36424198487820514,3.174757756223103e-06,0.02869702296233711,0.01481666449475602,0.03599064209704693,5.880352273037168e-05,6.0,0.16333877513429698,0.07949646133844604,0.0005427044144079486,0.011285357733381345,0.03148111469834851,0.20600894302894737,0.5388486601745626,0.02401606803139167,0.16253468352454944,0.36544714879583207,0.2,0.20408306660633196,1.623198554994471,0.05893728910273696,0.19461478201076354,0.33650026647515024,1.5042774133663195,3.3712522121804613,2.0,0.3435753858065229,7.6682409466891635,0.00020037615646246402,29.93973463460221,0.038617651908900416,3.0611463923632276,0.0010615915210026906,32.4570686305772,6057890.021311662,5.317986480538221,0.46625979235585335,0.0744376573701221,0.0172552385534071,0.19025484397829184,12.213661048340084,92.25126811909864,142.09882342084873,333.44077360387206,73.30504813305137,0.07256711132142529,0.12345973257969078,0.5591481726280993,0.3227539597765966,1.0579903049824328,14904702.529675279,10046317.212758515,40084333.15023851,93850033.90867086,158856883.6161149,26.799756348637157
0.1403733321076584,0.051328202802366364,0.07150320981403091,150.0,0.0004898009902635588,0.41717462501865654,1.1422969638141425,0.011445641651806164,0.031660567970630556,0.25,0.6609722768542026,0.8223695060080893,0.9492685575724412,3.5732275179298695e-06,0.05208267590910126,1.8737050716322462e-06,0.062382604805091196,0.0001,3.3764576472118154e-06,0.09793340521937002,8760.0,0.2657101140596627,1.8092343679919974e-06,0.02414550361237028,0.009811008788537832,0.01531741033136639,1.1804072580017995e-05,6.0,0.13270475526668785,0.16051826831184385,0.0013645304946315205,0.00959073664010266,0.03328857061107326,0.19221049225380946,0.4502863135134687,0.03394745502534071,0.11037119998301842,0.28992728538233553,0.2,0.24192900172692294,1.8394589751753574,0.06311046767139557,0.22239225335673213,0.4453441091044379,1.5277515652465175,3.460874589209352,2.0,0.44926028214135827,4.048975084072383,0.00018758223100042408,40.18679183296168,0.04853443786575855,1.9663805679995299,0.0005997494836618181,26.908880912219864,7368229.473573819,4.269166678984634,0.4881369403324016,0.032420255341545495,0.04876347092144084,0.1547374604041334,19.707920422786216,87.92786804640319,163.36365931502837,339.4827668878556,87.69380552244186,0.06556189885958315,0.1394831840053987,0.542543559923031,0.4739824684792041,0.998594396029573,16743377.52828793,11106137.206286605,52156698.39954573,88917497.98749994,152797482.25961372,26.70229527135114
0.12433258324132793,0.1344676776445494,0.06737791144807674,150.0,0.007581236321727209,0.26249403820097683,1.0361589628223944,0.03899969008607063,0.041205783039710925,0.25,0.4513167039357212,0.8866767192627989,0.9738713747841067,1.9094395676751187e-06,0.05250535825824072,9.57300661369512e-07,0.05969786532406143,0.0001,1.743870742311478e-06,0.09511766908707858,8760.0,0.17253193064076114,6.756206748660249e-06,0.022917146853101696,0.017749573231808386,0.028108173947322027,6.098986311783933e-05,6.0,0.10018597536121221,0.07868132612004468,0.0006645265756309641,0.0129251117136449,0.06772473680998727,0.1351777700002647,0.5899006018949519,0.04047004335931446,0.20237663582384807,0.2455397372374855,0.2,0.1919331370162276,1.7471569398286166,0.037722884235005597,0.24597967501453016,0.309883036063601,1.4221177902863984,3.050493811239077,2.0,0.43041160260992106,10.448971254598263,0.00015573716685642985,35.65114914781514,0.07003976624797519,2.374331823481176,0.0003970858179367416,72.37492469900451,10111838.198621217,4.848688405035855,0.204641787855432,0.08497819074102818,0.0078102414753516295,0.14335151997135814,11.645026315554812,67.17606079958934,155.49212141752108,456.9378633648478,60.090660203189174,0.07819830255928106,0.092157528648985,0.564589523629234,0.4618107979672611,1.0317551958887563,31438587.550708733,18284066.205286957,80963312.44633156,311789875.1868579,487474714.68696547,43.92910074521552
0.03066817487727185,0.11909583974963614,0.05007263526806416,150.0,2.5192728899601015e-05,0.3674032583358824,0.177190160381515,0.009526214221169737,0.04061674955401597,0.25,0.520281294293916,0.8032296506154925,0.9404126471496987,2.069331051879124e-06,0.05360961757411635,1.1449425922624576e-06,0.04746258163478874,0.0001,1.6741457703386923e-06,0.06424689947702714,8760.0,0.4640628455971294,3.572342013473961e-06,0.02582699891433613,0.00908999566865812,0.04086607768400581,4.262292103172876e-05,6.0,0.09846326765909,0.08788603513309365,0.002744465027380618,0.013161450931453447,0.039701286424688245,0.08731435385675676,0.5214725326585075,0.024997622644727865,0.22705969908829016,0.4087611665731382,0.2,0.1697400673251293,2.315517775818252,0.045224180415730994,0.1909063749427718,0.25231487283090454,1.8665063776303685,3.0759531013077535,2.0,0.4447001512077158,7.902851696790028,0.0002865314749738585,17.05998821101756,0.06914404079382817,2.5629688304302904,0.001040830993406769,57.791724904917615,5946946.589730173,5.340893948374953,0.4204371719213156,0.0524368251981476,0.007379197241135584,0.10176203159508843,9.388432967196051,77.26634883199992,130.045862648104,388.1843391675119,100.85143558023789,0.05110920999087129,0.16660054763997456,0.48527448866171685,0.7157388517030501,1.0244773961928375,32647071.41825278,20011430.166672736,92087387.95724726,220004367.41974288,391646912.63079727,34.82768578134243
0.08144916787462822,0.07025134369858613,0.0258354493029292,150.0,0.0007622348937361867,0.43346977029481226,0.3662310701925085,0.003600008698165562,0.04827266804550243,0.25,0.49146111907223644,0.8432574476539892,0.9590214470074829,5.090704067253435e-06,0.05672421001464034,1.999565814466286e-06,0.06502976145546523,0.0001,2.025664685214971e-06,0.08825461941258474,8760.0,0.28127457499749964,4.047450270176469e-06,0.01998721481939473,0.012307766804255143,0.02030447002702397,6.453775712899368e-05,6.0,0.1080897675652957,0.11131809528700165,0.001645487845585349,0.007881346660216716,0.039427313110349416,0.10524342120794483,0.6691197264270045,0.04095946933148275,0.158524766849179,0.34570961634730546,0.2,0.2222800521562548,2.072379775113723,0.04560792855051238,0.14107533468498573,0.3704293279072533,1.6307884560962524,2.6067960029080615,2.0,0.39642735450816485,6.990159183559396,5.210622353610191e-05,23.326038419021614,0.035589310534636875,2.1982209604858762,0.0008684501350894493,46.80170879715223,7626556.94877203,4.403607077549574,0.38817739704395127,0.0729461592718378,0.0042124905323183475,0.11536899165286221,17.341547110252705,120.85913079350178,152.6443370578449,375.96693215231585,63.233968563486584,0.061238314694578355,0.14493818790302565,0.4580634664204961,0.5604573500301124,0.9689043206889526,22946193.057729896,13999427.595741516,64469826.67903483,189364388.82049915,337396145.76414967,30.980370409916482
0.1539833218631053,0.11393883766407838,0.02353996778224547,150.0,0.0012764931473622163,0.1971354684440352,0.37993803600581266,0.021757095576736805,0.014933213426092705,0.25,0.7058100310741533,0.8836843402102036,0.9782618709195554,1.3165333701343188e-06,0.06492238576352287,6.308892725229179e-07,0.049994559852786044,0.0001,9.65841211575575e-06,0.07430915145294123,8760.0,0.31069668864009287,1.1615799570139911e-06,0.02646084262763899,0.013968223456346431,0.034055324391221165,0.00015234078124779012,6.0,0.07226542918978449,0.09422303885805826,0.0009297415478611025,0.01508994624326103,0.0388537905408268,0.11277881292226516,0.3774321893587245,0.02656235271223554,0.11732638464076955,0.33328354199350085,0.2,0.23805915129828556,2.469948499012517,0.04417455493395013,0.13229319173213427,0.3171872034205256,1.4778223167445024,4.76232216460149,2.0,0.45584591598062896,10.676535398168841,9.160628420629349e-05,28.083633621644815,0.06385500038043447,1.1387502826598481,0.001575497595222596,57.34870429816775,8875982.394801002,4.467246316921246,0.28497277704138274,0.04227683377889747,0.03546574626231389,0.16353742562502632,11.254354673231493,82.51440774779331,205.19609075553882,374.96803852999506,52.497543984042366,0.08089973016982813,0.15475084049538843,0.6560587891858426,0.36508574936621074,0.9597824921497335,15801810.558525203,8193178.277145542,55504734.903202206,141360179.03802273,213039177.64449015,43.803091395458544
0.28929122916498906,0.4229261754657083,0.051378067606255344,150.0,0.0015334506783741396,0.3476541268187541,0.5105208184730187,0.007697367248690253,0.012825135902926051,0.25,0.5954489894585894,0.8065129692119168,0.9510206968684353,5.258313285496563e-07,0.07309815168294154,1.5354870552310275e-06,0.08712095878464075,0.0001,7.297870755781116e-06,0.09153230660815902,8760.0,0.4157687771614731,2.878538122449451e-07,0.028353524118747846,0.01887441067606054,0.023856378449496854,5.440784855154492e-05,6.0,0.17069513418753052,0.14577921787621126,0.0007540555523139637,0.00955740021698653,0.04080197731576386,0.22635827991380716,0.3723708932043531,0.016278243822678062,0.16192958635720062,0.19787475832039764,0.2,0.1907609126896943,1.8746744148095527,0.04986351783560364,0.16290968080106022,0.3670589728684073,1.5963574926355775,3.173097479657726,2.0,0.41179159642222685,8.632270343968788,5.826499197329196e-05,60.05924632552079,0.06579921558763459,2.423367318205348,0.001017714945548825,53.870194855182746,5800003.153393841,4.282940071894004,0.7220647578342672,0.028990259771107987,0.014599250244078247,0.1095279168424019,12.913758556256298,105.24425460443433,121.434244508968,428.84469923129416,90.57982323824555,0.10845094448967856,0.11658593766254724,0.4143916016916167,0.47348138236770293,1.0741272534211195,35310977.56084023,22412098.029492583,92543430.37186316,352411786.2586765,471671346.7894471,48.20368133392121
0.08886307803144991,0.1275495745979353,0.05843134315418163,150.0,0.000498778737265368,0.3272979272567217,0.3772518332796596,0.011922191235561761,0.008665577687151387,0.25,0.6901691333566049,0.828630326929945,0.9205114373566791,7.955551614829512e-07,0.03642841455890501,1.119229124735016e-06,0.03151909165484592,0.0001,3.333275721611691e-06,0.09701158081689762,8760.0,0.47954911123844446,3.609956536629723e-06,0.025197029543864036,0.013706268758894502,0.02472757589412735,3.7416127632837136e-05,6.0,0.15116680673541205,0.15644596929685378,0.0022239690447901925,0.01758304953027298,0.03338130568370386,0.13183475198132305,0.43382650386021504,0.031217803817229224,0.19247421026045686,0.33183190004325686,0.2,0.17366297463665542,1.9055936018143744,0.027993661127589817,0.09799930053241128,0.3358873505518075,1.7349920847368958,3.719534310584824,2.0,0.30556341259118736,6.537226228314254,8.925716454333553e-05,46.877445360364895,0.06129201719590707,1.2371210389235172,0.002814044955108906,29.37269768868756,10073965.577847468,3.9156375916857598,0.3938982080442793,0.040051965856069544,0.013105298047480814,0.12971003771927708,20.7210616183202,124.67425676135761,167.21085216257057,418.76757602457246,58.891290021246874,0.03863503487541624,0.11733683176686185,0.33001814456290907,0.6677278728997755,0.992859800115938,23849546.597073823,12529826.958858337,85568297.97674526,193165714.54299298,313702942.8483024,33.80774144937666
0.22625867426661544,0.03928975469889235,0.02321554021429108,150.0,0.0005334642838681291,0.4457662428322914,0.5757901693900186,0.023813816580967054,0.012098836914766783,0.25,0.68803169787453,0.8187171861570675,0.9689993924247975,7.107863921058645e-07,0.06229123366881466,1.0948056788930473e-06,0.05168696940355105,0.0001,1.3702836032744674e-06,0.09756382747985079,8760.0,0.35413180793259236,3.1221171986846805e-06,0.034243823715821874,0.019832176283669106,0.03708491265682573,2.5953103854849762e-05,6.0,0.13083612219939875,0.10015628827333142,0.00021616362160885012,0.009416661854119707,0.03617603938105182,0.12300128844536352,0.5666399456461273,0.020822115710097656,0.23862132677117198,0.3216378446565164,0.2,0.24415176676011968,2.3241669264611975,0.041242454845310694,0.16540142016868936,0.3843798461685307,1.844195696865881,2.6703583977755545,2.0,0.3452737040791787,7.594073148082577,9.141920915403255e-05,57.804859040619554,0.05397049574720249,2.054529040483924,0.0010566688446420527,41.36115805713508,6255860.065951104,4.503913658045374,0.34108387270131585,0.052131998975989136,0.012016305565263204,0.13511113359462662,14.174508049068237,72.06687849092079,216.8924214895435,358.6989658977602,84.31625275235209,0.08892737313214531,0.19765714619896804,0.5010957763951204,0.7116222142151123,0.9947505461353735,31782004.217623077,19557805.84150023,80060578.44148074,237996139.55739057,547581883.4505608,30.382367601244276
0.078226806563769,0.15966430080281457,0.07558289309992242,150.0,0.0021796378188592073,0.3172553995153605,0.9322692550588791,0.007087720015941213,0.02024063570321885,0.25,0.5002801203246151,0.8759440660756278,0.9145994662518483,2.4948175423304425e-06,0.0630208097864994,1.0387302527924348e-06,0.05417971615464044,0.0001,4.172958524982817e-06,0.1033477312619448,8760.0,0.3739364305942522,5.153184912401101e-06,0.025331680939607408,0.01133982641993454,0.01872840497713358,9.402661366583257e-05,6.0,0.14363065563247662,0.17880824901324865,0.0015067253322157694,0.00799922581668712,0.03843025020567481,0.0978584470425808,0.5387145525457829,0.03414217102062885,0.150827153819623,0.21334059717404985,0.2,0.1824329955760534,2.569071759409155,0.06561256363181894,0.19290869013992096,0.3905537553030425,1.750394231104338,2.6451086834217037,2.0,0.4261389184588122,6.221697781941868,0.00014667217490866942,24.264968728829842,0.05604239201621508,1.3889058192235113,0.0007169228263537198,49.53847268707348,9541108.671865325,3.9002400875595433,0.2524870496844462,0.07213346394258409,0.021021076241567686,0.08641422465030604,16.227094478231685,64.0474407736838,205.6686992675097,428.0442701282011,89.3034699269283,0.06942379585586006,0.11838655172109827,0.5869031913127306,0.6323919870209357,0.9467698902318574,25679930.25710151,17935682.36788626,64671639.27995208,195944185.00775093,307975033.2651351,30.118170967802694
0.07481963776825096,0.1130380549363575,0.11089616016537598,150.0,0.0005783774119216535,0.44014621725339065,0.40817896619724897,0.025179307890775427,0.1326374984019794,0.25,0.6301774205568025,0.8196730932278105,0.9535848599817333,1.0281705612291677e-06,0.07289225020999442,4.051777955051518e-06,0.02290615451895309,0.0001,2.445409386945941e-06,0.12640437541809918,8760.0,0.18293127159806677,4.289916738038363e-06,0.027408957136016272,0.014347624024901301,0.032569201221404706,2.1614018494944227e-05,6.0,0.11112513531098867,0.10160606702343085,0.0031685767045390484,0.011963102132392536,0.03377506566278543,0.08890098653939388,0.5701388048067364,0.038246567539878734,0.18006953855398938,0.4025899533166898,0.2,0.19144664650915807,2.2190258332355093,0.04079851867695786,0.1575234863141041,0.32528024454431803,1.4854047803234698,3.1455656788671202,2.0,0.4234946998072479,9.560348528112543,0.00010804310225981495,37.11676164699112,0.040329956421268125,1.88844600332639,0.00032994683514297004,56.035625258864386,8034306.873706697,3.3237269311791633,0.7322822054544684,0.050650307150206866,0.012718373858365765,0.1410725939440605,21.294604695480288,70.76799595310953,178.39938961191805,453.8602981436362,101.73989508766542,0.0618129999941005,0.09457151970565664,0.31974438742519523,0.44731506346366173,1.0010577912867462,22082713.2365965,15174123.7335626,59050724.604367435,150873169.83917063,244509057.4425272,35.78359068090893
0.068505918875941,0.07243265667160388,0.07974696185940926,150.0,0.00133379974021428,0.16099201355963602,0.3703483352038156,0.022528423256188014,0.04622892835683038,0.25,0.5583486505546092,0.8470708647198909,0.9262826587222641,8.542690594891428e-07,0.043320670073963015,1.3275213242852261e-06,0.06534339796830584,0.0001,7.672588301207712e-07,0.06829709627393718,8760.0,0.26391623873963665,5.200622674411864e-06,0.019612450362887477,0.015209861774385696,0.014712018422695539,7.019626341924603e-05,6.0,0.13185685257930613,0.11813941383485478,0.0015837244091551044,0.015460147131137018,0.026517547547123287,0.18559923651774612,0.574806850184209,0.045102271158834466,0.195221724795686,0.32982821421521386,0.2,0.23570987895544657,1.9276225593083738,0.06628004934312323,0.15400498888613284,0.2849243541262443,1.514235097166117,2.549056029018077,2.0,0.37931443390408576,4.804712148639693,0.00016657049730759354,25.681064431490533,0.04599457562257423,2.028846749883621,0.00036543060057297436,72.0656494608865,9587377.155900083,4.155901590138183,0.45382822563255587,0.052288506458858186,0.022113543607511874,0.13229785374618885,25.23667590275812,112.52745698324017,106.14914617003245,336.8764994939622,50.74678813847919,0.04441920294932278,0.21806939035960882,0.36586928453617484,0.38001500470845256,0.9564402782649928,16395026.365107916,9397773.141286574,43423876.41896819,181228690.44788206,279998285.2262826,27.024295600081985
0.2979879073976414,0.12924950752106928,0.04812366796070023,150.0,0.0027048423687130083,0.19196372483712756,0.5265081711091236,0.026112168115533844,0.09882163193584508,0.25,0.4827453477691919,0.7915570329917708,0.9626369064465621,4.86614792806325e-07,0.039549794993350984,1.354989081745721e-06,0.05590986795309248,0.0001,4.903655658186852e-07,0.10580750344513815,8760.0,0.36146643589961425,2.1590054731683603e-06,0.031606108735847994,0.019150844328396054,0.03439079650748006,2.7326223325491447e-05,6.0,0.07443321790647721,0.09794663210957749,0.002095691863629837,0.013100149923613816,0.03469908069567822,0.13456088301763885,0.5292122306271106,0.024563453332974307,0.16418251860725855,0.19287358182217806,0.2,0.18652783619242275,2.203650180340042,0.08905178020055086,0.2010913709454974,0.3410943790677273,1.3527849749329608,3.179205682814925,2.0,0.39240654127186925,5.423959918683825,0.0001518130011577577,45.243601000708026,0.05768472362134125,3.6559926216386165,0.0006657163146328188,32.05521857584121,9508709.665522043,4.796344650060544,0.3270481438754848,0.04729063345076254,0.005485413668911649,0.11457600419402514,9.23218469035226,116.41487138710553,184.30850000537237,441.62257961455424,42.36972877500958,0.06169154583235097,0.18992771071334857,0.5050796638365551,0.438530842094481,0.9087983113517094,19852290.98402621,11777136.055125635,45816020.85118698,142234278.73220128,382011252.43270195,30.08211363745414
0.03705802581497125,0.08676722008358957,0.03867722530816875,150.0,0.0008910293540477658,0.3106207061769478,0.8133531950251723,0.002530331615319976,0.07306693017211212,0.25,0.6108224334030379,0.8563388936120017,0.9468775523307057,1.3715782219064934e-06,0.05762358103241523,8.687764587213886e-07,0.03739922382470528,0.0001,5.713573335188526e-06,0.12733207757945614,8760.0,0.293399570382903,6.685499441227541e-06,0.03139413089476491,0.010171204092491889,0.03525148045173749,8.594938854894194e-05,6.0,0.19415043503651958,0.14912091503256203,0.005688711440597948,0.00817421964587852,0.0469266573091517,0.1749768468540816,0.40640623802681297,0.013967266932100696,0.17392411435031624,0.3770540254537546,0.2,0.11170042316187469,2.19690300486574,0.06053644119322103,0.10026452277496134,0.36659320862089684,1.8711063701843755,4.0565111442818305,2.0,0.4422583765130761,4.748275193636323,6.136719986722856e-05,27.651897517715803,0.061944374824636286,2.679434900758257,0.0013234418333016185,31.98857275486356,7214136.83811427,5.1715835689615455,0.29629169858585497,0.05119498945031378,0.007611913427972226,0.10610635235180185,10.901180825517795,109.9812540407123,199.87648062332036,396.1284277916302,35.77977897549891,0.09591295663809257,0.15645570118058413,0.33901761925806634,0.5309839602095842,0.9471585510274803,17560318.287959486,9157177.45379721,52055894.75763353,162117674.871124,337231730.4065519,26.697570414291757
0.1438103806336376,0.027869514797096286,0.03304020748991631,150.0,0.0017241566894345044,0.18927177757186986,0.6332894267570486,0.009126956753483106,0.025345848640625376,0.25,0.5208048484464294,0.8095131448550076,0.9367258800463517,7.774942609975544e-07,0.07491952618945802,1.3094430605885888e-06,0.07178614002975466,0.0001,1.3572597462830191e-06,0.07509575131492705,8760.0,0.29470095411955444,1.2356876592509804e-06,0.03760228102298202,0.00771889558355574,0.029424280599331026,2.5558259912002292e-05,6.0,0.10848908678337922,0.07748342567372682,0.002706077818646173,0.011640995291910155,0.05573182926528694,0.1465034016413493,0.494742714383539,0.027739207377103434,0.10005824761399265,0.404183996449207,0.2,0.2759745726715276,1.7286792385945846,0.046585620682238954,0.16569012160195012,0.3357603410204719,1.5364340015025582,3.7823571735000105,2.0,0.40117934243629716,4.5046591320096425,0.00010854415704183891,29.727888877091956,0.04006279390600285,1.762405709307225,0.00022162286210494344,33.684050772604394,11189282.959879426,5.123580716993306,0.5692847945246506,0.0685730728605991,0.01007550193505402,0.17560381498520589,18.91981322320677,62.934849605971586,224.8440447059514,350.79789221445503,71.38134006553975,0.05792302945086493,0.19942319887055115,0.44414273697661194,0.3572206287140347,0.9993279270060458,12025780.654323574,8313489.284506901,29742405.444182128,54896609.50317443,151276646.33088326,21.281585952027168
0.06248167072269268,0.18294528335825755,0.08175448080577388,150.0,0.0016090419836924197,0.30286571719066957,0.2305978118169676,0.00978187468445533,0.022566862761549154,0.25,0.5626825294055777,0.7951930154478102,0.9572541541669469,1.6643668844226763e-06,0.0562070179929051,1.0793624312513392e-06,0.030113955502028396,0.0001,2.0673450645933517e-06,0.11693958000975853,8760.0,0.36111936101006703,5.094813126019442e-06,0.03441210294221995,0.013555936076401407,0.032499831851055754,4.4254209722444265e-05,6.0,0.08609193473834639,0.12434591855279513,0.001746478180138371,0.009787879093932778,0.04843583735684874,0.19336823226894798,0.4089782934538689,0.02981771892087598,0.18614083652981706,0.3749738294734921,0.2,0.15035854285051753,2.191195207395409,0.0675880013647268,0.08874171447679674,0.44901929731328555,1.7180661993314361,3.827439574644134,2.0,0.40912175212742535,4.567764864611688,0.00015202351222113285,25.540932463201017,0.05927590055716253,2.133954183843957,0.0009375548400688677,52.11321064884971,8812473.700948182,5.746372034073644,0.286762219745804,0.040332709423171825,0.014430882369137525,0.07444890505655367,9.010338936114167,114.94738245891722,260.52644500799556,442.07791466976227,90.8098378917513,0.055471546730056054,0.13799004121717323,0.36758251627648403,0.5634028354100351,1.0289063294156044,22878590.3733103,12948683.199360734,57163558.10689758,194560316.25998205,375395764.5096563,27.942921069472487
0.09503006557986972,0.032849997411489064,0.044955507372701244,150.0,0.0008529653934480064,0.3195821820472975,2.2606235972923967,0.005112759951920349,0.010389657013990486,0.25,0.5090204881169094,0.8333717890025896,0.9359127383212373,2.6408699031804923e-06,0.05529294509236378,2.5852252183954365e-06,0.03775007844515601,0.0001,1.596287640569341e-06,0.06908379649405873,8760.0,0.19520517036977558,9.957026490329937e-07,0.0218107240778414,0.014010917397264802,0.032097232770712456,3.2975217606608136e-05,6.0,0.060504948421617154,0.12562396138699355,0.003260473983879335,0.011513723530137496,0.059796198335218265,0.09757747109284795,0.47704895589905383,0.02786032110734448,0.1838162646715358,0.3541128371411926,0.2,0.18513877012985497,1.785591885170324,0.04214559321134796,0.18606009983837746,0.27107051425547635,1.9804602517179315,4.5373199731898355,2.0,0.2885962014864452,8.931092379996418,0.0002841976012576519,50.98790250328751,0.07107704143688147,3.137461965164724,0.0002895221635969873,76.58023899595267,7807167.825080348,4.935819331409518,0.3647212963001197,0.03145268039953332,0.024999785527604554,0.06069984630883264,9.609240939283689,89.88023556081166,170.65990223261196,378.55930828078397,46.76254328593276,0.06322372881038227,0.12632374599398438,0.39521274905095366,0.39460464807916373,0.9787568647171574,15704709.883730542,9444426.719428603,34014757.56564216,164629417.41210562,340513747.68228424,23.28944464925723
0.015315533601669562,0.06592536443823742,0.05217588322975111,150.0,0.0027158385884811734,0.2267028516404446,1.195499175418192,0.013100787277601215,0.0355798548744761,0.25,0.6025971920957147,0.8465096967599827,0.9545242565065012,7.870106185354955e-07,0.08792911037312139,3.963130203817953e-06,0.05493337506316802,0.0001,6.9122423051917345e-06,0.07803107812668592,8760.0,0.2581592259698884,8.53077523098406e-06,0.028803313957631548,0.01389818592490195,0.020190230137259735,6.580297285906179e-05,6.0,0.08348454270108407,0.09191521474558834,0.0012894678763175048,0.015612187594876027,0.06255182644042911,0.12566419768392245,0.5473547805350875,0.035503816603024096,0.1075974354444107,0.32872016269850124,0.2,0.21971727192325236,2.3815635672281905,0.05071911757578697,0.10175327262657033,0.4044853180658587,1.4540936578121333,4.383220653853865,2.0,0.3090971080603056,6.142691888279401,0.0003758769533245074,27.89603929584856,0.034597922471640105,1.5456614956093095,0.00014334850863380997,51.0054576939311,10644914.12542345,5.748812082264252,0.4822157194443517,0.04337881504531388,0.011230259462646806,0.13849762562982793,18.62562765074842,104.90606553592798,170.3080895043081,528.437897622344,115.31399387053536,0.046891180021403245,0.16935687384599557,0.36676654046897395,0.633548298717379,1.0473697740839505,19253245.321135703,12434897.002453059,50221096.360561095,127855379.06627034,223948051.55721712,20.988489029917417
0.053113558313277374,0.14761124750228113,0.11532499425020204,150.0,0.0001607761546001531,0.4498652522511162,0.49734817871906173,0.004131647488898829,0.02290227019992362,0.25,0.6386597748962352,0.7682512809561959,0.9609085270844964,1.3636869711316192e-06,0.07887132078036325,2.558022090503046e-06,0.030789212471664336,0.0001,5.750540836016083e-06,0.10005747344013598,8760.0,0.30163169163153336,2.0284258573721588e-06,0.022033830030920205,0.020824867709042554,0.0216002166755372,9.092843352582922e-05,6.0,0.1288328143488177,0.1359808874843102,0.0007972651299607875,0.014488300626968514,0.04624182066621367,0.07515882455750196,0.4289558532859917,0.015518683526912831,0.16684029711509146,0.37368445046873544,0.2,0.1783338165948002,2.1105387644616775,0.06930827477563882,0.1342736862048582,0.3024105562143108,1.4350284450739073,4.174481451282893,2.0,0.4848897973942351,10.72851304358339,0.00010134114911666276,34.408255697765455,0.05512829799276413,1.7914187641069348,0.000800485304031293,40.36244084172999,10124050.45558758,4.096730155983804,0.6176374142344931,0.08129820823192571,0.01672252261417453,0.13887418047487732,21.132041338340457,134.9124795794998,218.2972250795735,371.70709371629226,66.47003449392153,0.09531053279218205,0.13690996432140667,0.38719662186002185,0.5180678371244378,0.9323481107861966,23627383.695683237,13409828.131182777,67992443.05496949,180833549.51872623,341877927.98062813,37.649766265426365
0.10356866275585405,0.0630416829810849,0.03186696125893007,150.0,0.003508127348486777,0.32355618859798274,0.3248388734417271,0.005928988517647504,0.04971640459155181,0.25,0.5749306601421514,0.8400667310016553,0.96526386221346,2.6837837936791222e-06,0.0509687514302998,3.3879029506791456e-06,0.06819507795140375,0.0001,2.3251902703156416e-06,0.10377222203588625,8760.0,0.18822611142317974,4.7541562407249575e-06,0.030661676521835837,0.009326276937847723,0.01592230833748348,2.9062704038744805e-05,6.0,0.07538258091909712,0.0949151952307501,0.00037078224733870854,0.010202039518795475,0.06379384704968306,0.15420914157284382,0.4666708386869546,0.026321282372298145,0.13319465350319576,0.33019781322951347,0.2,0.2252911191457706,2.0965481813086724,0.051937938254667707,0.12067628590648716,0.3919348067256146,2.01759985771251,3.6948918988145163,2.0,0.3615486001143834,12.731193408867064,0.00013447721051252615,25.06548408316423,0.04716254448213836,3.2894213343032117,0.00029825130360936045,43.909336068625414,6014440.306218378,5.591430894208957,0.4048639279810874,0.044540214937907746,0.015765056848691603,0.06882586029995533,15.045568227494117,86.23913490330335,206.4876923743762,454.47314529940843,35.1346552440318,0.049658696047551326,0.11966358635212879,0.5311662396267963,0.5644366464267067,1.0203380049934632,24834326.71160386,15948454.453909671,65790560.07189253,197598030.9208225,384358252.5790819,32.05414543611241
0.04269790760495267,0.04745297532429953,0.028352665845338722,150.0,0.002814468950473811,0.2529731169907868,0.7558862138747107,0.0069842878645988106,0.025790561344223265,0.25,0.6512772138700145,0.7993933860154617,0.9292607004341749,1.259506641813457e-06,0.04690832143117202,3.42118027626245e-06,0.06655429800674076,0.0001,2.0372513541001166e-06,0.06501188419030401,8760.0,0.380492017728017,2.5835946288202685e-06,0.029576405238377762,0.011307619660334384,0.022427965888605475,9.325775687617213e-05,6.0,0.08131739012561788,0.11573813328296503,0.0023793227263491827,0.006406817503137525,0.021440338396316386,0.14962513455775678,0.5465983140091744,0.030668556194469676,0.09833172955030733,0.42606761763583145,0.2,0.18670507018257218,1.870198651966051,0.027582534215626835,0.23365055480875313,0.38571399854383237,1.3822093576054508,3.399542160509047,2.0,0.3634838465022712,7.7386175108920385,9.057795378602658e-05,26.03758176345005,0.05423491874318431,2.1457645329353108,0.0009537530083038398,48.82491953137401,14210752.006761918,5.229377030644562,0.7071591559805687,0.06921833525869316,0.02730631495002641,0.09567791877336701,15.392907630902982,145.9254846950135,154.1011579465931,382.1276368820795,90.26249255427274,0.06816408275164337,0.23772586520635527,0.49593369142953636,0.4455439842033162,0.9159026230496576,17364219.29886304,10817141.866018102,43364744.7818354,96150604.96774267,282211917.3724688,27.588536297495565
0.02874911837986744,0.11621119604705332,0.016588025613375402,150.0,0.0009524945339121134,0.3773011696475307,0.5786609735099312,0.02814339116379713,0.12699509644078324,0.25,0.54692400923947,0.8321116000022776,0.9306774860163299,7.149087236143859e-07,0.05542687275657941,2.242551899080553e-06,0.03222867150497392,0.0001,5.043214943141425e-06,0.11730068724952265,8760.0,0.2941047222270521,1.3844646123849272e-05,0.028919207173952053,0.014586195445042896,0.015790216761432507,4.671284234757602e-05,6.0,0.09166360060417514,0.0710070285772436,0.004045295206824047,0.012246648136363565,0.045172532289577,0.11911660188778028,0.4446433030515944,0.017239714793199964,0.17086710612607303,0.3291711621445526,0.2,0.24063023301493536,2.362737297708926,0.04885984340152625,0.2093949667819684,0.36507476407352146,1.4885503957509014,3.2811792348061144,2.0,0.36330516804972035,9.828152222703473,0.00014558599406699647,20.258206312265443,0.037796514142134974,1.6929742535235692,0.000661752593059446,39.910447124534905,11830923.70300338,4.7081914909934115,0.24944183785407872,0.07810838035959085,0.01077188452422475,0.11860402601783122,22.644823105824536,125.40612040652331,159.765312110129,425.71034408350147,82.01543080934255,0.07278086660749203,0.1097558280841512,0.4004022071370429,0.6608681179637312,0.919581505127712,19033014.02757981,11708492.787446126,50563398.34657606,130807000.86335726,236782815.4212509,23.662303266321224
0.19069700683874657,0.06983446951170566,0.042102422880827065,150.0,0.005545466584800716,0.23660431220497963,0.31895546897719357,0.004047408261728767,0.017405796556563966,0.25,0.6688310178945974,0.814772299530087,0.9620314911151592,2.8017738715519802e-06,0.06994352016016543,1.7905481219097774e-06,0.06871426705309927,0.0001,1.7184755335968167e-06,0.055307741424736816,8760.0,0.22182696895099754,6.02303545769953e-06,0.031106894863983,0.013810604882538696,0.030976045588128984,5.227768995400966e-05,6.0,0.12928198572810393,0.1397717259738857,0.0015693775118657508,0.017914790547954144,0.053610159453865935,0.1557583726787503,0.41169582944248145,0.030614588536524705,0.12736091517605572,0.31053851396711296,0.2,0.2634851711298543,1.7111890034265316,0.03349107710167266,0.17601460767465332,0.4362105631840777,1.314423317492935,4.0793893405346395,2.0,0.3732136708472192,8.77786345024086,0.00012280393364979994,33.99641806859067,0.058403747312047005,2.224212519920571,0.0005506941327647908,25.243791230939493,8522403.785663433,5.2836370429496,0.3296101296269247,0.07231198724828865,0.01304682576549604,0.11778436693504282,17.205982713976447,110.36906842360996,186.30037713917642,315.74273964738046,93.04193893245998,0.07299417919399544,0.20872859283621778,0.5585152261929933,0.5239074848286837,0.875990223151385,21842216.55338746,12516103.75295338,51198400.057839595,236406228.32383788,460028965.87483186,30.732837824671595
0.177616996075778,0.13224778859125697,0.007528106824327043,150.0,0.0007283087993217468,0.4127514144413894,0.6301486939912294,0.006662844832690565,0.07559180854226691,0.25,0.6185880993848456,0.8251600953620815,0.9514392370908354,9.805841739216634e-07,0.045140430373226875,1.340713211955691e-06,0.03812648404244476,0.0001,3.209026855355207e-06,0.10284257687051918,8760.0,0.38949299859993713,6.316388710125193e-06,0.03344411515346779,0.011944790102107137,0.031067779179260104,9.178674958028207e-05,6.0,0.11094145060385902,0.05538100158256221,0.003033932913225946,0.012461452929307112,0.05266329464959317,0.07444202203392139,0.37606328511692144,0.029257081912907212,0.14300988535935583,0.42857369916255905,0.2,0.25655025967995737,1.8633446589002385,0.06688865827205627,0.17857830125960755,0.45556947384127755,1.792200534391267,3.452568683450827,2.0,0.337288290704044,10.477618680369414,0.00019971413768684682,45.328524011643175,0.03882863284414145,1.6651383156740207,0.0006342708295028279,49.73499074003557,5780759.223969982,5.10104425943571,0.26348290064596575,0.03318086266374889,0.009046024698774026,0.1475336995806547,16.875889947567035,130.25313586207693,173.47872820134143,361.0223614136757,62.392611969495995,0.0879123352696474,0.08968210445789086,0.4508029646946225,0.5273588128387805,0.9126338263094742,20312424.977168076,12688565.553039402,53843001.928080924,154039725.1642388,236761863.2049423,30.927315377747107
0.07799261429977593,0.03336771521611653,0.031191756081194955,150.0,0.0003539882904361147,0.3661908771848795,0.10389711935374725,0.029334485768189908,0.015943098319080803,0.25,0.5298720578507196,0.8595294306799007,0.9392285561772902,1.5676323749008197e-06,0.07099190257851054,4.321224244349658e-06,0.049016358440975766,0.0001,2.111972236315373e-06,0.09873609148500004,8760.0,0.3505578060100314,4.098365248807829e-06,0.020075704836541555,0.01729450966630034,0.0264464285181912,5.7121423721413856e-05,6.0,0.14765632803491496,0.11102647510289976,0.0044321991359993875,0.009221802696912373,0.0476839919487822,0.0808877226016202,0.4967557293959317,0.03023774671431536,0.19196573740132186,0.34930132175810846,0.2,0.2529086490355029,1.939793507557706,0.04895145138649372,0.18109533624276858,0.44253216841261134,1.2954626184782465,3.4324660841092784,2.0,0.3982280075943031,11.0972022131985,9.300629404834941e-05,52.43101708146048,0.052572606417616574,1.2895518231357896,0.0009465353916523628,61.92793728352552,9002469.63378798,4.730055516324843,0.33763214524023655,0.09436986526208653,0.014084417766220743,0.09066382094502778,15.42432957398529,89.37996986947678,207.94861482720682,373.6403789952798,74.70398001758451,0.04272947997184986,0.14983438198885296,0.6456469513896229,0.4234180213207125,1.0432001640054864,20550868.376644675,10137019.77528176,49250385.81693149,171400889.08825326,541404598.9042045,31.313767833982176
0.06137249299367519,0.035285990324989344,0.03936972151865238,150.0,0.0007798814145860985,0.17616065902788167,0.7582623005194139,0.018400595727000365,0.013841787058589084,0.25,0.5044414419443808,0.807938090609664,0.9538574588578306,2.528832268136819e-06,0.07260786034298723,2.2780727320713558e-06,0.05272554184980742,0.0001,7.788680627894686e-07,0.12070280757233516,8760.0,0.11913238327800546,3.142518969127873e-06,0.029185684399164184,0.012011608589644963,0.03183098867861574,4.531936977178251e-05,6.0,0.09396650181681289,0.09969710079710231,0.0004624661429297694,0.019870903399473686,0.054619667971442964,0.16868387621514314,0.44059215959516523,0.020368333356457727,0.13940966629152074,0.29741044726472726,0.2,0.2155469327126307,1.8033443297465288,0.027240450764832568,0.16484703627445646,0.33492440211419683,1.4551424679545186,3.813745609662703,2.0,0.47480954641195494,5.993901247537655,0.00010461616273764139,41.29143774070455,0.05390527667794953,2.579201489269887,0.0007269588419626484,35.52598152631227,7898156.990923752,4.849765894966148,0.20720096214868,0.05153692456718781,0.0071360264243170496,0.155886282443363,23.02413466362935,104.08008624023182,174.85232990003965,367.6828969976451,80.25112274507445,0.054958075047444266,0.10549667050639763,0.43297824091257286,0.39749826638671654,0.9402294823507149,11204304.840232272,7052112.511982644,31023888.2380807,83870836.45587748,150038624.01489764,20.62993185018726
0.1249846730647829,0.24944461446079585,0.038269716090624,150.0,0.000989867283641626,0.34058891110343176,0.23660319492258575,0.011671922537780734,0.05557923454367031,0.25,0.6570628838348761,0.8656376606545607,0.9474635810085068,1.735702984536842e-06,0.048648288376546084,3.1506305492372054e-06,0.05904801104031335,0.0001,8.194803511026197e-07,0.1013635992441535,8760.0,0.42586485523412865,2.5368534516149866e-06,0.026979076011418728,0.013383111063377457,0.014846235341037002,2.2521412077212556e-05,6.0,0.13995128622340985,0.18146922761837192,0.011145304319976236,0.015246837632764663,0.05793538544281858,0.11126781773595953,0.6145871602420678,0.01716290598548547,0.13452544036291472,0.356706597876329,0.2,0.2615437019907571,2.726013111581309,0.05090656573220059,0.10137686314704737,0.41322612924643887,1.8581783258124904,2.9103744249288592,2.0,0.4214901695801929,11.662897932444844,0.0001288358582098265,35.09895870413265,0.07562963080040434,2.7433164490732542,0.0008275640662294286,67.69915165105058,11086628.364316322,4.181362996825627,0.22161455254264684,0.05393580791594127,0.009981858084687285,0.11470770733312514,13.46313805480169,85.33057003023512,172.34932295446168,371.5493859827591,59.57464351892412,0.048710371661890656,0.14743954546178928,0.3760903128460266,0.5678583546473277,1.0048189335180897,30239763.158823576,20356166.360902477,93031464.32045507,180831164.55957952,282366880.50085676,42.977765380648975
0.08599190178341555,0.07171124838965263,0.03615390473992307,150.0,0.0018579973264192821,0.39494378549871967,0.1412383744890327,0.00373370588320355,0.02952684535075559,0.25,0.5473976925371532,0.9007831021705293,0.9321674122708514,2.6546944765372874e-06,0.045074373694935985,1.4525594230732814e-06,0.03530500027496816,0.0001,3.1790344029847377e-06,0.08443277836285079,8760.0,0.3869890324448023,2.817935662094301e-06,0.032684516858541804,0.02007843485746242,0.02971828979263088,5.2769690061301716e-05,6.0,0.11747112400057576,0.08732632038745221,0.008132454063910893,0.008252411596087651,0.03834348732751538,0.11989414205329693,0.48373425479147536,0.03249584955089829,0.1696330027546057,0.3605447823662474,0.2,0.14032117384664353,2.405612333125747,0.06384220825878142,0.09097151358928901,0.34000094684654825,1.8034232062446796,3.9189311290846063,2.0,0.3667656931352212,8.81565160136472,0.000167250611434008,15.701190856239453,0.03970619197948115,2.9511868253303772,0.00042022708075450043,29.16809188558394,8362409.670971451,4.557325585253247,0.23056703289582225,0.08923242154587903,0.00965618101917235,0.1382853226412594,15.18031760626529,87.63864194834106,119.21457774328793,435.0366349246407,93.35573738300744,0.1034944353440789,0.15439149937976543,0.5295536513030847,0.7447137498474641,1.0117169446200294,24620881.60158335,16305039.184024857,63242926.496820346,127932504.85474199,407472771.7145216,23.72609611743789
0.039090430715058695,0.0916179486085259,0.04764303359316816,150.0,0.0011412966019827436,0.2567898555233121,0.25234744186783975,0.003547494326728503,0.03267750975443407,0.25,0.6393886991795756,0.8354995730620131,0.9547732268154658,4.462015418539951e-06,0.024823287870047263,3.242548118710194e-06,0.06041388497468933,0.0001,4.033291418684584e-06,0.13295542227570464,8760.0,0.2663920105019254,2.687740164835601e-06,0.03177035832806367,0.014462544230489477,0.018492771678719183,2.392648296604163e-05,6.0,0.08557180917247251,0.09695865266469211,0.007978597555782166,0.016117028166169903,0.06728520053681723,0.24642165193470636,0.6116277508973087,0.019939259162280804,0.21418839494105774,0.25770560867347514,0.2,0.1935545723572265,2.4113368127254224,0.024325514286692197,0.11373153281812284,0.29005016988010734,1.5827472988976097,3.2519485654773352,2.0,0.3692694210444359,6.893569770423539,0.00014576104641119008,58.76461390908886,0.04378036067970824,1.9059865062383605,0.00020624855015077373,47.05671909868069,5547329.77910041,4.918277923379314,0.5016525652912304,0.0439898368656932,0.01604184567764696,0.10725327950731713,13.830003349864079,126.49361586721253,198.3062808320073,515.9226940756241,83.15257286212142,0.07935146436858678,0.10948148751808137,0.4390041881900196,0.5322945622967009,0.9809486912005609,18331357.461370464,12036633.209685367,43340808.832744025,81640294.52714685,303477328.3576697,22.745144345539533
0.056086731214929415,0.0371260574948159,0.013671406257701671,150.0,0.000465110026730971,0.25524659011299833,0.4892932559249919,0.010616276422688245,0.03412464004822092,0.25,0.67279683875727,0.8496070044621985,0.9243569311043208,2.17238637828441e-06,0.03591533366930599,1.106385447387328e-06,0.049153265734384784,0.0001,6.750260686436888e-06,0.1158476594562364,8760.0,0.3650949314603882,3.7679352196083652e-06,0.03992272125994147,0.015834940530299522,0.041474739552043186,7.558616918618486e-05,6.0,0.10176908585905936,0.11296292498820784,0.0022512522949758138,0.007807464433345646,0.0688272715876465,0.11668716441120332,0.452382688839526,0.016737556849132862,0.12592021842419343,0.34004105363195697,0.2,0.23435670929628252,2.5422150326334156,0.05886490408095532,0.15140859594091638,0.3302248270442869,1.6340187024811743,3.4775400524398314,2.0,0.27549303475017145,4.704914938695756,0.00026430617903015844,34.298265625793285,0.04958725853308853,2.1182997727243946,0.0009188204730062751,52.835508209890264,11031685.50573638,5.2740253223588445,0.48683067550970816,0.07095836668613328,0.007479186875611075,0.1140755118280121,8.908467397665762,60.29899736992012,147.4219779608316,440.81876596729967,60.250958392857676,0.07555519669167429,0.14527408392027114,0.316620917335918,0.6346912843709385,0.9474704049919921,18222775.98086377,11419433.586889517,49435923.82509202,151460841.79638112,237693939.62344784,21.26479557205366
0.39661480293893625,0.14306658265309527,0.0404833136177907,150.0,0.004091477233314565,0.21478230173879861,0.516516539218171,0.007203924075479574,0.05160898437733391,0.25,0.6127774261977801,0.8743110461426178,0.9744311596015041,3.030194688885213e-06,0.085108308330649,9.726212956065494e-07,0.03199239466437197,0.0001,1.2869203718470639e-06,0.10959566248817185,8760.0,0.19910085292109997,1.2559552699528186e-06,0.025489509750362432,0.007420583607757131,0.031396508823272926,3.3852775600908124e-05,6.0,0.11382133999642072,0.10553425521217139,0.0005183946653625878,0.013390938853849413,0.034876035241598824,0.0658379676921532,0.49043851358451934,0.0361085765896354,0.1722330480451233,0.3044741402149609,0.2,0.21833760828723242,2.2982482044234405,0.042637798166626176,0.10957815813806121,0.288026204030627,1.6272520516108684,4.239363164908911,2.0,0.428564195496586,7.102288659040782,9.98067588566727e-05,23.682148547142788,0.046123154868763686,3.331078389067162,0.0010735615526285991,44.020838885664055,5606132.825508339,3.865452633628527,0.6748388208358833,0.06650406524815164,0.006742609848721436,0.12685413138382767,17.08705141358596,96.66250249483744,206.9871119443306,462.9701837679769,88.43537286753792,0.0798846317735154,0.13882762596041356,0.5320014733379266,0.5904279673649591,0.9709440502213718,31354404.566326227,18619015.423609532,80287283.27455947,300598710.0780694,432978508.2260925,39.71051326462171
0.1331741048618812,0.11858308208932816,0.05677845243145614,150.0,0.0013865186794584149,0.21264081676473542,0.33647181850780583,0.017132401270856527,0.07587774369432584,0.25,0.4455201434271541,0.898805228585364,0.9537400746431532,4.826231948404108e-06,0.06888242990379075,5.205134930670962e-07,0.06636913864512005,0.0001,1.8235254540778082e-06,0.10320308519474466,8760.0,0.38676615655296986,8.498690937824893e-07,0.021024265935031324,0.016525642865887563,0.022738043468817762,3.205925596526019e-05,6.0,0.10323031455169995,0.06306134488424436,0.0010159738352665695,0.014555947795628684,0.05922402359401599,0.12126088378428801,0.3927029695649772,0.022601045658905132,0.1944852534039364,0.30310036699195053,0.2,0.20219537693812945,2.2357044670366646,0.07868517934917069,0.11563224290972995,0.41671354623688606,1.529174997334719,3.232581107840736,2.0,0.3936556266291593,9.57036453458684,0.0001952271404357846,55.339358094536735,0.06815704646994736,1.9137174214613926,0.0006583957262802287,49.90085899660339,10502026.320619382,4.8944432629929056,0.4851861321052082,0.05307185493086339,0.002889493213453947,0.17512271907732452,14.598927374598363,121.39476558922254,102.270792318988,419.6788597997951,71.43114961240619,0.10488953331044402,0.09706416132222942,0.5661050438485835,0.5583134210543849,0.9930987808177121,28065959.407813422,17860418.197462887,73662030.73267329,266820123.7074561,391724813.6139779,38.08684026166356
0.13051161381544724,0.21032962751658504,0.034311647326285555,150.0,0.0012226141748428246,0.27519105087265305,0.7939256640046087,0.007831267971753788,0.05941427058046301,0.25,0.4853491507561044,0.8509748741569492,0.9349455586232197,1.6041618049908212e-06,0.04379607255759696,4.797721444499012e-06,0.02917683893986389,0.0001,1.75954017761462e-06,0.1208727891390374,8760.0,0.30968257824722667,5.5603630624674065e-06,0.02528713658717431,0.014614313489141119,0.02693316228286874,6.159972820058896e-05,6.0,0.1926901406333172,0.1519399405169091,0.0042778758340936045,0.018726547355804746,0.04392165680370276,0.14539550788358296,0.5394897050678373,0.03524747558874119,0.19991444584543702,0.22139356731837923,0.2,0.2765455358368706,1.6170355991990515,0.04068970139203481,0.17366579799055243,0.37423092866408464,1.8405889536025506,3.225966274777925,2.0,0.4095202832192104,7.1199427287654675,0.0002088419638329353,51.766086184326525,0.03120897536501028,2.148534081236388,0.0002785292463526311,73.62872480443271,12897380.595165133,4.762152691231859,0.44797876538568204,0.09575276794855629,0.0063694270205236795,0.09427323147060945,14.944612253215684,81.20543849063273,197.77202145363145,408.9193993994145,80.95186286790542,0.0651149629425416,0.18514416776969725,0.4599045641473958,0.5395950630385516,0.9479100612419291,26825684.66986711,16335471.991352553,66022621.205433,225992235.69624147,474970530.8655492,33.73066455755673
0.04598031821082394,0.14208224218959165,0.021427169467811272,150.0,0.0034724928805672417,0.2572220961223348,1.0926669689625292,0.0048491666728134675,0.0531884324126429,0.25,0.5280184805067001,0.7568636706227427,0.9549443189594692,1.4380754296075333e-06,0.0635290365169223,1.5488290176649401e-06,0.06857067052855065,0.0001,1.3938721390877786e-06,0.12822099522490876,8760.0,0.15960813560251108,2.1460757502705262e-06,0.026075897713117746,0.009690669309560031,0.021023544537817435,4.010787281260031e-05,6.0,0.05832952812181996,0.084437948549423,0.0009187566799772983,0.0106773840121712,0.0529279702722836,0.21919808969057372,0.5913988732792768,0.02247561890717986,0.2088110616493245,0.24869500027121044,0.2,0.11987995804092001,2.2807956623373933,0.05802679632633288,0.11739000026412655,0.4022115662888474,1.4508320472985439,3.0577711958258855,2.0,0.31652673384576624,12.629596984000806,9.74226388256937e-05,20.609121820695883,0.05415034513988905,2.244828977542835,0.0008939779963663222,48.70675794645729,9910464.063140597,4.593696503392406,0.15354012291592625,0.0717343395305773,0.013831940094116504,0.10907542451131985,18.814190558675328,120.38141326977897,168.32246347512176,310.9717345990404,68.3772566874207,0.07691077634596086,0.10460299169324067,0.4581816933650658,0.6198025771987334,0.9573322273299644,24806250.9252361,14896334.022731338,67938941.13804562,195300398.52293798,368512167.1575757,31.526130850132933
0.5558896496383819,0.06754009732805985,0.024706293727982415,150.0,0.0019771200755405896,0.18346500868744187,0.27030900031398686,0.00294427742618936,0.014210547826772342,0.25,0.4820815307211732,0.8749779782890946,0.9200258495706963,8.667910887264691e-07,0.06784942030290365,2.1482957750941798e-06,0.04395758780820698,0.0001,8.473232873587157e-06,0.09807704496519865,8760.0,0.16189384077054375,7.691218813780095e-06,0.03061301358637843,0.020974340714728864,0.026769526159539446,4.444368445125537e-05,6.0,0.1800099438806994,0.11910571372008245,0.004693527615489829,0.0071651603608412955,0.04443429198686698,0.166389031993892,0.3668389913597707,0.03126992647838719,0.15662566245745363,0.27535927768598023,0.2,0.3288628809674725,1.9874839530391792,0.08610419494227824,0.14355270141791393,0.3937047030997045,1.6404250587364788,2.9240910952272743,2.0,0.3490280326120865,5.101508977361746,0.0002919667128123547,27.016523453977022,0.0531725334015766,3.644366648898195,0.0005762564604583572,57.01388483809711,9210688.076731067,4.110355541394152,0.2619911102911042,0.06699988375811237,0.006502327877220275,0.12044469803952022,8.695336107612079,89.62106316647612,252.1274734100066,553.431509435737,41.51373497386221,0.0653425077001375,0.14124880249216798,0.38079645657827904,0.5624503930089124,0.8973996360322894,26200529.187372196,17495111.00411527,66955329.76702787,182709754.9716325,300281935.91225684,33.87146554703995
0.11907532863895229,0.09032325404655694,0.025601150540530655,150.0,0.0004557230561524934,0.3384554700515141,0.410154339931939,0.0059762778375027446,0.01922919373445013,0.25,0.5888209198352965,0.815878788339331,0.9127599796533651,2.0679648683477146e-06,0.04181082165841393,4.678638127559281e-06,0.07418585088648351,0.0001,3.653870089094008e-06,0.0807987526343983,8760.0,0.3222925337024008,5.1145115914349185e-06,0.01772021008441424,0.00994971269263686,0.02425055397161294,5.7812183342173964e-05,6.0,0.07130575576437569,0.08217977850986474,0.002114270602139065,0.010045639003681486,0.0740383921338407,0.14631916376204082,0.4348415789759027,0.037344404379210404,0.1745763464149495,0.27365622496960207,0.2,0.33684030018412986,1.8575543274888502,0.04996306518731435,0.11302180023815245,0.3036572764675545,1.6807199020683954,3.4943229132335567,2.0,0.37888348062710986,7.581423690095202,6.574367702555508e-05,47.19178278014066,0.03410218190300118,2.017641240367259,0.0009791163022630656,68.09627521006493,7052527.677230688,4.975258381121708,0.34271088946325634,0.047454708899810655,0.009101445827309616,0.08134294580820504,14.750311541935632,123.31148578872202,205.08639481454892,467.9151764914568,82.72885934745213,0.04081134350452857,0.135325749226623,0.27918452998373144,0.5502558501692716,1.0066670219249978,24795937.698267613,11618436.060687251,77155746.99320193,261698230.58402982,453254803.6746476,41.198172764954585
0.07347215553829399,0.16057751625019578,0.0277896948507861,150.0,0.0018982419068794816,0.3656744687906369,0.546413951893581,0.0037178758163856998,0.015615017615704739,0.25,0.55225608874554,0.9034251894620493,0.9518379763857016,1.524567227854941e-06,0.0700496039310502,1.8511813680173728e-06,0.04059232354816204,0.0001,3.413067583814412e-06,0.11286775077026891,8760.0,0.3624302042988389,1.204417287169159e-06,0.026485687087735934,0.01153875211630609,0.030738314143201273,2.5518768496583422e-05,6.0,0.07929245152751256,0.12238490557532594,0.0005525910213678549,0.015724341736496287,0.05499268320778347,0.17068639992108675,0.6461177907408279,0.027327662704199514,0.1699357516928362,0.3754230850582854,0.2,0.17603463634281613,2.256690554713809,0.05387204883977477,0.18348494614361627,0.44645695695036314,1.8288965064833094,3.170147334279545,2.0,0.35373057570748073,4.045064129460155,0.00012610127200285258,28.446403573652226,0.09003626702300643,2.9164503922072385,0.0004640659173588988,45.231656849488424,11135896.69266887,5.089736050767148,0.5733349749095534,0.040458066660276626,0.012329482126942659,0.12675623296558663,12.579930458897707,116.55658701554599,131.35718214481997,397.7258846579875,79.19334506166771,0.10165477480262801,0.1801999778619761,0.41566299291671915,0.6227002899845895,0.9608114193138586,26258788.97148827,16636027.381710265,66771482.61618302,216334312.2935773,403506845.8790661,28.69582704435342
0.1928111820415672,0.15775678391862982,0.04631953770236416,150.0,0.0015682346997933513,0.34815631861821505,0.5981307407678033,0.012202659092097765,0.07846122701321154,0.25,0.6141574957397893,0.8364872920583601,0.9503861065858811,1.5163521668985522e-06,0.048279047249108135,4.269429178448229e-06,0.03992592995855579,0.0001,2.357820222179748e-06,0.10281519282131454,8760.0,0.3844489056820338,6.06484876918247e-06,0.025098655302301185,0.007256251977256671,0.0363355302796475,0.0001296699614467544,6.0,0.09415891569135056,0.1611028499659634,0.001139787008016444,0.0074548178129635705,0.037138205024585244,0.13853644366680748,0.43320383521401984,0.023753844230094634,0.14065736170049808,0.2465593632451878,0.2,0.21906731377931604,2.0154583034144045,0.02361713837249424,0.17148732183994114,0.27453632683932466,1.5590887787455765,4.702759707701361,2.0,0.38085867857135436,3.8161660311231285,0.00010990074581291876,27.149850863478775,0.045765299402587584,2.8394840096366574,0.00027366634170213587,51.35250801582131,8452965.147347732,5.1461695747053575,0.4141083080364813,0.03398115399463593,0.012492320058036568,0.17926158612301646,14.12240057483885,75.44626788688561,190.84910158028362,546.6462812564182,67.5402065593066,0.07169903418821172,0.18378398518940028,0.2809450813677519,0.5482641101501841,1.0422685573466628,19677091.503027536,12464311.180712443,45894115.85395362,150045524.33577248,346327157.5351653,22.48352579728422
0.09471618839162874,0.12369176228962511,0.026171063184293533,150.0,0.0021740563437270054,0.289441737717263,0.4616154251218244,0.0032843945649262164,0.0014005212863199034,0.25,0.4774618975604478,0.8478211660164015,0.9676613578749185,1.3852824993723697e-06,0.07550939809768213,1.2012301195880028e-06,0.07228880345432488,0.0001,8.311237316267525e-07,0.07356899011382965,8760.0,0.180189009291496,1.6673939135271846e-06,0.018344761158280248,0.020505199119954815,0.019656359644403196,7.730631114607505e-05,6.0,0.13562331476052447,0.0909261473900184,0.002888900486641576,0.012770824971576705,0.0507344074902359,0.145736303211765,0.43901638368706586,0.020465428731056657,0.24128129733340636,0.2893449011353453,0.2,0.2699209486753945,2.533099454621713,0.038780972610015674,0.10213769196251662,0.24403305804838343,1.2563107378763332,3.212855493680038,2.0,0.413588129507019,6.6253772170468785,0.00031794735218520684,22.173506975039082,0.04211285182997551,1.6082265107284852,0.0009328114241879105,31.040606464859273,10860955.450785741,4.845143604944978,0.3955820794969252,0.09477196810384601,0.018273898500881843,0.13003168752037333,19.639815587433677,144.19935367550025,120.18885282577982,562.9225430755569,52.77528028459622,0.11560952004878561,0.1099832299409264,0.4203037105876026,0.465829579429202,1.0668168501883828,21850920.914121848,14442920.358177342,59705912.315144606,139835613.32803082,286309070.58007514,31.27709776491055
0.170726649777573,0.16117693619204743,0.05072021724292785,150.0,0.0011726601736482727,0.3043176403718296,0.34368303767488395,0.012544466665657013,0.13571029564210751,0.25,0.6005460563412025,0.8032826664641174,0.9669435003827682,1.4856714681223146e-06,0.03739095374613989,7.544711322148125e-07,0.05013089697658567,0.0001,3.8510204325983945e-06,0.12806202772701897,8760.0,0.3585828327859869,1.7737129034834737e-06,0.025805791567737282,0.010779951749371295,0.028956000665797094,0.00013117850986742614,6.0,0.07373925692993474,0.09832019735306688,0.001575655057065802,0.014170617870937211,0.06950604886043765,0.16125112444293419,0.4505164853539299,0.023944318333050635,0.11831586847227044,0.21018211773378037,0.2,0.12660761846332613,2.078019791570974,0.05211925688539408,0.06837458002465803,0.484911197086968,1.451911396046973,3.4680177171876103,2.0,0.271465136450682,5.650877826628263,0.00015245992411008958,35.33577149577621,0.07463139796069862,3.4263245141557266,0.000304700726348584,77.10469931573775,9726300.920080867,4.787126085137624,0.35046621869206845,0.07310376098565785,0.020126667253448093,0.1541027985572467,10.175906494216703,106.41076574248419,158.38793608517125,421.9799995238128,56.4493421330761,0.055377188255248,0.08801918595513836,0.4016431951842582,0.36741551938665545,0.8652045842202083,14035366.953244621,8478664.824532654,33533356.7679078,134507811.74071983,248891692.8490749,27.492117985135035
0.1549582267208047,0.09897872222274902,0.01762273936121225,150.0,0.004478032460459195,0.3203548424274629,0.4739243190617426,0.013426051673734757,0.036825525218137305,0.25,0.5784960079676917,0.8112517343102275,0.9531845081413437,1.3246243002188363e-06,0.058961793787217526,1.6495196534013976e-06,0.03386841222723482,0.0001,2.698836122301704e-06,0.11520279755130731,8760.0,0.18140005598739845,2.40539165675779e-06,0.022930198082244523,0.008334522074527591,0.04799041253315448,0.00010958433406724782,6.0,0.07705215155679704,0.10939684367707904,0.0012925665589335529,0.0056769908560726275,0.038060504634104285,0.14312115092039124,0.4914601543213468,0.023509357920268162,0.20609387509387128,0.29911380314582725,0.2,0.20430027497049247,2.260516686904089,0.03394888342616616,0.17107619351772346,0.34138112999208015,1.938370523876352,3.313363772716939,2.0,0.32707676553080434,6.578331888761377,0.0001363814585969776,37.053901004759915,0.061116647961940496,1.8728222859887182,0.00028321526279092044,54.348589249867494,8978806.249545483,3.9425833592131765,0.28967082860705917,0.06325086121770292,0.010302709546838096,0.0904467132579917,12.488291958690034,83.76739822423237,240.84416794674866,449.87483725866866,88.64495440430349,0.0789427050444291,0.14908619600887835,0.41039024962082726,0.5787173268379107,0.9880433412361833,21230003.44699508,14132036.541618656,49657602.72550775,162339464.43884203,291813368.250584,24.73803971001618
0.14847883680674762,0.05260840375225593,0.0718718646580586,150.0,0.0013486908982427832,0.3566150560178648,0.2117483813798989,0.006394464814887483,0.00568100074422889,0.25,0.4801219773501114,0.8330517551792918,0.9196741553967682,1.4405847704248752e-06,0.04675760514315057,4.519823332276707e-06,0.05917286502818314,0.0001,2.6089965494369424e-06,0.12944948195426648,8760.0,0.32471287679649297,1.4259613347939861e-06,0.027252259450852124,0.006678122748743714,0.025001527372028293,3.121325265124672e-05,6.0,0.10116614111983015,0.15589841798313517,0.00083025582395024,0.007715073277235124,0.029765903413171372,0.21554967040304812,0.6180699250611315,0.017845411309487337,0.0881498826109711,0.24278787827157924,0.2,0.16051637087314868,1.8061901264573035,0.08198567289301548,0.19323559992150968,0.25906174449390135,1.972423665426489,3.670652743613611,2.0,0.2921172952653641,8.965965819066394,0.00011681440742957575,54.30149980682716,0.08209915041936422,3.179516776157389,0.0005328180253736782,69.07870312404212,8035441.572508944,5.530164870954507,0.2501715876969867,0.082625302482684,0.011758200074672797,0.11759868129120739,19.89238337938979,131.12639926490817,142.4847086765901,346.3422267318358,58.411166732422984,0.04598536407738212,0.15112710765215454,0.4034668705958475,0.6087358330645485,0.874462193278864,21960008.097838867,12850408.987065956,59892339.30663351,231143935.1672245,344138452.3727782,29.45192998208836
0.112168027122716,0.17860593903542654,0.016197826623654394,150.0,0.00048126147492645523,0.38669483044268593,0.282452166405737,0.01565949495546757,0.08900975542667368,0.25,0.5223797990207,0.8492968131258911,0.9720461453034184,2.852632339889779e-06,0.0465232964294506,1.5445341674168018e-06,0.04616796078441499,0.0001,4.892509241229162e-06,0.11314478188009414,8760.0,0.278437810897479,6.4813128258154805e-06,0.020894301013613167,0.016834427213836583,0.010681916210175559,0.00013564748347327885,6.0,0.14813962716257312,0.06600618422231423,0.003577372072850521,0.011543319138786,0.03914687150935425,0.13896344236490996,0.5573752046259827,0.023214740516940155,0.1166882931512121,0.3792891696455564,0.2,0.19402337830827354,2.3319705486356317,0.05126193090095783,0.13596299705213105,0.2698503735165992,1.6131728864780275,3.6881330492573667,2.0,0.4027779079380429,10.042520673456842,0.00018195735960505974,32.72805561141081,0.06184240495593593,3.4527846229496126,0.00042389875531148087,57.171444966862346,6610821.2753129285,5.439757652994328,0.20865197661490084,0.05806127946585919,0.010449334229973533,0.08450968731383829,15.532949368851709,82.05290634572798,178.54096418422944,347.8179452939324,71.69430682430364,0.08025177539334394,0.1599013261464174,0.405596602594562,0.46453495055701766,0.9112857520776647,19414259.93162238,11929491.187739955,52081898.6983925,149899143.01791766,323354665.2218915,32.80874077020258
0.10287172683009735,0.07499442826441349,0.06701741452377973,150.0,0.001564715881913204,0.27039909464392065,0.38993402384127,0.0015180866246061406,0.0051774384330767345,0.25,0.5612522019903965,0.7981264686005194,0.9499475839072038,1.7893280210777632e-06,0.0429133793095844,9.473644516834299e-07,0.05752464447507186,0.0001,1.7789857749776474e-06,0.1179563606104051,8760.0,0.3824391663392708,5.927096058100441e-06,0.020671346047536517,0.016981994028356467,0.02289809100315323,0.00011747800243864046,6.0,0.1648256220604788,0.08317619909254317,0.00046705925400838965,0.015261515331949676,0.05363526723068224,0.10865415648968191,0.36043751103438315,0.015599565724540503,0.17334249245129973,0.3325007151164763,0.2,0.1980790504306606,2.177397289840029,0.04386269674672236,0.12477167940866181,0.3282547031509453,1.3919926829381326,3.216751329828197,2.0,0.4065806079117128,8.45258080189104,0.00044662276071851594,51.53618953332362,0.052975445850024575,2.785005596852886,0.0010831585512254928,56.565433451755695,10905972.802692633,4.238121868845962,0.4160809178208313,0.059717199065074306,0.016966366558975838,0.14705054464998257,11.490744282559099,154.69381574064255,172.7113571654517,402.5940065770867,58.68481117010704,0.06017066756748386,0.12803013409505948,0.4280294268465583,0.4149175173089953,0.8985719954741994,21087582.65030462,12940704.092568409,54006473.384021826,204524275.5481063,308028841.796638,37.529764375799
0.10567451418299062,0.21420798941566993,0.02998237961892696,150.0,0.0023796298680633385,0.17247786270850524,0.2870674864781241,0.06148775516848117,0.011513768910835012,0.25,0.6253700790094835,0.799894439616815,0.9290272745478845,3.360607500307989e-06,0.07593732073985882,5.648087378898344e-06,0.03839679696066159,0.0001,2.6391798269313063e-06,0.09556539836559322,8760.0,0.27409434748101125,2.788038475900997e-06,0.030017432590389363,0.020714413860280088,0.018689555037092825,2.6211380461445833e-05,6.0,0.1119893279789007,0.12343522203781182,0.0008787230381976836,0.008982085827054556,0.03933656357969901,0.1184553041093076,0.38916023521038645,0.02907832893501113,0.11925874273527753,0.2840698915659527,0.2,0.10627965996505263,2.155471044350869,0.03544636545224775,0.075475305112207,0.30735181303585185,1.5146841447599375,4.2951818034368365,2.0,0.36083882886625235,6.281129316061483,0.00034873215453521994,14.577136043846622,0.05177584022734952,2.077066854504409,0.0005517035878428219,24.674848249965954,4839485.378590959,5.046292576292294,0.2102482950984603,0.07558620966841804,0.009786576586123572,0.139147907271856,24.772944194403877,100.62637106871377,172.86085695276327,442.9524436095894,53.52100887206498,0.07381789140806523,0.11557066275818506,0.537303891237197,0.3315733407609964,1.017081207470133,12456347.738863017,8204134.037824765,32678210.28724672,74252681.83397882,160698055.84302863,24.50225790001498
0.01994937909850851,0.09482470217157847,0.03133469529795813,150.0,0.0011060788215878688,0.27586255426280554,0.7063421057520333,0.014862112560701263,0.04439077845446839,0.25,0.5566326812418447,0.8778958615154904,0.9541416106924772,1.4115164225343196e-06,0.03999157588203257,3.0596292546735847e-06,0.039387080463306426,0.0001,1.304128935043488e-06,0.12579024814316847,8760.0,0.4102246700736032,1.8320008070417889e-06,0.02898067717313722,0.005672115789658172,0.03999361165336172,2.085930271307119e-05,6.0,0.09453277713901002,0.1443946882310871,0.000567676560503063,0.00961180041209607,0.05780445197374835,0.15732749387142117,0.5793148753128012,0.01744875343887973,0.21072864471085762,0.27485347309246155,0.2,0.14432587782304018,1.813245950109579,0.042433373060264803,0.21041841470357836,0.3631224839091147,1.5345427335886639,3.7941835146544065,2.0,0.39428934440067087,7.905643518319936,7.172673119675983e-05,39.308846147141345,0.04294159356095069,2.6174289195648033,0.0007855689278606536,43.61956465128163,4669577.409664169,4.8580762557376795,0.8354845305974105,0.057999991895993516,0.006148900373295859,0.08985052790492862,16.393340796244814,149.15136088092868,165.7002713999754,517.3300447833409,36.0073407036849,0.09165007995790518,0.09883367286748583,0.48748406530089905,0.6548277978252008,0.9537221143604273,23721688.329377312,15194935.872068008,66754556.83505852,190492260.70529744,305919985.946596,27.92656011110403
0.06302071037475146,0.04185193428898346,0.021916163903148603,150.0,0.0005706415912918075,0.3056179953780152,1.104933992947189,0.020252068256861294,0.05432089059202909,0.25,0.6030411855347828,0.8341432132132007,0.9264331327833643,1.4058388702477763e-06,0.07794176803853435,1.1614839108159626e-06,0.07699409782610388,0.0001,2.850822063426251e-06,0.10248101748825036,8760.0,0.23770671715220307,4.6827329171928245e-06,0.025436350192766338,0.017827959776548906,0.022580869126442096,3.8657368793873816e-05,6.0,0.10958190252091585,0.09537281853731894,0.019896449046995696,0.01859400526713464,0.061435449460856065,0.09096389630145812,0.619106799346277,0.03198937175922022,0.19774708411149106,0.3283409537934334,0.2,0.30128507933078463,2.0619587778234036,0.06244219753309993,0.1641996950534837,0.360829583448841,1.8903354217626247,3.59203535528457,2.0,0.39810229203956815,4.336738598258332,0.00019215226343500245,11.528220638131243,0.07297870521260466,2.997598240284054,0.00033926272933052176,27.082240599235945,9557576.989632778,3.8064082875655045,0.548370524923644,0.049904169270471546,0.013345704405835471,0.11297741072308268,17.049700804791676,76.5251301465439,165.44380956186762,497.57986960200867,68.05489419176384,0.03480334418769968,0.22650902807416948,0.47879210206574263,0.5926537192360821,0.9740882247371273,17341635.349093176,11282821.387942199,46401644.87681229,92225695.27469891,245958269.19139367,20.854046466259906
0.04805444014896338,0.08021539827731615,0.050265881117166206,150.0,0.00047388050790386776,0.20346876744407177,0.4061566269493395,0.005812818391698702,0.018310116930153116,0.25,0.5554106037017441,0.7611155988840724,0.9271804281449457,9.852811594165467e-07,0.042397034085385615,5.867942529884979e-07,0.06313900942062083,0.0001,1.1148920043513896e-06,0.08899285202757276,8760.0,0.25712904304562834,8.910220541437297e-06,0.028091120389778013,0.014641378417951526,0.014551942366764027,2.796869277985343e-05,6.0,0.09201605046814962,0.10626272119928047,0.0034966063630779524,0.015138628031825446,0.04186784228110983,0.1437889768034619,0.3068655752821099,0.029996655922780273,0.11090799486028621,0.32351783941226864,0.2,0.1639870651126183,1.8211202614657174,0.08073962506932884,0.16131660927628394,0.45141647460557066,1.5307611109977686,2.91430011386023,2.0,0.3181665548654715,11.738237110877096,6.995364962612103e-05,44.59354299467176,0.05085484490362099,1.3457700838504496,0.00042214977984947354,65.77899381979815,9190696.056673413,5.0953670792387005,0.36181653316701234,0.0750498772328689,0.007542691313502715,0.10069173647891899,18.993719988784655,54.08338242021687,225.77249372132496,527.238818782256,58.056997016246356,0.05619134638072977,0.10179235781855167,0.4467185608754276,0.5958528012479376,1.0330540300675781,23059832.971909538,16203662.541495625,59265522.81627324,142294336.26636398,235003982.83282867,28.673528009699933
0.14586534327166273,0.0996491225056958,0.08498753202231495,150.0,0.0018437743617453531,0.26468210415594584,2.895654375448477,0.01530768195466903,0.02259581118517893,0.25,0.6707143040739334,0.8440338345491991,0.9147625862453348,1.8406832808820437e-06,0.05859708242710808,9.918217768356774e-07,0.04535851391642794,0.0001,1.6230373607576783e-06,0.13110459947114222,8760.0,0.34967610956567363,3.444254647043472e-06,0.030770095979330416,0.011669371120190527,0.031199516497972805,3.99520482444179e-05,6.0,0.14065777940142493,0.17501340430821943,0.0002893538269631151,0.01062916318744598,0.06113301376542364,0.11492267376565264,0.505358568294298,0.02820753109610291,0.15806841570644503,0.23516946824223967,0.2,0.23162702692162856,1.97923370304843,0.07384304254562636,0.10326420955917273,0.356753514641971,1.4669905239597572,2.8694575488496894,2.0,0.32773876399305857,10.087295064145826,0.00016211702670149885,25.738828677218514,0.07337494096164912,2.7768502248441096,0.0002307245841123742,75.90365120263687,8928997.338103324,4.451035077504579,0.59377099348619,0.022408894791486576,0.015061975084167742,0.18297333545174638,13.550625929861445,144.72425753238048,113.20391040237769,426.2443827812406,72.57502435820322,0.04124751618012455,0.09838990649928836,0.528044894726823,0.6274226873148179,0.9334925764572535,26132795.38062761,18810182.17880428,67098604.897815585,140668591.12382168,233486045.5107314,32.943176213635745
0.10523169990049398,0.23271443910709128,0.020274173355943156,150.0,0.0006923956782362014,0.2882167442247364,0.5551566827724467,0.02686745151521863,0.12892951355407423,0.25,0.4650354840105484,0.9019178860522415,0.9476900168150894,2.4732435050242608e-06,0.035558857149351704,9.946262442949683e-07,0.048693805401194376,0.0001,2.306632368115106e-06,0.12495016893202071,8760.0,0.30275143477323196,2.0812972157931264e-05,0.022230677582217986,0.007515903821093292,0.01856411152026663,0.00011456901070944175,6.0,0.089110768534663,0.08139442226741428,0.0009732521972918793,0.012494644831588108,0.04089600095789753,0.17684013671342635,0.46967247087687913,0.015222579968749745,0.22354576898642065,0.33822594254213006,0.2,0.2868039964276065,1.9883698247434536,0.028378530308649605,0.21350879340223555,0.32810394301003915,1.7978943450641927,3.8859237597581653,2.0,0.3797907916562351,10.141241378234595,0.00017436147763130584,23.87290216410904,0.07697550338655258,2.1346656716159753,0.0006170626590241193,47.63513166134169,9645500.710629368,4.6700961528213005,0.5341893263472554,0.07139177902337479,0.007580096469362276,0.17374010747542934,21.905029160330976,90.3829855139773,186.90863298178255,351.688469618245,67.89459303891779,0.0778447270171521,0.15551923111247937,0.38381819172246123,0.4723052080770582,0.9642815279599264,25585971.78279222,14362170.643933043,59336618.09769274,248380058.40216044,552421661.1882741,36.579374165362026
0.07088469211111177,0.26353146119609083,0.057314647983572636,150.0,0.0019948521038926996,0.13967667850438706,0.19102840604398455,0.007402000817660811,0.02230587795184743,0.25,0.6440617824768563,0.9113205640562433,0.9484495295115989,7.030637676714446e-07,0.037795507114349744,3.5575520302249286e-06,0.0896749543526797,0.0001,2.651463184054381e-06,0.10768084719786596,8760.0,0.3437142241667962,8.157763553385846e-06,0.030229444035286143,0.004851961635439738,0.029279120151296432,1.5036066797082632e-05,6.0,0.0845298333378906,0.09504581907267731,0.005329579617048771,0.007353084645871543,0.04103105781193698,0.18823081430456293,0.4951038998349562,0.01664578734965773,0.22399082722754998,0.40959061526362506,0.2,0.1533415993226595,2.1050880663659246,0.050298083462941595,0.07941974481996962,0.23526741672388393,1.894454118600573,3.742079803087559,2.0,0.40935915766784375,10.92809226743137,0.00015762514053499583,37.87142356791747,0.04803262473907642,1.6159879496842315,0.00032520601062825,36.99269763280721,6954869.422328474,4.9571367307056455,0.34383886288263893,0.026502593045932825,0.013434891083903293,0.12724118191083839,12.755432566291722,61.017298608960346,143.93366181603426,288.2700601892957,76.01538270417365,0.04754356326156918,0.1756326287547627,0.32147325054351117,0.5654126907031809,1.0525060378635005,24778287.70225741,16388059.321922135,68051959.69112554,107576407.44319305,353043751.51550484,32.89965295985108
0.0658551998283055,0.0486586096130118,0.039104055929974305,150.0,0.0009431728045823775,0.3394893238716648,0.13347820466502602,0.004803433562906487,0.052798996582771984,0.25,0.6191951896856325,0.8091813059408951,0.9618835222318449,3.2172843346528195e-06,0.027502842151548478,3.001906785915859e-06,0.03783530272616881,0.0001,1.0046355241666934e-05,0.12232045700016482,8760.0,0.24480593224625088,3.833407871146174e-06,0.03225797732064389,0.01266856493762351,0.020394277039219248,8.332239590083982e-05,6.0,0.08769457513985388,0.07066183935166458,0.0037023647509751667,0.014215098453281404,0.03811227301568186,0.14837784768398912,0.4566525672961386,0.02419572749164643,0.14124096332368252,0.26451159953748493,0.2,0.22454270869489867,2.6129900411760496,0.039030564458223824,0.07150852006187479,0.3973868426456494,1.5221254155273112,3.850813933456891,2.0,0.3420134235052833,9.839024462751016,0.0001635711783995691,26.1466588382277,0.06439466863681463,2.995091092017456,0.00022552769457877768,37.646612976358085,4927263.578859895,4.626779145726656,0.6159218087096251,0.02967742428592889,0.02784517982398488,0.08271470834312544,21.69678797846904,63.62779023007428,144.47231623658791,416.3680286263501,103.667453037751,0.09095252639832838,0.21580388309773763,0.5233167908120564,0.5465052374418775,1.0282891235890277,18929584.666601244,13289835.122724209,52515342.368161716,113654891.16336776,173695824.66212896,25.88990154593931
0.10425816022409432,0.14736344867152154,0.041350203265530856,150.0,0.0005911628966260617,0.2659912166303241,0.21247394139796585,0.004103408249352071,0.10525456815684132,0.25,0.6070487562247602,0.8581342220868007,0.9133221951995137,9.231933290343714e-07,0.024037051429956057,1.562457855093773e-06,0.066496460600266,0.0001,1.505858456809383e-06,0.1063050817538063,8760.0,0.1577158257632472,2.5940574189222446e-06,0.0271603578807606,0.010932853686740513,0.037680616526997585,9.268184945174388e-05,6.0,0.08743893436972848,0.05906899945045911,0.0005944065211214383,0.010890237021266501,0.02813179884945994,0.21338552702840485,0.4236608375830859,0.01925003786354251,0.1860261107758115,0.2545196012380371,0.2,0.3077726761925283,2.0562257544318223,0.05103413332364845,0.17640924172303812,0.3161478484267999,1.3017424987192796,3.511834659985878,2.0,0.39002039203651967,5.22873449180838,0.0003371025429533443,24.72768667674619,0.031242912513505326,3.0224651900801858,0.0005436839578688537,62.719903371396875,10805261.376361929,3.7458446606580926,0.5380828931772809,0.029832646875284724,0.015586797500936998,0.0824041643341394,21.68085887551593,136.50347045246315,135.24552119729464,364.62621818188006,64.54974871546317,0.04912337525055082,0.17048020130321373,0.29564980299892524,0.4867230658686704,1.0133925003602007,18530443.55308,11993927.136506183,50028083.15355054,149011628.44099072,232745952.90286207,26.0349899280368
0.04087085971768608,0.16773127477290542,0.09377770597090825,150.0,0.0004711010453173934,0.2599474672879862,0.5237578828389389,0.010199921156034613,0.06286242107692704,0.25,0.46703275054956567,0.7910979300103183,0.9222019972995364,2.4408498242886226e-06,0.05451612866213408,1.5537639103267133e-06,0.06134896135090216,0.0001,5.9199036024587005e-06,0.11234619035823784,8760.0,0.3159422979117817,3.644089546571186e-06,0.034317119046595575,0.008603971647955533,0.019973548727021003,5.547804765370628e-05,6.0,0.13064999915978742,0.08870271556649188,0.0027775879379588132,0.009717314022764836,0.05261221732392564,0.12936080885263673,0.5663074636000539,0.012220986121234957,0.18979387107939288,0.2935818777914656,0.2,0.19714271435944242,1.978270514338131,0.05060996060663843,0.16904655696236665,0.4850994142868016,2.0527555944909217,3.1993363408806546,2.0,0.46988994119572447,7.2326615315700264,0.00015855268836201069,37.38499144402736,0.03951187608522311,1.0932189865364124,0.0004043857017775859,46.71614645736797,8958958.854415532,5.453317825292375,0.3976963288076072,0.05273838236546123,0.0071778200419409235,0.12090862187535321,12.85152719199084,149.59132582679464,138.05406782700345,310.02537528244255,54.352207952989204,0.09062865570028779,0.23339469614363859,0.5174460175960515,0.4543848727311398,0.9982329589615573,20296825.865372628,14264573.459852103,49333655.69466203,103957581.51402038,279636147.3910754,27.93529612905498
0.059170444347828,0.027247281653756297,0.0487190985476041,150.0,0.0006840554655942988,0.2983144477060009,0.6245951250906584,0.011751472445839788,0.01589554015116292,0.25,0.6049702113639099,0.9085614333938183,0.9507968519263368,1.2723239918427505e-06,0.030454291665439073,2.0155980886085907e-06,0.041751492716797234,0.0001,3.6080893055532174e-06,0.11342477443373715,8760.0,0.3416950260943928,1.5732619211310903e-06,0.02969059341319458,0.014402112857397282,0.022009757561694245,4.255440810090286e-05,6.0,0.0867249071795095,0.17086676033130332,0.0012254085946260716,0.012390045341106746,0.03504103825908233,0.16012738720078712,0.5597651579359701,0.02591843097597417,0.15849593885683394,0.4165639661085365,0.2,0.18601096794899663,2.2399890294052156,0.08545496934550077,0.10833106809562082,0.3539489014532292,1.6907013112916722,3.0901469351897304,2.0,0.4099521724290675,12.435272052902654,9.789535406609498e-05,22.916299561713213,0.04485748592933585,2.448131537277906,0.0003781738060738388,41.025282729658315,6680284.932693645,5.518012486285337,0.3109118394305296,0.0540030876084583,0.019991341298106206,0.11970029770018228,12.32001682556168,87.7710430250572,218.9877165816286,353.2078842964,104.46226141431907,0.09859721291546747,0.17715049793656606,0.45155230556104464,0.47008626220567346,1.0700702898407954,21102534.31674676,14399128.587717254,55342236.75370109,106603624.91135263,239098687.73355228,32.33862306222441
0.02829364870621893,0.16329494384963475,0.061562090534157156,150.0,3.4239980706819794e-06,0.39789977252567976,1.0733075224334927,0.00811969469370824,0.03058091259595335,0.25,0.4705915741142143,0.838678828282819,0.9759742034241474,1.7684239706038653e-06,0.030372846723861417,5.4982394019716936e-06,0.04111329867657812,0.0001,4.590033224226026e-06,0.11603387873788895,8760.0,0.23215214805944687,9.673129402569434e-07,0.031045930962833222,0.00852861190096108,0.020133107812161558,7.494787241049558e-05,6.0,0.1655025913662002,0.09932123082118635,0.0004978083536475487,0.010405337200335074,0.06467738934354951,0.11814033955495956,0.42835831474377983,0.04371495390530433,0.22216552174272813,0.27711106279335873,0.2,0.30575281968462964,2.4791388711429283,0.04371431988285275,0.22485970138589245,0.37200117720583703,1.924174065546727,3.071104719953784,2.0,0.4470430602624782,8.221958338886926,0.00016526344833575477,41.04202974269849,0.04317053453878264,2.6402575160729085,0.0003117006413969913,46.03889763953714,9115443.09966921,4.819065896613226,0.5713301826454296,0.04515725926254503,0.008173431013833795,0.08388169477599104,12.638238732158587,106.97835342845013,192.76744701723953,400.15451172316216,86.22257799413478,0.05178039763589326,0.1563040428850554,0.5972256385239485,0.4607216573379149,1.0501378741791163,22994353.109425172,15546372.626245327,52015711.28495048,119116082.20732972,364217589.36415523,30.873090015616643
0.05194482557542749,0.029880363997767924,0.019663495285301383,150.0,0.0005072895377716725,0.2518764419604181,0.5147414340567544,0.003429255884988341,0.10285586814729199,0.25,0.5122949097403444,0.8649360547499468,0.9481381769617226,8.824341934103942e-07,0.093404409370649,1.5198472711356984e-06,0.04364743583758693,0.0001,2.5285175512684995e-06,0.054304813845368484,8760.0,0.26549154338796044,2.050607823152709e-06,0.029758429770248222,0.007070531606274439,0.023262823631984356,3.472492012512655e-05,6.0,0.1375227098589081,0.14417834262559745,0.007163887215975343,0.011399385121766584,0.0395552470076555,0.09902782564084196,0.4810677657778538,0.021193500597500935,0.15289276063949764,0.23237401807247024,0.2,0.18810035776756906,2.4547818919009874,0.09514121380449368,0.17436366227581152,0.2814998659636563,1.7022998209197113,3.9552697367613385,2.0,0.3574709276991253,7.0663945706495594,0.00013190843597778715,54.13900549830343,0.0365611197585364,3.0293673249302993,0.00030198215368967856,39.81933068368418,6913713.247262506,5.662567793662505,0.3133325564300714,0.035778542596939245,0.028592299501561558,0.13172822905728065,17.74233799451955,105.80171202726167,153.73501947706657,481.1154792587213,83.51363653288718,0.059744799800390436,0.16828811956004283,0.48132354186903686,0.4629444673014177,0.9971282090999675,13639774.157434793,8334460.740872819,36464791.50895956,109477599.6000943,187315459.14572087,22.10302776417059
0.13330927549547542,0.2971148380110857,0.11340972578874504,150.0,0.00025029420832588044,0.4241756143925127,0.3320679320610948,0.0057217193461576955,0.04665820834379429,0.25,0.6114425243944993,0.808337984015006,0.9344253830083026,2.109081673985979e-06,0.047232639314175595,1.603138868831264e-06,0.0498334422175551,0.0001,1.388915897825882e-06,0.11066604460557311,8760.0,0.47338786064410976,2.2715234670896494e-06,0.03092725673231631,0.0059255172073096165,0.03540507635807732,3.235351047635893e-05,6.0,0.17130842020704967,0.10290020898129733,0.003061290134344578,0.013073179034414888,0.039638100802154005,0.14808374602820304,0.5688575031578627,0.022869151505707126,0.0966699408680038,0.2661876940275169,0.2,0.2231701123054693,1.758573481791903,0.037868746094640054,0.12625358262023895,0.32708729599503367,1.5595780502873393,3.582941897074015,2.0,0.40221308340698275,4.469969022039921,0.0002323043637995706,48.251313455423315,0.07581081380286167,2.7058514317832554,0.0005299576070446937,66.26844212943254,5509802.824605498,5.378030492677313,0.6056200033005643,0.025578781514128783,0.017232191304056,0.1248075142179131,18.604564742754903,72.51217002847068,158.95395662302423,350.58427148708034,57.34206969299551,0.10394717859206,0.12066527486635922,0.31213962935161643,0.6511378298194515,1.005223826209829,31427402.545885596,20128712.707695387,83932838.19895084,241511215.78331235,333247969.6653106,33.82072758803659
0.0515544447558577,0.05381094574054505,0.01731604948414279,150.0,0.0024861711578370747,0.4235063101289258,0.27804253873389856,0.006711736889886898,0.011257867595817657,0.25,0.6240403848142931,0.9018354198764623,0.9710182503453693,3.1070061898471612e-06,0.06398518432128056,8.626186431216015e-07,0.031371571484945876,0.0001,1.104615720131474e-06,0.11362845803817272,8760.0,0.2530318978397127,5.6447831627143675e-06,0.04247058601930357,0.01438314883129781,0.028594540261156896,5.282794348447623e-05,6.0,0.18664018617071654,0.12964902803722583,0.002023495282068183,0.008998132248284009,0.035960810942220596,0.20031212101794846,0.506047595012813,0.03404293227884643,0.1748810773304993,0.39366281743921644,0.2,0.2546544843695714,2.0829759879914733,0.07276652339632478,0.1506193454768332,0.25731263099324947,1.8558053377682033,3.53497901167485,2.0,0.4513825612935318,12.848544578356366,0.00027185390134659894,16.062654855468633,0.06394989107894873,2.2202762592473473,0.00013658110374458715,54.94435242464364,9488505.839355454,4.754505040854577,0.3203722050625806,0.02613619823633679,0.002166636982737919,0.09325019554082298,12.537031374179264,71.23573835979491,111.36753521658945,285.1207277124019,112.3402997460871,0.08950647687577923,0.17389254464991627,0.5720041280841799,0.4442466856611612,1.0767368852316022,20659662.778086428,13949778.582737751,61942488.50818017,94084334.33723597,154276700.38514748,33.5335325685865
0.1268316999693884,0.21562528831043287,0.057774073178895935,150.0,0.0023964600711809123,0.3040031581611772,0.6722341524961273,0.010683504340178378,0.029394383623429058,0.25,0.6226741564190248,0.8050334841465132,0.9657351493553848,6.856411408820238e-07,0.07456884596143319,2.0559698485992345e-06,0.050336006045097734,0.0001,8.891030827674637e-07,0.10174338907514506,8760.0,0.3285437647352597,1.486181673735453e-06,0.031861216974289945,0.009930665677555059,0.018988496284713233,3.934934976731283e-05,6.0,0.0751631360962978,0.11860695727242015,0.002505312662732381,0.008474172445984404,0.06615301337513262,0.11371205559955735,0.5975991225728537,0.03267980516902658,0.1559411508036901,0.2294641156961295,0.2,0.3130371528811641,2.552159248606051,0.04247745641854525,0.2002413948060957,0.33225727458227594,1.5610051202016797,3.945100328292666,2.0,0.37524893665733405,10.423355008145332,0.00015888273034687613,23.21241378176402,0.074469748758121,3.380798343875735,0.00020977507700741736,59.0423106943033,12318742.258505661,5.629368177004472,0.22804259343813416,0.06360479617187764,0.0038809253795010898,0.1740212275782443,16.813842130377424,157.6841708070948,235.27883404148974,391.04496746089984,73.56201502383158,0.10044470038326204,0.19521627026907412,0.48833866215200106,0.5725212130689271,1.0564013631094031,26566550.213309135,16237102.424118366,65235985.86678952,179385159.4951238,481695598.35073245,29.730726530630225
0.16798842380709636,0.1378643737177374,0.10600518781777153,150.0,0.008547852616931136,0.3370939767475905,0.3176077872929309,0.019997759980665105,0.01859615374042952,0.25,0.5817207841854513,0.8859098345076484,0.968444595198622,8.965879044286404e-07,0.0228006927735165,4.941768979468304e-06,0.031218875107254334,0.0001,3.98488992386103e-06,0.1404915666588644,8760.0,0.39280974196060325,1.8185946712581444e-06,0.027874657265083657,0.02321006064238619,0.026619194104403457,3.466412065890116e-05,6.0,0.10253240020755335,0.17784710506663043,0.0023128084003250396,0.009932992612792497,0.05048534301573641,0.15736430318761285,0.4633699382632938,0.037674655474743995,0.14263710546255076,0.311409171755727,0.2,0.21108728316866326,2.5271364740083655,0.0622998380874064,0.13434960866401158,0.2757910435442725,1.6521144930564762,3.155907373473613,2.0,0.31887610523644067,8.914048379387584,0.00018026403121975575,15.137835093615603,0.032130870351901285,2.2636293730753057,0.0007527870281838813,46.185275576061265,8000132.799560831,4.781375042823162,0.22678886169345663,0.06749776204039801,0.009704244931330269,0.06280819184991776,11.343575552361667,167.62974500220406,204.44051884566247,484.7503172234539,67.46274320601317,0.059087959420038076,0.15956381722116325,0.4269828700048519,0.3045780959619604,0.9066935837425972,21079809.680455107,11140819.530221395,44046965.4456654,261975078.7984819,536707133.2707782,38.116619293657656
0.09716203593806041,0.06150271721844935,0.10970538722336043,150.0,0.0005379366000394034,0.4042188561338935,0.12394398109076146,0.0038285061241025236,0.022211498750853438,0.25,0.5590343941080275,0.7926794912739127,0.9639654352677886,7.24888661633346e-07,0.07930825596340832,8.576796213842956e-07,0.03303492356541853,0.0001,2.814417898819571e-06,0.08635519330670241,8760.0,0.3601995036077231,3.778310945532265e-06,0.03296827340174648,0.0138721011853061,0.03893951498869657,3.0129557983827944e-05,6.0,0.09785406600855026,0.104178419021737,0.0017624788437401468,0.016889834185802286,0.04158502665443731,0.09672908472249464,0.4439540374377017,0.034590023065743686,0.19598751901144246,0.3623779151996118,0.2,0.2682790642366567,2.1416583530556887,0.07065120442899878,0.20866596219988875,0.46677543231753027,1.5816947017647367,2.779842486472224,2.0,0.38582651778438437,5.524632847782725,0.0001986585551591549,28.315968950288138,0.06951613816884837,2.358568126838511,0.0005959074363595555,38.06312887571859,11513230.05452797,4.946306954889035,0.31534900245465847,0.04168731317538678,0.032054396409648835,0.12929855721253902,11.868466296067638,98.85608752314485,190.36241549102766,366.89714707485945,60.321037768033335,0.09337630462873905,0.08590668190913867,0.5821888536349131,0.6026193635155419,0.9987885587464584,25147437.497486252,15951308.957800984,58739489.529634774,188836538.85443363,397579007.41886955,26.13997837295238
0.09800603323676438,0.06419727734958929,0.020085829516242982,150.0,0.0028379801833275675,0.42519142982936853,0.15276161540024563,0.017020793649113485,0.06052464026563779,0.25,0.6097534756072652,0.8241830320666355,0.9300605366522878,1.043177935674208e-06,0.09802319502427644,7.374082609740721e-07,0.05764157108739537,0.0001,5.607542247257269e-07,0.06493012014906852,8760.0,0.39950370171361704,2.468581629747387e-06,0.026777833568000824,0.01494546439229891,0.038656871042297515,0.0001819839007512837,6.0,0.12572944308937123,0.09569914409625732,0.001747054590513655,0.011351298143174128,0.05843108918972105,0.07831160683438156,0.4717915030155348,0.01682911753402321,0.20729151721088263,0.3705568188260778,0.2,0.18900907895537875,2.713002099552437,0.08485645708773716,0.15250783743967458,0.34592142393699643,1.3799092586189834,3.726263039283395,2.0,0.2887340689331274,7.479416458859542,9.484885652989087e-05,31.773305214749698,0.06072404987476604,2.329539967965622,0.0012868554363521547,31.163317394723027,14309340.725511894,4.644669208371967,0.3557668973383754,0.046340042307101974,0.01180324782639706,0.13096685768661764,14.229147802101085,110.25825010273726,174.48997963894334,384.04469850225803,63.723843506986285,0.09995391344355925,0.18010191170783266,0.3348375178481707,0.5060814739726505,1.038427719490415,20640429.330824744,12049689.066453647,53784988.18154407,150299344.79153895,379578207.6593618,27.184898261975686
0.06353659033482797,0.05609243705992541,0.03512521142903873,150.0,0.0002887860768250549,0.19979024669402162,0.6976802083766444,0.008177927294914414,0.037195845708469004,0.25,0.5734734134393421,0.8220608439581015,0.9702562165866409,1.4802951675425665e-06,0.04460052681636932,5.3299901527843555e-06,0.08535885660887907,0.0001,1.0674366157749507e-06,0.10490707472330002,8760.0,0.39744038122013714,2.4603827254129596e-06,0.025223636135383372,0.024091367437570184,0.04188582076251825,8.254286059347243e-05,6.0,0.13102092171462437,0.11043429087332954,0.006031771573231218,0.012167567132049887,0.03660268712678644,0.13244128280899303,0.581811935026153,0.01245453665652944,0.16495811616691172,0.2636998123204962,0.2,0.23360402667770852,2.115861703887182,0.07989566382051316,0.11864774353128575,0.2540973744589716,1.8502259931297567,3.5786975941785535,2.0,0.41807703438073013,12.366347380891535,0.00020558526002460416,35.52269771586033,0.036669771155378485,2.921825977782839,0.0004022706483611125,50.3356589888031,7463705.068756614,4.88988252545271,0.2927642973084024,0.06488422220272458,0.004375268615963373,0.09747060624845005,12.797738873762185,73.21547094214112,117.98826853843731,396.772246444363,60.99254545689341,0.06287745511875725,0.10275555719888405,0.5145322191539186,0.5115069338712501,1.021500628627641,19043697.129492797,12444080.732893448,50736653.294669226,108977345.11791798,237302769.05366507,27.514800734708942
0.0751785404120722,0.12132539386619286,0.05974538550234232,150.0,0.00013721071696058687,0.2475037028705749,0.31478849569658585,0.012780640173428611,0.049518422749090275,0.25,0.6859717446550397,0.8857343603841992,0.9704785521102931,3.6562629637920512e-06,0.051447784710737535,2.981840347409591e-06,0.05236795009908543,0.0001,6.640453304734918e-06,0.10151158335560904,8760.0,0.29934480217452886,5.256506458578754e-06,0.030328669543823926,0.008865942829899625,0.025392330919912203,0.00011585143917099857,6.0,0.14549198846978958,0.12035114892693534,0.0032082613895945454,0.00893330030836148,0.04895058623016485,0.1656025076976199,0.4722062440550783,0.018862375646062857,0.14212688086478276,0.2790888842349595,0.2,0.20644272158325883,1.9186774319892668,0.06344245456789932,0.205459495036388,0.2491773510700834,1.6653517524847987,3.7172229257089464,2.0,0.46507647685973497,4.5273500471060055,0.0001247548921410571,65.07266083255054,0.05990836651701745,1.8697840421651097,0.0007617408580664074,45.09876031933904,10370723.422391439,5.140750849285888,0.44571457669296,0.0421335589491338,0.021537289998875508,0.10135754462313012,21.058006489449234,114.05987239124515,163.13398178790345,490.9612061068643,63.9956926626848,0.07426976746130727,0.1329925061266601,0.4061490779985434,0.5552319249813725,0.980519747277067,20345470.555615526,12249321.21894006,54691426.55576009,141393923.04657084,277301526.7218286,28.69272967350177
0.08340362293643447,0.0172278863018307,0.033491652221804565,150.0,0.00031684970006665684,0.35328214786982404,0.6192688649981897,0.013349205751263622,0.011682461668467009,0.25,0.45757035069468627,0.8044334511876887,0.9637010021389832,1.6970195780531696e-06,0.09095121926567429,3.912497463655453e-06,0.06286183253527178,0.0001,1.24843562314909e-06,0.0707444674561736,8760.0,0.17528060329463996,2.878548507267042e-06,0.03522955841676418,0.01107165845113141,0.025990874148184212,3.4472698403827566e-05,6.0,0.12281598768868181,0.13477453568696418,0.00709257807226432,0.01739214111414636,0.025248231658215,0.12800627053344832,0.5494086809096645,0.039852195257105406,0.15123311946943452,0.3063501586723256,0.2,0.2137812441497311,1.8952669912658289,0.09737024613019174,0.128012485798155,0.23513416912202545,1.2225378960853253,3.534203313199473,2.0,0.44288812959268387,11.680258999454376,0.00012185474984030228,14.10753508563972,0.06880741889068491,1.9952530316480568,0.0013768174623567425,34.2402708593859,4568573.256294804,4.510987559437725,0.6951624551010117,0.05467543712579055,0.004525853038667159,0.0966490380163647,20.619222448619876,84.79075808613953,221.91011962284088,308.78288285603224,72.21567224918404,0.07615175475061153,0.1033435968310234,0.39227487045354814,0.48941159124416733,0.9458672577906249,20037007.035657577,12399039.999127004,64719176.518127955,114495199.0450741,187971014.68206042,39.38438084009093
0.08512697719130126,0.04163563755862852,0.14136327038229896,150.0,0.0016498245051157331,0.29061869133999374,0.20757956207404926,0.004317405162447332,0.006648419685896068,0.25,0.501712463454101,0.8770096472918052,0.9673981016686619,1.942231838349663e-06,0.0833027411505072,6.339952920083405e-07,0.07025468253190058,0.0001,1.7724689296641084e-06,0.11002042688784039,8760.0,0.29950133751491637,8.157423901199415e-07,0.02731887334828989,0.012743611540132933,0.020597577245503,7.38947808044149e-05,6.0,0.11714223236829317,0.10077258016101065,0.001441562126677713,0.007609967169969204,0.05705829270687943,0.09836877311945272,0.5254281167195696,0.02412640992669612,0.12700597383686862,0.406389589402955,0.2,0.29996120595809395,1.998996429447779,0.06126816076658363,0.21552715233137826,0.3527587163966175,1.9408936826492265,4.31109648668831,2.0,0.400939345117564,6.115187776200839,0.00030886145541445057,22.071088870255586,0.07950976526608212,2.210428172854728,0.0003614490231252518,52.887985778561266,10378100.229478206,4.720762567777848,0.26125567466637034,0.0505592407384441,0.007663967957840337,0.1421508696741099,19.965351536223864,126.88580049575,108.12580652068091,410.73570331204553,61.678286695382894,0.05958056463386283,0.2020483548902607,0.4797276564511367,0.4483801990531911,0.8826457918371268,13224201.430161396,9141618.760528363,34537244.532039315,56487057.92785903,150834087.61791345,21.717247798370025
0.05998096034217569,0.18475719117358708,0.0698014494934697,150.0,1.9439912525970173e-05,0.2581403444860034,0.5008572252333114,0.013635662385518436,0.017167304634063234,0.25,0.5353463159076048,0.8458049253450625,0.9237311597225147,1.1864039669319535e-06,0.03819120989466813,1.2152294904976912e-06,0.07070283906848002,0.0001,1.4636440006048211e-06,0.14382365362977978,8760.0,0.30788836096876065,4.10781800396543e-06,0.030690668000416595,0.01675744368427692,0.01653908034012806,5.938955426940248e-05,6.0,0.1554220025133774,0.09877502414096453,0.0016074609710117088,0.014603057700352147,0.048010787683677725,0.16768009405662804,0.6171126916623979,0.024926439095352068,0.2312416355980879,0.2396442582998134,0.2,0.19479003066746278,2.2639098604778143,0.08016374098475898,0.12286248671995353,0.35423118150720767,1.2498888128136882,3.7906496354093657,2.0,0.35715124020783806,8.239274321704663,9.893088166081567e-05,24.38075560816911,0.06749675507408957,2.8290557678399795,0.0005268988783629708,54.425548564760945,8327206.7240123525,5.345591962557326,0.7968889191531587,0.05247497906245062,0.0112932475146146,0.11080108269674933,7.89479431355525,90.88391709653988,105.26990353296503,532.2875531601918,56.6873263218382,0.05838060976195236,0.22824439881064074,0.4121481671971371,0.497990683045919,1.0720340146030187,22694684.56233034,14459094.035644803,61181433.762793526,159016271.58186412,276351517.0353862,30.90480907194719
0.1237239456778929,0.040494925641562166,0.03030049513465177,150.0,0.0013711124228569813,0.3824700826323779,0.32585671713416364,0.00811841017743713,0.02597208304770873,0.25,0.4596133343925924,0.8111121263785338,0.9416888197550606,2.279933865582382e-06,0.04220755757388966,3.2221024927706795e-06,0.051275356425701746,0.0001,3.5002667799280708e-06,0.10919471913915438,8760.0,0.3713319150922263,5.784345442693995e-06,0.03175617801436004,0.01334380613926532,0.016033137498586203,2.305962245433411e-05,6.0,0.07812549182359854,0.11688075765227836,0.0012325666866857216,0.010120483723722939,0.04232508665587793,0.16466630266977084,0.5324658093484453,0.022816054698721274,0.18120754698880343,0.32445116365797483,0.2,0.19633649542569917,2.345030168030084,0.04626864653510222,0.1008743526295274,0.37302500249168363,1.8411084581732116,3.367603708362426,2.0,0.4130454983280674,12.353763632573525,0.0001384786093791779,17.98612763177447,0.04226124432497529,2.0745943427688753,0.0002700936832796191,52.62650594977574,13228540.827734534,4.554959249371681,0.8687943777703012,0.08023438991086543,0.008731122168586281,0.11436511238188084,26.617364419684062,88.96057306258318,157.84944149209318,420.0992153043159,60.80432160168529,0.04827199795053283,0.2039978807055112,0.4970113084014428,0.48354234437744537,1.014166702780822,24716417.263597578,17719073.52280251,66756969.320643894,111650160.24690504,214997276.32192594,38.31815459703896
0.033342014364791187,0.024161696547233567,0.09115150634467314,150.0,0.003286542515160405,0.3078191483966875,1.0854022132385466,0.006510368644342287,0.05193288858413782,0.25,0.5718306860668455,0.8016125011608706,0.9361771361676451,3.505097807642364e-06,0.028759984354333693,1.960846886871464e-06,0.058842050737021395,0.0001,1.8560764892000269e-06,0.07291843354015458,8760.0,0.38858135819364825,1.2644993824494833e-06,0.024058128024876398,0.022725096355460477,0.01706261132105156,7.471021474235794e-05,6.0,0.14233878806270925,0.14815635760346862,0.0016403790726935035,0.012304610357382475,0.05116402409796901,0.08603702430992369,0.4247898566176166,0.026816565498088238,0.18404632650773955,0.20718007563212362,0.2,0.17478767609243126,2.393808827562675,0.04287261053476088,0.07757152233655848,0.2869268193193652,2.1057699012499063,4.738087683329438,2.0,0.4106715366327559,6.565331005664378,8.889605793649457e-05,22.460385618144798,0.08441601773265918,1.7304200833495997,0.0005453793332503663,74.04759659262287,10255329.015143529,4.863210083972449,0.19841125933547477,0.03614931185040444,0.02461813842968236,0.07030715238281054,19.897323049877798,101.68526922250042,124.14641254146011,372.505571122525,107.47106475336236,0.07771957387394654,0.22246113334901157,0.46056781423067705,0.513415446220704,0.8594119810272183,13178574.960873138,8109048.494532204,34712945.98983262,110964585.6570717,205092785.17376047,20.761491906979376
0.10235946804807125,0.05738354222298625,0.03633293071840215,150.0,0.0033431205949482844,0.26503857336635517,0.35967071068055556,0.014345523136053355,0.02385542830674628,0.25,0.5426225793774351,0.8025705597600648,0.939262175639169,5.55724936041978e-07,0.03979826689672623,7.690891171412913e-07,0.039830634029025716,0.0001,1.8000270060264455e-06,0.09297209958004839,8760.0,0.2451535532565278,4.838127681445487e-06,0.02716681698226252,0.013187456437401848,0.023698604088765965,2.679112444309753e-05,6.0,0.17817178316556465,0.144660768268011,0.0016963535822744503,0.008640413427041003,0.06966963846722063,0.20462953441528944,0.6018646460206601,0.012428242961272252,0.17407842633631548,0.3553138081770536,0.2,0.17524965914743468,2.5919541849525123,0.061396454084689855,0.11483082080173186,0.2995764693894333,1.7327444976174435,3.0365480014118496,2.0,0.3218443994360822,7.1866899092991305,7.966295995480867e-05,58.582955983603654,0.03505359297887573,2.7974606922057976,0.0005087794359806565,44.63581519212575,7975248.489047604,4.208864674965668,0.17588777344605078,0.043053680130228755,0.009578383892831076,0.10755838139652092,13.425766235090741,108.61126480893003,202.99148695471533,427.4991483445389,70.26786630467183,0.050691650722632146,0.0900718345021273,0.48413195395330244,0.3920183786072619,1.019020459257402,13523557.044107474,9590984.684985254,34196744.95798804,89003542.60022782,140398483.83661932,24.208861127121036
0.5087586586221547,0.05407335005337474,0.02446774771577076,150.0,0.00032405526832081784,0.21855565668851162,0.9727464854328698,0.00456222542782378,0.13931231931726115,0.25,0.5966854960447436,0.842877639920963,0.9471775341030659,2.3771574490799574e-06,0.060373382510982426,2.5503812185814644e-06,0.06540743106004725,0.0001,2.6741998259875886e-06,0.10858218640738915,8760.0,0.15137578146055075,9.57925248606718e-06,0.029365692395559105,0.016487175650385724,0.03282822386512868,2.1249095543171847e-05,6.0,0.09288488908480311,0.18325043067185753,0.0008568995665912516,0.008411383370623946,0.055950094575752465,0.22827855508233605,0.5352192781294192,0.03640289946070487,0.16138344537877822,0.1861042420232823,0.2,0.2204886258218987,2.3347616613617728,0.03855362305242885,0.07857065990868956,0.3425738048303082,1.5349403783611217,3.2605488566998377,2.0,0.46874872062747985,5.171639370367255,9.579969535728522e-05,35.81295355050025,0.054680962186425625,1.355243744013411,0.00023410196636862646,47.41630735179773,9965502.495119914,5.6995732446525205,0.3053417061637562,0.07454110868314887,0.010989331578146511,0.0922062892686026,14.50907866412568,151.46614355060373,211.05135926120028,351.139117482896,42.70792528551049,0.08178709901099748,0.20317405606648825,0.4157493853121359,0.4854828076314217,0.9850226375509177,26178196.939654212,15087465.486564709,57425650.46793077,261874606.16597706,599062910.6152111,30.02327023405511
0.06712864904032176,0.2236382030173815,0.04251721593355001,150.0,0.0006317016823491466,0.41045409696708457,0.1809339018635808,0.009572081532615496,0.03490557822390905,0.25,0.5577263277973071,0.8933480094499162,0.9365787145051623,1.97783805513721e-06,0.05612319737476529,3.344033453768507e-06,0.056820363889649006,0.0001,3.7585636714853447e-06,0.1042050981710505,8760.0,0.4168282515319839,5.01877231639599e-06,0.02904737107887307,0.010876190644458616,0.023544353599679886,3.651693564280923e-05,6.0,0.07966237802455903,0.073032136813862,0.0004473743027810753,0.010636246098256535,0.040294893099888734,0.11787010938669584,0.39131260877631535,0.04705698038285965,0.145102985254577,0.28135689070444947,0.2,0.2924407972536961,2.2040932944506,0.05597450013283685,0.08800300423148244,0.47259133948326604,1.2443222722196519,3.0421088532847116,2.0,0.4387510215181759,8.95175472393769,0.00013707491555053046,48.388007831211155,0.04832655620693079,2.9690588803757785,0.0008905437716648211,54.20731431613619,9832659.882015985,4.580760754971357,0.517123279811423,0.06349893663108971,0.011385742582736206,0.0872743212049425,17.10901964726823,64.84892371982903,155.06711514659514,323.17844903508677,46.17228724966985,0.08747975768142296,0.10383866129830192,0.3284336462788692,0.6643038695319561,0.9269132611562179,29302399.156919084,18476437.59232776,79113057.88683257,250296296.52633652,400227618.66703,35.38571008875819
0.16487109941015263,0.07767332905499408,0.008845886080056133,150.0,0.006898406778635457,0.4273934019700477,0.18871074193993007,0.027457051857347224,0.055904709103754446,0.25,0.5736906778241913,0.8888748833398219,0.91361072423488,1.7962726845935603e-06,0.07073878388414949,1.4569507148000708e-06,0.08181078302776804,0.0001,1.0723094202760425e-06,0.07475731157598439,8760.0,0.34788392284304137,3.889629981197472e-06,0.021055602448112883,0.017169408500397016,0.01739789137882488,5.670166156133578e-05,6.0,0.11310915329298035,0.18007892421858074,0.0011833331233340268,0.009501914012731896,0.058611927667592725,0.11942860359224104,0.3391877893611431,0.02532901044946489,0.08408504926843634,0.35168574206853465,0.2,0.15668258610582692,2.2444237335533277,0.05914533395198787,0.13942693352446622,0.36594530489604926,1.412460628273774,3.6477854380123143,2.0,0.2579814680688914,6.3470080096843695,8.795296872832404e-05,54.48151757516223,0.0557821705723289,2.0495345844288844,0.0005882098951357227,55.7054286664025,10017867.573918529,4.900716614049652,0.17450735798968559,0.04892199134667893,0.012593606095193064,0.1804738102641097,16.30131032226955,97.94831278570277,189.23632312553227,322.25933652977324,81.32486617420892,0.08049995024226095,0.12441141594630122,0.5835301327485921,0.3407848873789183,0.9821614462398587,16623958.330870334,9809333.464989899,43761893.65909063,153051307.06571263,257113985.08379453,32.41828556109006
0.08078985845593312,0.30858038144429667,0.13648230320125965,150.0,0.00025120086220992773,0.45962972118780954,2.135005594018741,0.0068752673577546965,0.014457078990185718,0.25,0.6446298725517086,0.8423294776741731,0.9376215287985638,2.0188553991107724e-06,0.05432123366551096,6.651802082883476e-07,0.06916707107619675,0.0001,3.1133383236210434e-06,0.09921174798772006,8760.0,0.4337078490745252,3.94303381536882e-06,0.030829127322429664,0.012574748909072698,0.030855840644699303,2.8735797184978662e-05,6.0,0.15253683295103831,0.12843259656773287,0.0014145297109448933,0.0111181658129961,0.05875216478976708,0.19450375382128043,0.3838390732717665,0.034860168685300605,0.10509104300816222,0.2613076259742521,0.2,0.21800212502181282,1.9216426468902505,0.03528459099396445,0.1388646750518207,0.37960093164951,1.6286771840695593,3.3295572244546188,2.0,0.2936804800278014,10.12118510906619,9.201706380155503e-05,30.106056403222546,0.024992236587872068,1.8414671895848622,0.00024443385887719165,56.17815977786293,10339399.311526336,5.009414823104047,0.7231585801094886,0.05872795201589778,0.04010261976308379,0.0775213991786192,10.56287052594968,75.14841842249496,139.0727434142747,401.21486502361097,40.60306988053554,0.05163117196763253,0.18135883310526368,0.6601916687137803,0.5824766967814954,0.9214641525963766,28528372.80922345,18297523.60232565,67919805.71526311,168973821.3091203,532072897.3414556,34.04020033954859
0.024770383447075113,0.09552712692817719,0.12186842106610363,150.0,0.0002727353713518314,0.3672826046556986,0.21781787535902075,0.03303670788771192,0.007690593393433118,0.25,0.6181648174267845,0.8010819169869587,0.9565235598574409,4.1120185679657504e-06,0.05322154360082909,1.5281221705750324e-06,0.06952422647271847,0.0001,3.2907299118455357e-06,0.06554898258192343,8760.0,0.33987680908757234,1.318494394362064e-06,0.026554185304501852,0.012393874465398042,0.03449505177795611,7.25516482795221e-05,6.0,0.09673279502397174,0.13762483221987956,0.0029592649105635643,0.012061771968263572,0.03753247911423256,0.07373615649424403,0.497040546949604,0.03595750988035273,0.09344126734156646,0.38685514854964564,0.2,0.21362377545694944,2.0303539877019285,0.05684890517192065,0.14955622219922665,0.253788944748396,1.640049303461997,3.0994667182013096,2.0,0.35499845081370107,5.472790885447003,0.00014851331165914976,26.634263497783024,0.06622409973452242,2.030868304945939,0.0003580283162284639,73.74401072895202,9024597.503203347,4.080471932311939,0.5222990386048807,0.030356137525995336,0.006093249257909117,0.11527281645469487,10.423594179717472,140.73158032148865,109.2295309504391,347.406168380914,63.582560989571064,0.08105777804857689,0.10710318649245323,0.44192587313594656,0.48281322355414424,1.0108891028418685,16847509.383194856,11255834.85754972,40777239.90647616,99444204.62318647,275948034.5102164,23.05912226147252
0.05644262159757186,0.09054196685245841,0.08228798334746092,150.0,0.00234424126272036,0.371336684617505,0.6017365064241851,0.004947148127025792,0.031805479861521095,0.25,0.5890430313108695,0.8935489722106957,0.9494950797316651,4.5332492306141386e-07,0.08304037005145049,2.3704548986657405e-06,0.06748475129974513,0.0001,7.390209940945169e-07,0.09281569695987188,8760.0,0.2708147956985434,4.621996495742967e-06,0.02450554139370972,0.016054763676336438,0.02165371936379378,0.0002572872720855519,6.0,0.12067233063035492,0.14801912360278796,0.0009906014838961291,0.008367603047553551,0.03545890845977555,0.13037419333786215,0.34233771742281366,0.02051632397134939,0.15896786534867385,0.15473426479452418,0.2,0.1426997585296102,1.8691864957562705,0.03594179800540849,0.2341027620764553,0.3388628274155565,1.8234509978267348,4.439567796789647,2.0,0.31063354091433104,11.359377279045983,0.0001726623267300039,38.24095484437829,0.06645893070169256,1.9361943705850937,0.0003220389337073734,51.202874863578835,7124807.157432977,4.121600892961823,0.3006183395055907,0.04115870176789687,0.01418160094895627,0.10184683618923954,8.521592689833541,116.68291885469067,184.6360215779289,324.9441969657207,45.16781831381101,0.09934876794428137,0.16367609880620837,0.46288149970643466,0.6010756928105311,1.0269327183280827,19574280.769055236,13056960.730922632,53371174.4420944,105942025.31125584,224873052.09014148,24.003298725767085
0.09221411790118271,0.0432498088509399,0.10145140021723387,150.0,0.0002775448436336725,0.3034773225004239,1.1591514690463411,0.006914189678174041,0.018475124995518,0.25,0.6695617325835187,0.8828214568538549,0.9757603417158894,1.13313280914092e-06,0.06285131667853967,2.657190968989371e-06,0.08150193991935062,0.0001,2.0816285255172e-06,0.1233214164221353,8760.0,0.2826413891280005,1.294734806900069e-06,0.027651196845341754,0.008702356111082915,0.03761144916408116,6.525101372824383e-05,6.0,0.10062264938192413,0.1636276964620922,0.0017344308812804441,0.009040576693059925,0.04006594667925724,0.09172493661636613,0.6442766926072147,0.023258727705901545,0.13631051683660494,0.27371000787229827,0.2,0.23260511565874403,2.1381253220984497,0.05541223750006373,0.15032600170500898,0.36935633426093806,1.8840960277627898,3.503375102068719,2.0,0.38509938246414277,6.364375959796053,0.00017858899798609888,28.374292925092078,0.04352678020378521,2.063044543928693,0.0004990927914574176,25.554267879282712,8126307.8959092945,3.842378943236455,0.47862537926607446,0.06401542077341757,0.01525554489356107,0.078953207825163,9.505954525132086,136.19752891682867,137.38378433392384,404.88352513525126,86.46916258745395,0.07451318872063889,0.09312620018599005,0.4729611708348322,0.5039589188646019,1.0123533773156816,15358116.422413308,10806906.628532592,39075899.1851716,67706099.10932909,153435845.26536268,20.378867922271347
0.07562488132275343,0.18807549483123215,0.10495064971163924,150.0,0.004709550137514136,0.32598571470119964,0.5022974849113835,0.005840566212252151,0.017577266909677258,0.25,0.7054100140443438,0.8541995058029365,0.9433106071817032,1.3823622251554822e-06,0.038433156560486265,1.0753254993821012e-06,0.06794321988002101,0.0001,9.191067209411379e-07,0.09818037852256836,8760.0,0.43308158354810244,2.5607856736377605e-06,0.03151325786240673,0.01870694914335215,0.0260658561945978,7.995290913396173e-05,6.0,0.10687555039957114,0.12491579386293071,0.008846472816112906,0.009744389757145972,0.049171659109717214,0.1176435471367133,0.4476285752772731,0.0255896384741353,0.15935464595581142,0.24138714859770194,0.2,0.2016561753653756,1.8230142884210916,0.07337854862406207,0.13914396600303103,0.32130395916331944,1.4276167224331722,4.487001181949992,2.0,0.33551491484876195,11.432907788263838,0.0001243379371439442,38.966360332933725,0.04300635808165042,2.4795173366157695,0.00016250896710007698,52.53276087126118,10507348.922577593,4.119048264749769,0.3405365689433317,0.08416862579873208,0.01434085529965623,0.07949803047215927,22.162774006644316,102.22867530261487,173.15091383354172,501.8827606385893,69.18499884364537,0.08513315434731691,0.08706062325436405,0.5199666950434747,0.4663331187585228,0.8896367843437316,21962290.012105886,12393023.363026021,49530920.61155434,238172302.3715985,437001476.75783885,32.422281377716246
0.15232568586823086,0.101790429918243,0.08603290299938855,150.0,0.00036619628133872305,0.28356962143226205,0.21941606230484414,0.014566380363713828,0.04413493502228177,0.25,0.5167307593611915,0.8163927500451676,0.9457217674306269,3.459833487302535e-06,0.06874155402232479,1.5923054702017706e-06,0.07455412866413365,0.0001,2.5889333565014924e-06,0.11399402338397323,8760.0,0.45008028111949605,1.8920831387874534e-06,0.029623284206004862,0.021362232176653468,0.019326632473616757,7.046964788040666e-05,6.0,0.11914828704374329,0.15509327766892073,0.0018899779884689984,0.018835229370930122,0.048751771370748695,0.1631792910594485,0.5218807951523043,0.02428314004689718,0.12962991008895253,0.20407055587020406,0.2,0.18359939698574457,2.266654604141272,0.04762646121014891,0.13014525498717455,0.4002711683061876,1.658266129689205,3.9504632070285366,2.0,0.3678908226138838,7.293812123860247,0.0001599565075261992,47.285834117929525,0.07860614226166752,3.21953482709978,0.0001971274448303508,45.55349936851722,7360344.818870295,4.361728771672381,0.4692733388446616,0.052841547681947085,0.011061157644433484,0.11127970405988877,24.269964493896712,111.87579831819208,145.09369122012438,330.9998473751215,90.01893911428223,0.06346015149742684,0.13614764518643896,0.5985202051289688,0.6186358971485229,1.0259762843505271,27355794.745387796,16845614.0630425,67587322.59670445,196265333.56768066,469356207.2686523,30.20583651052735
0.026306810752522263,0.07949021966550218,0.06568605732435426,150.0,0.0001225282788207436,0.2195919760028222,1.6501587803687954,0.004202837261443812,0.015317105388768426,0.25,0.6746325687017727,0.8188273373026045,0.9443059480686301,1.7556365050441911e-06,0.09521518045470351,1.3817127896259908e-06,0.036958897011228065,0.0001,3.4235576774891787e-06,0.10656952400576755,8760.0,0.22304031784073464,1.6412662299878575e-06,0.024359182277040613,0.007911806928903968,0.020993585133188296,6.314755545027082e-05,6.0,0.11962481929688594,0.10716267946414706,0.0013965576739349158,0.014419853792787495,0.02996530756627811,0.12432501111841376,0.5152465877493771,0.035515051935551406,0.14891837144027353,0.4148591039593472,0.2,0.23985283028645038,2.7014736111001634,0.07315133315580365,0.12172104673281466,0.365768261506646,1.8521037807936187,3.2418862589177446,2.0,0.3772397650064564,11.374382482065213,0.0002676364565077359,30.970518248057935,0.04107957151703294,2.9102987983934288,0.0011577195796072365,43.13399070057055,5684142.860101152,5.2504256397085,0.3496656481465714,0.04608241742901441,0.0019428461350462312,0.14068833442492693,15.00544332565026,65.84751474141851,144.56322952357374,303.46505711119124,67.30184140077606,0.09560403495575144,0.13559156362697591,0.509657750556411,0.41951466439329643,0.8620223209017234,16955024.572087377,11271050.765663156,43920217.37849046,109336880.44331692,212348756.15932733,35.46285283844368
0.037470409594789415,0.1702975591953685,0.12286255317423936,150.0,0.005370745011148644,0.26822663814634096,0.8531179404089664,0.01611092581689041,0.10104280165379471,0.25,0.6328414933789452,0.8873333702868311,0.9286741367042763,7.983548262461472e-07,0.08018394340823354,2.2118632264473102e-06,0.06733596054267191,0.0001,4.972772888159935e-06,0.11114959194802568,8760.0,0.3146930321655531,2.9596337902192413e-06,0.02711569359940272,0.015970099000510822,0.020493616494346258,4.395222693887689e-05,6.0,0.1173747531052942,0.11952397784818469,0.0001769996981936503,0.013964333638086988,0.03394963088345789,0.09970628873086824,0.33267784827177643,0.028472474988423764,0.14630883389475022,0.2779232727212476,0.2,0.24542979051379363,1.7803355303406603,0.07234172842711335,0.1729286221350989,0.40576580435257054,1.6068617756535688,3.4296634513652213,2.0,0.3043858853511554,3.121379571492457,0.00017225915349818676,34.85951215970772,0.030574061537018415,3.589523719118648,0.0010093081368293452,38.76311171208515,13820122.643133715,5.563111218321198,0.3783755981888294,0.06781731532242889,0.012931769068633484,0.13425711168463758,25.597279600503178,164.10213946535598,199.3225530083023,348.79251267059084,75.43545002288636,0.07672938950249354,0.0678640835774954,0.5909353774552113,0.5674664465044945,0.9707770925331353,24889389.377647243,15163582.878061485,60166296.83964105,174299113.99716502,422135561.97852784,30.198468418265985
0.08763634963178024,0.12441702748433858,0.06523685878728923,150.0,0.00752307173725088,0.28621297350000074,0.30068278518625124,0.005365351081660722,0.05051665271460332,0.25,0.6547560959833304,0.8579588162839429,0.9462846278772563,1.011867082527334e-06,0.03643573858260409,7.310480764113883e-07,0.06213869958142691,0.0001,4.066921086908661e-06,0.10922679736200318,8760.0,0.28381958687497855,9.234891836877516e-06,0.03041046533887137,0.008793722864118224,0.04245808507607439,3.307938021000206e-05,6.0,0.09743883631939924,0.14121029529404322,0.006475412058964099,0.01125654448489022,0.04216557301343404,0.15262923164061332,0.5332900273365785,0.018829973492205377,0.13886633668328185,0.29120224713229853,0.2,0.2061641720980515,1.8439179247223156,0.054333325349631215,0.22988724452173337,0.41818371759359496,1.50576730062786,3.127852314325753,2.0,0.41935930564711715,10.291383060839234,0.0002213507395468551,21.96408836083836,0.05122794185225609,1.5625035577285313,0.0003170302630138567,69.65332725924227,11287691.625856215,4.164950142666818,0.5555545952282402,0.06555587218831056,0.024270491618626582,0.12392110886303898,10.84574218306833,96.17572503246495,141.20939445359625,318.0925118641861,57.02814089075955,0.06689832420982052,0.19988438241835374,0.6927287800723496,0.5247647425207682,0.9897661732078191,29372084.37016828,17951019.654306747,68816700.57588953,270610317.14430845,524554638.4026486,37.78231764151658
0.04792531235765954,0.15737061910013542,0.029554582178641216,150.0,0.0022062162959286306,0.23228388236497363,1.0609018042894405,0.016851809152372013,0.02715884278376816,0.25,0.5077541773643369,0.8500396066127512,0.9470427394444603,2.0375754767236933e-06,0.06105343950627248,3.8409996740877065e-06,0.04712579813233854,0.0001,2.4117976051414075e-06,0.11918125722510313,8760.0,0.14773559353477209,2.3453123650917003e-06,0.0357971513914878,0.006162350465406971,0.012805587402534855,4.6066020838015804e-05,6.0,0.19127860886248704,0.13096761427944875,0.002131428573100577,0.007530423858081607,0.03490664911501135,0.11562561191321444,0.3868504061103367,0.03264732159273605,0.1327145183007414,0.2662836004169434,0.2,0.12256683013356355,1.9129891820095053,0.07181011182117981,0.14819466796294428,0.35742906632017724,1.6085466058021582,3.148983876551707,2.0,0.3954838192741124,4.6289436689871675,0.00010320981842192449,63.209569640311486,0.09763863086473437,1.9248458770330183,0.0011779735374756297,64.51441280542392,7931940.507269047,4.907456415890983,0.36282443038644857,0.06502084514844443,0.01983671305105369,0.07686399032227212,21.18932651321419,99.01469511266163,258.8010447410123,477.0366679085565,64.98837820118925,0.0709185326920474,0.14582560799159333,0.3591679583853341,0.566125895091645,1.0902408782981186,25686625.159197997,14629397.445253884,66671721.57388548,228400321.32338732,463128488.25664157,29.06423963589703
0.05147156699082339,0.0670565177017866,0.09563811625494154,150.0,0.0003990088349053628,0.19508732263873452,0.15897423334542835,0.0213069463183335,0.10226537452657615,0.25,0.5314133467206843,0.8414604231294162,0.9327843800118919,2.4239917237201446e-06,0.0329832831352986,1.5129071443767836e-06,0.09888092302890003,0.0001,1.1807886352603993e-06,0.0835828401325809,8760.0,0.33578611324793595,3.931629337672983e-06,0.021962685845140856,0.015809396410185275,0.03573724924957846,5.026448740874583e-05,6.0,0.15351248785543717,0.09392810258795764,0.006907014699164942,0.017288845966995668,0.036062058890054996,0.16536200951614172,0.5178502753580654,0.02009427306727553,0.11796669680814292,0.41847034026640273,0.2,0.28015726218910997,1.7511380442962665,0.04682871429436198,0.13789535855808677,0.37761618600382807,1.7888180389341284,4.5506602226410315,2.0,0.3466904313715108,9.12348508183883,0.00023502834378296192,17.535572662886338,0.06946483477238229,1.4373369919565437,0.00038922680196364263,82.11360063156906,8306768.396589793,4.831416281186133,0.4833992626880026,0.05708106702091899,0.008084573247979157,0.05908041060430621,14.291959967569014,102.87232152392409,127.44719353060027,464.9524620515468,60.682250002741014,0.05639186139211101,0.15265942991132025,0.4909010529410113,0.46391178880628925,0.8690430690235844,16161674.755947394,9272002.713945884,36859691.87463239,168865019.693391,317432561.3477531,24.312539781193962
0.16924335121671194,0.07844693720568909,0.06542525854968458,150.0,0.00010677101315190057,0.32989902230356744,1.0045846302963672,0.004454318502207136,0.14770783364687454,0.25,0.6603691186518899,0.9141816012592353,0.9302951573137697,9.288541052562121e-07,0.061574896990410716,3.122137669074106e-06,0.04572097235863651,0.0001,9.80867344773514e-07,0.05787958893372688,8760.0,0.3039484471183902,4.448026463108388e-06,0.018443167644854562,0.009566046574738836,0.014637972696431696,9.097985354006711e-06,6.0,0.16253382856472165,0.07831279440828659,0.0031536375231699322,0.014267120576854388,0.060481179245360825,0.16458642918915245,0.6349634529699346,0.020807129108737433,0.20111730110904694,0.27949578161978383,0.2,0.16597416877413373,2.445717479633216,0.03313672268822397,0.1265276133092169,0.36919711411638195,1.8126847489049411,4.149957405209026,2.0,0.4722010633781384,8.155750425926131,0.0001016545811014422,43.540476609161736,0.035315511889968156,3.2027238269479623,0.0002839124932561087,45.66508689434161,6762517.542396643,5.213792564075195,0.2819246676364939,0.04156119601005873,0.011910629234295424,0.13099697869344348,12.524145303664167,90.70564241536061,179.1885600488925,466.7832680093783,54.897779485805145,0.08638595381908018,0.1455693487430637,0.6529097623150995,0.6724649485681649,1.064194337498667,26218596.936682053,15258091.413147282,65166198.155323505,254235263.23929968,471205544.7722925,25.67613505659901
0.1350336282213997,0.13329626262504,0.13103974972791843,150.0,0.005846823883891034,0.4974939412673275,1.7180404645342044,0.006624980003392252,0.05170015645554439,0.25,0.5345576439401303,0.8955488987948578,0.9727200387568813,3.927432563196453e-07,0.0903180416227563,6.6343823521958195e-06,0.04212911764005646,0.0001,1.4200277426374116e-06,0.12165099893612882,8760.0,0.3215105059320247,1.5490443912383522e-06,0.029196912088349677,0.013122830044114315,0.02831197320390208,1.7092649519735632e-05,6.0,0.1147815496914282,0.13839768547651893,0.0018037019690564783,0.010911805600955731,0.027948350664994317,0.11531696419373255,0.4459075053752763,0.026684633536875918,0.21636087417182948,0.280971741086248,0.2,0.1590890132151478,2.863996926762727,0.0736829000118404,0.08667705530854589,0.34703873885713327,1.8883461091437743,3.6621835177447104,2.0,0.3875299610630273,6.899247826754479,0.00021192785842102086,42.33564660676366,0.07215681730819572,2.091863990687088,0.0007081598551752796,57.15160051867247,7868003.398324059,5.79081269696271,0.6688917572460722,0.05910168521614255,0.019669542683307152,0.1231775798088293,14.7961647116155,71.73044459496703,148.7551651427314,578.0746431877408,95.55339705755293,0.06980530808822119,0.11368014726390627,0.5519102467418893,0.7284051848983402,0.9693668883958372,40553670.18884884,27129556.132573053,106517850.47292477,240491193.89636472,456679465.9778689,39.08797637794686
0.0775400109842959,0.11171395149930595,0.041286316810894896,150.0,0.00016524975660025745,0.3224432194493576,1.5315216006871974,0.007749459863817026,0.03894449739399642,0.25,0.616303655932908,0.8781585869502504,0.9350360299342313,1.0496992457132104e-06,0.07212463747909523,9.213544414328555e-07,0.05872732542396457,0.0001,4.3143454096962593e-07,0.07546837325538877,8760.0,0.2628874893978267,3.385893584656016e-06,0.02624071763573509,0.030137115651779154,0.021833139153910795,5.805121052125106e-05,6.0,0.15271774061962323,0.14526532972228193,0.002911508155319486,0.0164347169325327,0.06085190929886608,0.1632866704890221,0.36627290317814604,0.038655750962189976,0.15333151461590117,0.29843185883419004,0.2,0.24813396132978477,2.1825545306154974,0.04406338800536756,0.14985734720726096,0.34169060851694,1.9351953678627476,4.133213316380634,2.0,0.41440600137372946,6.601452527287293,0.00012141812956639644,27.282041814380754,0.076352743726,1.5383858107395678,0.0006785031673462983,33.919250636903506,14422916.926939389,3.644254052044841,0.2399038514891451,0.0859017354628766,0.01617208794918847,0.16565733656085369,20.302716612736198,120.00580315761255,150.8125266452891,381.49009003364586,53.65910318417793,0.10556879184501834,0.12103606168087482,0.4223707385039581,0.5893555350837367,1.011217593138174,17371927.103134256,10230286.682312157,43653061.58418487,195258770.43480185,341220751.3720667,18.779387474718256
0.042520842215296596,0.07346850357009908,0.16467679914189448,150.0,0.00022678248299671524,0.21803183891390282,0.8622208462735048,0.02544384400962195,0.028015455570727717,0.25,0.5575392054615986,0.8395782100329761,0.9491709052472763,7.683081112011493e-07,0.058186375246806574,2.9149491136664354e-06,0.037513566480101984,0.0001,2.9486034103273625e-06,0.13451776273094218,8760.0,0.23095022449768216,5.376609811773015e-06,0.027993318810332877,0.008967282579429027,0.02586846276876692,5.399436144402266e-05,6.0,0.12655705093391414,0.15891463138806516,0.00383160841414374,0.009135839006739904,0.056099618219852806,0.1319766020848937,0.5996193839908794,0.015190362241479526,0.1407642542670222,0.3156086552064622,0.2,0.2780034529773039,1.9391385987321643,0.07840740694217273,0.1638249927306364,0.2714439545035584,1.8953835332112798,3.5510391540071056,2.0,0.3381327761894811,11.887102918075453,0.00011488920519463211,31.433419314120968,0.048157285545121074,1.817922607325767,0.0014553310654380532,58.335469197574945,9131642.990032997,3.677006268106224,0.8422188650355231,0.033572416659460105,0.010561155631258985,0.11263746443078292,17.788166444526198,121.9987891740772,217.54046733654167,356.09717782926293,65.28750182732563,0.07337551806633154,0.11787485275109781,0.5503951317297389,0.5201669969095047,0.9973366023503774,27523317.832489632,17234927.220381387,83267579.89729483,229928347.34352252,284060142.7170557,45.741098437940124
0.03549654647701518,0.10235785812179028,0.026605159758053526,150.0,0.0004199454151912164,0.33498815618891375,0.17114186130165648,0.018034998953824523,0.024030362492449053,0.25,0.6044832265020873,0.9096704609683139,0.9406681476145713,9.602709780661485e-07,0.05796894415853135,6.776422807149197e-07,0.05441029648060003,0.0001,7.618906605589908e-06,0.10720245450671151,8760.0,0.2905787613383545,7.862438383089688e-06,0.030174661809310308,0.01191059254661686,0.019541868764775622,8.51711179910646e-05,6.0,0.16035030785484428,0.11668188322842035,0.0013153480582042115,0.01110326680321292,0.05985448342135133,0.10560728292020433,0.5132617628797875,0.043792215052550515,0.1915856891796155,0.3985067948174273,0.2,0.26182720147929217,2.2705223709621563,0.03246374774916844,0.13037559075485,0.3231838307612635,1.6523555707775621,3.2916768208561074,2.0,0.3540688193021706,8.140093886491577,7.552655657373851e-05,24.573524709750735,0.08294659006340359,2.4873458313286254,0.00033172279767420745,42.76468236802472,11945517.062795956,4.218763467055938,0.18768853555726075,0.05752684013259639,0.01062489153865658,0.15771442188656462,28.904266645670784,107.45697061313774,213.31181716431826,432.6365701710267,84.56643203634508,0.07635486344909191,0.2211172298816556,0.442185155566854,0.7271397370627697,1.0077498828577438,19386056.20542679,12591517.977757845,48287332.66347419,126773783.07830583,293114457.5822362,20.03700072293031
0.02114551467828651,0.0890435385610342,0.29156847067488917,150.0,0.0007058632889677323,0.31803555944615924,0.2613973720381958,0.015096812658361604,0.16489832373793198,0.25,0.5117149509108192,0.8417957150197017,0.9568502068524596,1.556018115712043e-06,0.08694069491467515,2.5351081370514452e-06,0.049624650490007985,0.0001,4.6943062351365e-06,0.09444892895322343,8760.0,0.22734105427775797,4.303699360977149e-06,0.026824236384848814,0.01396059118918365,0.026333393925121962,6.535534617114462e-05,6.0,0.09727574296442779,0.1536900996976588,0.0034062362693784726,0.012571799787374568,0.04655504422231889,0.111495046736549,0.48485371463254456,0.037872457145158266,0.12181190616142323,0.21687703688858948,0.2,0.2070747299200752,1.9310023036544963,0.03649579484665302,0.05996379007989795,0.30660363224164405,1.7772917476247811,3.455376492466598,2.0,0.4510876733682182,11.610056483578758,0.0001934514136086582,40.62752871784278,0.0412293330347211,2.4749409726265386,0.0005384377048645107,32.34721786413633,11442095.051962513,5.400756112430913,0.644568126635516,0.04431441198546464,0.010886600753783907,0.07785842754308332,13.665720316696376,119.6305367939806,250.09393507758534,500.20467859314675,108.634276555158,0.06480050512681308,0.13366413345215306,0.6344437507572243,0.5097541443487232,1.047974613494819,28822990.60406507,20366237.678573474,70577967.05084904,152984772.1240458,329137067.94668424,36.74102205645033
0.09589886537350686,0.040191230502359204,0.026734254254940915,150.0,0.0018874180757616574,0.31229713681394067,0.5511291283900918,0.01282456406648295,0.06903464973869759,0.25,0.607681825308672,0.8203559740468723,0.9560977706107522,9.185806621981689e-07,0.041213756290959025,1.9736932582643757e-06,0.0755274950746035,0.0001,4.4143751493361e-06,0.08908030213759954,8760.0,0.20829490503713396,7.1267280141810195e-06,0.03146155435367491,0.008166766382278466,0.014960120817775773,6.284423316246017e-05,6.0,0.13404034347599103,0.06052948365320938,0.0009481339495086077,0.016213067072763977,0.033466568095155726,0.1996205267012556,0.5849616951317422,0.029763598157167552,0.20960780084416486,0.27445641777802193,0.2,0.19491091051813464,1.7807777798678959,0.06971393188773382,0.1698532262194376,0.3791402828443473,1.5985302108091377,2.933586333842694,2.0,0.3512747643529201,5.364768217769184,0.00018564566463729452,14.926892193882148,0.051987399247419394,3.0374451736588366,0.0005063682356083173,39.16682871196822,9769901.323720448,4.1754285390829065,0.703043546162605,0.08051143365021074,0.005072043464153016,0.10112367708150752,21.58919626577861,89.5517586970088,140.383153067194,447.6944961391306,71.90364917381733,0.04197719317269635,0.22488953567105607,0.4291424050966022,0.4303672761572145,0.9365768296630449,16225343.23343346,11148575.109272009,39555903.051673695,101382016.93451773,212147882.98024684,24.702111112291597
0.022820815861228017,0.09707184968422436,0.022466457960491123,150.0,0.0003838208906210737,0.3960078240390671,0.20862890249649851,0.017532721321704695,0.034963043843939536,0.25,0.541762933285959,0.8719103927496323,0.973294544097905,2.6033262428750107e-06,0.025399025216145225,1.1366894465784118e-06,0.07576060860802276,0.0001,1.9475808553169135e-06,0.10981530601997916,8760.0,0.34290892583397864,5.8977276269458626e-06,0.028390264400075887,0.01374508565950834,0.028830937655572098,0.0002019019692068547,6.0,0.10380088411926318,0.12822194791352676,0.012019759901578332,0.0063267373847415796,0.03768089759618629,0.18739404924759437,0.519274151075853,0.04231189855786705,0.20190563552579882,0.2970396581646707,0.2,0.18430836515375432,1.830589319480854,0.07417856822088187,0.08148126927222675,0.3820180869545544,1.8759717930375566,3.5586515469031648,2.0,0.42005922771898097,7.639303738065835,0.0001290537884987297,34.75128072921011,0.07404557807858984,2.570820727787667,0.0003214085986962604,39.3312683727455,9094786.911731739,3.9958990190941233,0.5101973065533726,0.07917657698618212,0.004933481835200259,0.08766936278204274,15.749486476012168,126.15233536473073,162.32854326329397,486.27945836096734,68.56601382903499,0.08233513799628435,0.0980110400116373,0.5737290881662728,0.5159074936283614,0.9341924946779772,17240463.73548439,11590955.541874269,46129851.11875383,97312575.98386922,212628755.57168135,24.91082356863775
0.04678663259422039,0.11256398907673318,0.08707493453785925,150.0,0.0017379218125903033,0.37193781664047065,0.5650211474593576,0.02958189803402427,0.07086062425297374,0.25,0.6719402278469115,0.8572654142909002,0.9532719689814679,2.5991216563666454e-06,0.04598655521775923,9.281612384381237e-07,0.04031452600142788,0.0001,5.0923750122619154e-06,0.10874192325668763,8760.0,0.2336232119135574,4.648404698751483e-06,0.03738124659330689,0.011147337589382843,0.023603244852642504,8.716452011342155e-05,6.0,0.0949181354325553,0.10904246142284674,0.00205375036121767,0.012947243476087,0.05665009871386377,0.16697167239638044,0.43495734771573985,0.01942567822689248,0.14441468811936126,0.2951498988048666,0.2,0.16095009883876019,2.2241122028117783,0.07444559795991552,0.19658581527688768,0.38855105364092235,1.8217152261999954,3.7331515613749477,2.0,0.2831268736756333,9.111334357006367,0.0002576707979360009,31.525237741871415,0.046843873055755846,1.4019832966485426,0.0003565915867007288,66.04292446048275,6425259.083112149,4.690521595610337,0.5270043826139198,0.05024929533699314,0.007321062163705792,0.1304112755672161,19.349471576081825,133.87116705030007,143.05206898531773,540.2155060114895,76.70309776000178,0.09058340689198349,0.12146161942410902,0.4170034742317976,0.5356606091269867,0.9751577267763621,20602038.069111824,12588756.225034682,46900567.18164837,144979478.94718394,353046966.1016372,25.112802541006403
0.052700749130527615,0.05832362679460437,0.01861629033994422,150.0,0.001869701543941572,0.37981037754876723,0.5226134930239708,0.01464587678123464,0.019451729292702304,0.25,0.6640807715394322,0.8262119602164145,0.9160363179088484,9.132853997733322e-07,0.05660711285349748,2.7918080545703953e-06,0.0468205901365772,0.0001,4.2661166717886424e-06,0.07632813508712785,8760.0,0.207222247970147,2.6308802947833614e-06,0.02884628954157974,0.011966137881692101,0.02064320190081685,0.0001000493983436589,6.0,0.15212783407459374,0.11706381374219411,0.0010464657538058993,0.01026693716282134,0.051382436699567394,0.11877640596096953,0.5226473486150389,0.03081348947947144,0.17641196486117836,0.32238750897811347,0.2,0.2443788433753001,2.2165422227281217,0.07671577152750653,0.09913262427455598,0.419630719819063,1.8382163993137661,3.6607094339910713,2.0,0.38598766966285347,8.671187887928214,0.00013370242359275964,48.641700585431025,0.0547807250226517,2.1759432571360695,0.0005210766842203161,75.36049929124934,8892783.424393257,4.647400823657853,0.4977897444461351,0.04504445778641375,0.012058938609856297,0.09481206453925245,18.309205448510852,72.97243531275593,111.52860890001986,345.99390542404416,76.98504438801467,0.04602753302609171,0.12873134690950183,0.47726572543883333,0.7134148344700418,1.0995231873680393,28206431.94414224,17358395.129284646,71828830.01848885,216297262.3603404,401114816.3586521,27.92802872545152
0.3699173724854653,0.05093955385183351,0.08053896034500307,150.0,0.0005144313453762826,0.35618907526849386,0.2715173705049914,0.0038966085758549043,0.05104973609703029,0.25,0.6492590652386181,0.8964998338062404,0.9178623562988243,1.6478286582715733e-06,0.07226684225955853,3.5846759502642745e-07,0.03243470076964281,0.0001,2.265737810108982e-06,0.14147342149141157,8760.0,0.35150534050339677,3.8180616800456236e-06,0.032300777086388115,0.011763790053163982,0.0202052721110117,2.982008543439851e-05,6.0,0.10205348629862548,0.13928203428434127,0.005083401311405583,0.01162547536875429,0.04441353541171598,0.1373667223545798,0.4595881205497129,0.032319046828649625,0.180835923797702,0.4290627779591577,0.2,0.27339291907608604,1.9499946939815571,0.051160136050445365,0.20292660817565988,0.3079671977203024,2.0059288346983597,3.5610495978854617,2.0,0.41613442329328054,5.660406321322753,0.00017115176596313371,26.49928120031167,0.05705504264869278,1.4120306911714686,0.0001585562215106583,49.64940726967396,13167658.552319665,4.802005244680036,0.6376758221792936,0.0979825079558654,0.0031494511928779824,0.15811924673401073,16.810758800124855,83.42729537139303,123.5105442344346,430.7354631681736,77.02340418640185,0.06799072583203927,0.17878926388239993,0.5560653481027652,0.6955341737733731,0.9299833049622596,27518381.22909671,18609715.751688447,67549810.68692881,133642558.92990054,482091644.0785265,28.07476691652404
0.05749798407496993,0.25016634565751433,0.011387418339293895,150.0,0.0021595553127746327,0.3003253261738532,0.8590702690273213,0.018773729387313202,0.08476818790342337,0.25,0.5762269258917696,0.7890698343179342,0.9669910999415743,8.752229639270801e-07,0.06977192811793714,8.755419442501321e-07,0.04081095726612004,0.0001,4.553014537707596e-06,0.09341160291698644,8760.0,0.4215555584680769,2.508529651174793e-06,0.03830134162292887,0.01289508342445361,0.019240337382520824,5.956623866585676e-05,6.0,0.1329893472512284,0.08487630658329647,0.0016721236215563446,0.010851319961625213,0.05625823175006385,0.18405349643656826,0.42238251508475744,0.03718092049941506,0.23281544627140843,0.4387621942768326,0.2,0.1643824364635218,2.429267055972193,0.07805038896555211,0.21991305625305896,0.40813479914870676,1.4642516262529495,3.3020862747994677,2.0,0.28574480041753075,9.638043461802866,0.00013749626460196997,61.36409393210676,0.04632476973184482,3.100719640349718,0.0027064266972666342,53.02450999705329,5472353.111453916,4.3849409117697,0.5423297958628018,0.07682332153210497,0.008377195808363755,0.09627343303162783,20.319148658202213,137.2622399764273,193.29793826554294,428.9382568234813,63.05591581582192,0.06400909114739389,0.13919796855804795,0.6475692337304368,0.5841044839340547,0.9861316185065025,35214208.589792766,17337281.60072854,134566761.88510948,313816816.4495307,579389091.035113,64.29137086909465
0.06204468217463964,0.06872501857592174,0.07690697206302394,150.0,0.000876021959437092,0.22461148133420697,1.8648721651766196,0.005641550580843484,0.011946468724121617,0.25,0.7238548929278183,0.8404300048820916,0.9186102862768111,2.2919803923178663e-06,0.047917066514446355,1.2653254330125668e-06,0.061687241536184365,0.0001,6.1039289154525994e-06,0.09489209896275648,8760.0,0.4079902819830189,4.203700734124608e-06,0.026672459764789384,0.015874442282818944,0.04634336776552883,3.706914943773223e-05,6.0,0.11183735220872795,0.1026024323138447,0.014988778825898158,0.011877075205869577,0.05819637075931955,0.06384646438050888,0.510666455502485,0.022384780642964473,0.13853026745371733,0.1967287611659937,0.2,0.2011534566499681,1.9301270757217581,0.05577165127479568,0.14280301589541705,0.31206481111251716,1.5575411846449643,4.210657429446009,2.0,0.3291953412469482,10.541303493151252,0.00026065100157826365,22.324238270577105,0.04858846507806657,1.8320160808649812,0.0004686144990499925,44.215899731563304,7445963.609307713,5.068425201466637,0.3096554232489688,0.032192366014243246,0.0043406623113786255,0.12129176509871249,16.566324334662973,150.96189194959595,119.46024334740464,399.31180826262977,85.45830440616575,0.11734433666247737,0.16589453680083752,0.4007766041153119,0.38074070796183,0.8882264351882432,12789017.770011576,7936060.93807542,31488361.770957492,82778177.30990161,211086658.4673776,24.8549200884882
0.18044936712986634,0.04817085507515627,0.05334012212263988,150.0,0.0019691418969047837,0.1269922473366057,0.19557620770598602,0.04150813506746094,0.0085046814456979,0.25,0.5802987009738427,0.8380399238282533,0.9104131782697688,8.754407179194722e-07,0.0663931178166298,1.9044638858282876e-06,0.04006495433639309,0.0001,3.472746505593751e-06,0.07050296377588594,8760.0,0.16342655672984271,7.874053751916054e-07,0.034488379387425536,0.011464274217497903,0.019877135256865457,3.682444360308093e-05,6.0,0.10365496179887163,0.13200344409123121,0.0047639414719107325,0.016852676373414976,0.07789348631785074,0.13357370053121861,0.6103024477546128,0.01852259690785112,0.20024424296317522,0.17905510130288782,0.2,0.14731405597796055,2.920890277652072,0.07126120094797533,0.06545087446169273,0.24623644805402403,2.1136796879643107,3.444241379943559,2.0,0.46560805768694496,5.375931914251348,0.0001889898080876639,25.227061567298612,0.051548111678830694,1.7838973322627705,0.00037013577885761263,72.51771234660197,8764421.95199921,5.409734123306363,0.18600450222315834,0.09305005661102848,0.012859568154045454,0.1607084735809428,17.564922484321038,98.7391666793769,266.02797009935904,580.5545727154845,48.66082960950224,0.11398214718760359,0.10236943543102775,0.5059118435549821,0.6831268582784906,0.9310684086439611,26206310.291555937,13934305.508560844,61704454.320339374,281479494.41975725,576393536.0474782,24.914195160272456
0.01846263968369593,0.4579058613149636,0.038373619387077486,150.0,0.010412283350041228,0.40822200575150536,0.3964394288569978,0.0057418178907164465,0.058462490604375306,0.25,0.5909416994269605,0.8459568518640146,0.9563365953414572,3.38440034269907e-07,0.03719383289284418,3.0397482829802593e-06,0.07148441132152324,0.0001,1.239170104973367e-06,0.0893006387697031,8760.0,0.22123795023904455,1.0531289416290202e-06,0.02615331504990131,0.010157497860029181,0.01514241148307566,3.369445155071152e-05,6.0,0.15983859171636428,0.13027907920073878,0.009887956385793947,0.010349087997992506,0.03582928582247912,0.19560313369122997,0.5438446886830984,0.04201041019095678,0.2181516233862163,0.29071608159851503,0.2,0.1680553573668937,1.9093265487086895,0.044808404174027976,0.13187249015676894,0.23202637749857696,1.7667484108738023,3.6500088159241217,2.0,0.31616301649067224,6.64830449174212,0.00016394385775300293,34.45492789752553,0.044176656985477555,1.0746415024202098,0.0007709328460420533,50.48063454674112,5076626.267728591,5.6426313039873905,0.42096601605399525,0.04724954970024994,0.005292181432527695,0.11654630880322298,18.976861227511726,85.31173282485577,128.1774527013366,510.0147884424322,50.335527522582325,0.08152575661545827,0.08871986139060671,0.4324564835764531,0.4160821221170823,1.0394638423020603,29798885.386279136,19152853.24054814,75349116.94150646,229014620.4311302,360742662.17026746,48.20126099757086
0.22560083422415017,0.12071700290039006,0.049629752308792296,150.0,0.0047883678928500725,0.2672489096666495,0.6702332132935539,0.008824546580775569,0.06851654100004512,0.25,0.6157892105178211,0.8710896058908006,0.9166367109647073,7.474880042566638e-07,0.07489736110372845,1.7489973713978323e-06,0.0684174795956168,0.0001,2.383834953750586e-06,0.08737680133961388,8760.0,0.34755888889021863,7.163196837294243e-06,0.026772200898639794,0.010610708939485252,0.012425738707610443,3.590005196853569e-05,6.0,0.08297733943942014,0.08294543591214502,0.009353814349134001,0.01296865266632109,0.04278931104918593,0.09511520754936958,0.48563983968043956,0.030127613448420465,0.16956808144537788,0.2843084179714791,0.2,0.20127462548124186,2.487009900793364,0.049092612663706944,0.09377761462411854,0.24234851299424,1.977150973479451,4.632178505275486,2.0,0.3138281655668937,5.927290938809205,0.000142850000695347,44.27346502477312,0.07930780984471612,2.538173768741873,0.0009097751153288985,57.89421792385433,9980261.147055969,5.5342827440069415,0.6472527402964945,0.06989843837091249,0.0072413399471096375,0.1374048472836626,26.44650911385792,88.14650967025128,221.41394338586977,334.2285545262997,86.9095929066639,0.06208166594705102,0.08014334513499112,0.6098188266433824,0.5467923013396078,0.9825739598497911,25685587.981262077,16867662.905398596,66562000.240143105,212977169.56418225,288862450.9590663,34.460637551765
0.07239483013669999,0.05051590662946372,0.04363061579208597,150.0,0.0028670128980622213,0.20865202472386093,0.36342491519407927,0.009241915707277773,0.026555181052862753,0.25,0.6978494457521354,0.8569789313828993,0.9722870298255947,9.636869028793078e-07,0.02940228330607343,1.684358853988201e-06,0.08260317672691356,0.0001,1.7494304139090042e-06,0.10236344624419,8760.0,0.23614911610898642,3.325684845497275e-06,0.025763484722750692,0.022096653046688047,0.03235850420012361,2.768475291955111e-05,6.0,0.11609983097109657,0.11840448906285954,0.005929685343082188,0.01290291755571309,0.04992815495801681,0.13708755094945277,0.41785703759187853,0.027778853694971017,0.14697941220454802,0.29925900126879473,0.2,0.19163104384994023,2.5611330634609284,0.056208872897028014,0.09392206483060905,0.3925076465180003,1.622939564782039,3.011389884228814,2.0,0.3818998486117097,11.920839297248028,0.00013017297817524625,61.812392091694115,0.048123058935861676,1.82234508367105,0.0009952586344564723,46.0968382061442,9774959.663808508,4.658655158008949,0.3813798193112416,0.025106646415716204,0.004288385878065316,0.13571545046604788,17.385765793756136,86.73807601695418,182.55874546580384,398.6805226920375,43.51267996932252,0.06859321537763569,0.1790543038311207,0.5169835303338373,0.42427385608968465,0.9133331865819261,18892297.177402467,11389645.18034909,51965729.55557331,139033368.8768289,290111294.20631903,35.805476929257054
0.03782893209850009,0.15658981158254334,0.02876895993461244,150.0,0.0060208721543298736,0.2991359590322777,0.5727988095900738,0.0496444534188145,0.013975447222004235,0.25,0.4956468503780258,0.7978964824357668,0.9585776493466608,2.215658946658409e-06,0.0476526877058841,3.96998151582078e-06,0.06219289196271027,0.0001,5.42910040986245e-06,0.07972086350210651,8760.0,0.3684555682902392,4.322684664053895e-06,0.02735092706499766,0.014220200324300688,0.04080415029915686,0.0001054950205177335,6.0,0.1139204893883405,0.06560550689574458,0.003466116588195388,0.010456958965904652,0.036701729507599694,0.15153334269485846,0.45779665074674003,0.029331099660940572,0.11506733424080356,0.31216657660218383,0.2,0.14783024373280626,2.0905271840415773,0.06474302827623034,0.15026124321362272,0.3758883393600966,1.5889515421188594,3.486572511722602,2.0,0.2801341972559249,8.125355717881238,0.00014467940826622935,49.22119977451925,0.0678819909508042,1.6257451701722752,0.0005016041776773555,47.57730556637357,11912617.123941217,5.063484403904106,0.37406044383380577,0.049666674831016916,0.004764913631155456,0.18264702282342615,14.963839247676333,113.14383316575284,133.28831228194815,384.79739734034183,60.504332400085964,0.06309244198451186,0.10266551293450805,0.3906153734640452,0.5642527621263095,1.0078344553104535,29196252.236994475,16385592.405392755,54740681.804776646,308676859.58881843,696100843.879236,27.085504892890274
0.02788195014440106,0.17553407593891157,0.023017313353504994,150.0,0.0003443206035214377,0.31383793240716107,0.3306088782627584,0.011611544033256784,0.050750140276523574,0.25,0.5700716877206937,0.7963669504116776,0.9663163616289245,1.3310371855157689e-06,0.047809134732487824,1.8433119633489463e-06,0.07265006529264995,0.0001,4.764809572509998e-06,0.10104860400557912,8760.0,0.4471078761578673,4.013808858157523e-06,0.032724698365924884,0.015168969809409598,0.02844446918476077,2.8613426293104605e-05,6.0,0.08049804388575914,0.08600596698620229,0.0008353463210089961,0.009446379322697086,0.037017597983963466,0.08420204391475777,0.3990235485953064,0.020680674690428627,0.17448467491032799,0.36822351726749264,0.2,0.2739334782907299,1.8516368961096958,0.052541908710994636,0.10421412149075697,0.34675625020797163,1.5709726522547633,2.8132970202389767,2.0,0.3619101007525256,7.323934967228906,0.0003626658066255487,24.498174324044797,0.0867724459483073,2.1191155204304586,0.00020057915408429333,63.95268377319288,6085451.697215971,4.355425048698492,0.503620473284267,0.05088647747211928,0.0581130267998975,0.14129798240759775,20.090516282464762,103.24765807065222,228.17845019020854,463.89778111814053,65.62817557611923,0.06643212595880804,0.11498742130471444,0.5852099173906764,0.4413218701259193,1.04456775800218,19462772.573966082,14063734.053681143,53043972.392750725,104855245.12972452,164566932.81304836,28.888342514700472
0.07686006388243055,0.08218317557880533,0.06282147462396481,150.0,0.0044536014435458396,0.2429418156383038,0.3090388909193654,0.013373458193332074,0.08526571788795832,0.25,0.6271480066496667,0.9026104874156724,0.9641717941628899,6.501023706953312e-07,0.05047873607128392,4.612717069008988e-06,0.06411777705812906,0.0001,1.9133755759682923e-06,0.09532719799114252,8760.0,0.37055557270628237,1.0328407603321382e-05,0.02349584573090403,0.010866394654030317,0.019534955693671616,7.834561765267867e-05,6.0,0.09957799212182232,0.08354019758451033,0.00048775069061691295,0.011742121844093262,0.037642290149512585,0.22977242983331314,0.4511588400663495,0.03634627969245491,0.20052828292913935,0.2945678658604766,0.2,0.26705784844721814,2.3201153491803206,0.046838428490639565,0.0844798230461106,0.39688110248327424,1.9513863519855517,3.6253993064633727,2.0,0.31763676598413304,5.5273939473730245,7.458811935161946e-05,40.07562600429164,0.040455805426413874,2.02489725795089,0.00013300340908031433,47.95506457930618,7456065.905580167,3.7892696069962337,0.7670181555325912,0.053362432856994435,0.005868847376245722,0.16086369653710875,7.02891026392551,137.47219639889494,168.93598232266106,465.65248932449254,50.59595613820746,0.04154934698614572,0.14951994786896666,0.32207496540831093,0.4415746130541281,1.0631554785119073,18254124.997028124,11451484.861522045,41350457.720548145,94138658.61118047,358218737.87893283,23.177719671428218
0.0727017984342696,0.08864061699325221,0.05365992153213679,150.0,0.0010910682836161045,0.42121041749555554,1.2174258822889075,0.019401399979759506,0.06169981380025012,0.25,0.6379664870589814,0.8680858781475421,0.963114897495993,1.834411197796352e-06,0.053966117576090544,2.264251325961021e-06,0.0739984343107521,0.0001,1.4029906004488012e-06,0.08953232343134362,8760.0,0.4111372574683053,7.470245166875142e-06,0.026836314972391136,0.014718540414555824,0.015892205684757594,7.626687280719359e-05,6.0,0.12164711979925803,0.10088609014447433,0.0030792237568018225,0.009086723190924396,0.04263206368832512,0.1731584658304574,0.3930409008504479,0.02836163706373747,0.18941362220588132,0.27181920055361886,0.2,0.26766509933907584,2.1439842282219876,0.043368064403025826,0.09148860030614733,0.4432891553634535,1.9007987995180753,4.170484764219516,2.0,0.3675888996498921,13.03228289494003,0.00010279658804343332,33.30483557529963,0.08574100363412453,3.071790486575299,0.00019389915461825576,34.87598974287957,8163073.355024494,4.069589733433797,0.27582702900814954,0.06812708024545333,0.005935005614878653,0.10978408342688112,13.50254488017781,139.62489751350182,203.3803491263052,531.6187962010772,65.54190143129365,0.08471410054384727,0.15851376576404544,0.35001328313449404,0.5883657166566829,1.015075127708011,20248296.086452868,12219053.88640625,59385483.90995463,94411038.20304553,299369244.8355805,26.488238799184057
0.05941394852380436,0.07455061570022764,0.10727889392323962,150.0,0.0010587666833776624,0.38018247642806446,0.1645224354269968,0.016566176362887798,0.059807614016431754,0.25,0.4634695567663779,0.8288843479782179,0.9259209457780445,2.1578540734153518e-06,0.060651056856238145,1.7438413104689264e-06,0.026893488073349032,0.0001,2.127943466736819e-06,0.0772355905503031,8760.0,0.17639767112372667,2.1181959355525578e-06,0.021919240642785248,0.015600091233018335,0.03724975808000341,7.216324986534623e-05,6.0,0.12632825940043407,0.08571575600353401,0.0008899352968768585,0.014139118729906926,0.04474534690048107,0.13962731439706388,0.5122637901168707,0.0218247943070271,0.192224104778307,0.28670185454351216,0.2,0.30932494559354756,2.3716961535333896,0.07611032080125163,0.18052691133114224,0.2722250449009753,1.7378597541920424,3.2038060477445756,2.0,0.3596628413324014,9.546886828563679,0.0001619316339029811,18.733277893619807,0.073014731783743,2.044343916950077,0.00038281679407868845,48.1003759629438,10550201.001318999,3.7712029124900965,0.29435136461038053,0.05587975831323297,0.03648437937120932,0.10781719020172184,17.903161351074914,112.09644513058055,113.63906273647899,500.7560271109629,47.715930640246725,0.07291813221233305,0.13095357046159176,0.45492075728923886,0.4212388516364648,0.9144644964964415,15261589.45604629,10991274.705386521,40389543.29717844,77098965.84261437,148071426.8287108,27.450967415238175
0.08783963224801257,0.19678427550963662,0.028018965773796107,150.0,0.0025568329977533597,0.316594908922038,0.5392058643563367,0.007967946983104187,0.08669469976739609,0.25,0.5463721439160993,0.775477058359874,0.9527873733541912,1.265631424120607e-06,0.02589854875703437,1.3047315900156157e-06,0.03914705116097815,0.0001,2.8746009399677573e-06,0.05827315150825208,8760.0,0.21999126191712637,1.9370994830088574e-06,0.02872443601600127,0.011596579700859444,0.021753100435408186,6.885874213211462e-05,6.0,0.13457480435413116,0.15709278028821455,0.0013488095902227874,0.01387642424335837,0.025732486344737956,0.18791007683269487,0.4792237532906396,0.019606187254940018,0.12320059193157733,0.38164683480683437,0.2,0.23283763743502722,2.4507503028799174,0.028549841747423747,0.11812066364715319,0.45835379825268774,2.027261646116064,3.7770758862113385,2.0,0.3986025635529844,9.752515067487426,0.0001490141695902664,53.297659761925075,0.05721966995320037,1.7367232224642908,0.0009901633157134678,42.441003981383695,9949330.733633012,4.991365640284934,0.2660187821897157,0.04529653538711302,0.011738444841378884,0.14377758211073263,16.159599108940093,104.29859748232028,127.04457189459838,364.0173017820439,62.66293657980404,0.05917215316997255,0.10627668827388798,0.39844887529928696,0.7354731176033507,0.9541336333271907,27221499.862722605,18957541.579874627,73702840.83235252,152198592.26180255,323388205.3498465,28.68398824797359
0.07954686672458788,0.19719152670083573,0.04819906006929565,150.0,0.010573190311367374,0.4189395366337886,3.7881646966627383,0.004371905393554315,0.04863667764386074,0.25,0.6338498197977835,0.8946431293344523,0.9118272809172097,1.6863848482352902e-06,0.04823204991932902,1.1488295768454044e-06,0.06568707248434921,0.0001,1.893408132703319e-06,0.0924592077472739,8760.0,0.3056926004771875,2.9215928663264565e-06,0.0276736932274663,0.015331535560131742,0.033825900882594045,0.00012283311142501563,6.0,0.1042923776903248,0.11990054360190242,0.0038943019676810965,0.015641854096576778,0.06905813401110676,0.18920220656621206,0.6047220661341706,0.028258346985298534,0.1483467878186689,0.29265402432206417,0.2,0.14162513293669649,1.6041883781330968,0.08283625421300836,0.09877492489628949,0.37455286170339464,1.9325925547416456,3.786780207630643,2.0,0.39757592449364565,5.27543445570546,0.00013666136234271033,36.39025135259001,0.033751227704628614,2.26127531651758,0.0008658372746324686,43.08828872490044,7187526.776718946,3.79485590521672,1.0863423316502396,0.047957684867629885,0.006035763376557804,0.12000562356957492,13.347743419334265,103.0472646390903,139.97752622391278,313.48158174320184,61.98352129284719,0.09300663922792297,0.12712686548810376,0.4378788133593776,0.6740239539668946,0.8776292210617928,43153349.59527449,26009831.2379008,119200023.93737157,391800533.2671241,589371008.4149386,52.41264515159498
0.023339276326896308,0.1731725387247136,0.046758189173410014,150.0,0.009013417360164672,0.4516354910389859,1.236777716133791,0.009068132704925463,0.047319290785231664,0.25,0.6078891682570917,0.8628790931846986,0.921722117367254,1.1824951302299705e-06,0.05377259083685129,2.5948054213673343e-06,0.07977560620998339,0.0001,7.727384860595398e-06,0.0688353706285831,8760.0,0.44353628542041534,3.8489001731835675e-06,0.02640023423567465,0.010287275602144456,0.011318480901168866,6.804251183640388e-05,6.0,0.13168303841522305,0.14755537431634455,0.0006213749839635108,0.015017462573681514,0.05108723069323873,0.14729126427277406,0.45422707024533643,0.022325457474052242,0.16454351311581472,0.3828719430036681,0.2,0.16667258749862163,2.1227237384175446,0.06359084689225357,0.08330997185443487,0.3330205034359559,1.9618758496573743,3.962930131290258,2.0,0.3099461150150446,7.2859080354665835,0.0002524283086810741,45.995097835189995,0.05501210409249595,1.5781971675580917,0.0003838711520291452,53.751644724290024,10536249.29358102,5.183983616363872,0.6030460338666117,0.06587314978899095,0.02921861291219515,0.14445786684418138,22.426856033259007,89.13028359693959,112.51196641416583,357.04034228715284,63.106749966095855,0.08452591358484665,0.13117098426187146,0.5549462156080458,0.5086957582817984,1.0184221174202646,31907758.41089028,21205834.757730972,81705530.7417731,231365600.47305465,439919110.6730838,39.57406115404449
0.11408934260717372,0.07541836455402645,0.04528831862802408,150.0,0.00044539602883155723,0.3390214248876835,1.16935580794234,0.0016693849360473354,0.12166353294422806,0.25,0.5533822225720999,0.8802464400425236,0.9683309656143286,9.060174740140723e-07,0.06814676592821371,3.866560189116055e-06,0.07087980834468245,0.0001,1.3161045052527e-06,0.08772693398226387,8760.0,0.4522018995276641,3.2380168476756926e-06,0.032878645761008095,0.017120307833972462,0.031111821019499733,3.9745006851809294e-05,6.0,0.12195475461619867,0.10006726915449618,0.00025992411660818884,0.010427647657413244,0.03447713496441774,0.09642382942391448,0.6333020013170925,0.040696412196640934,0.19659817125033102,0.30982481175340615,0.2,0.15094915819794988,2.2770211806370764,0.04760261673405469,0.16683338047910568,0.40672030381504076,1.6032152155308035,4.214246106621092,2.0,0.37748729338258524,9.520140929877352,0.00011907647317270592,50.72607246259261,0.05525846056720368,2.0643886739024264,0.0007402662731819618,75.51506396937276,6332693.708924691,3.559947044648326,0.4100684634320014,0.029330118117608245,0.010394687878254257,0.1447351397717087,13.920136802594971,111.2293041598013,246.1801320696932,479.69351485364234,81.14085696254196,0.04902499390021215,0.16771165912871344,0.3721826641993582,0.5537068948419871,1.0069464410784623,24805944.296562687,10959253.28959943,58015196.723946355,278478181.32839525,598192956.4208276,29.56165720462792
0.1846454970794795,0.23663228309183593,0.017053763641800494,150.0,0.0041284873711563376,0.37046414424552065,1.2698442539469696,0.021427370323456575,0.041364052421019225,0.25,0.5394075034785284,0.8326415296288636,0.9524568224598952,1.855621053963576e-06,0.05497702723751491,2.3047300310654358e-06,0.07166430672214677,0.0001,2.6889900662542596e-06,0.12550234111690628,8760.0,0.31173972069793743,4.242900188947941e-06,0.025973030699913094,0.0199094486417007,0.030334635291456122,0.00011835639465196222,6.0,0.11573613769007858,0.12105960309700836,0.0014598033625155022,0.006768623736141217,0.045208232261889456,0.16204296372226656,0.34260495070970004,0.01830353135669621,0.14995145265236903,0.33129224380102923,0.2,0.2748419119812889,2.597195453612067,0.04786561828412789,0.14574323996976082,0.4593851848539981,1.7552329682754122,2.744976292488268,2.0,0.4045229770989326,9.33496335997895,9.99547450345883e-05,20.503386643775464,0.03741133866021837,1.9383085722218372,0.0008388093202537342,38.8282196969002,11418405.983714357,6.214727421502868,0.4591361356556369,0.04878606431125772,0.011683090752066336,0.13318946741507506,9.913303691196756,69.78600831432927,137.11256995800298,404.55291160705144,89.61662195143961,0.04227772546877673,0.09745657495517843,0.5997064490698567,0.5687582471698057,0.970267139634109,33795396.57280068,23763618.512196396,86104246.52941693,195442060.18572554,319507160.62590516,43.14962970040559
0.05228317088739714,0.1441089156747035,0.1124166677987565,150.0,0.0011502376594571973,0.29222074305625767,0.7813925566611957,0.011998499917203184,0.05473426870603362,0.25,0.6068101449042376,0.905505547728539,0.9014348489884895,2.764757510232077e-06,0.05924219185361165,1.1751541739289818e-06,0.027732007405353958,0.0001,1.8431772863991363e-06,0.148068288909852,8760.0,0.31914707138558795,1.6172671153704674e-06,0.021772142463932775,0.0206267664679406,0.0265195932542353,5.009885591937942e-05,6.0,0.08994223644732668,0.13681192423622368,0.01459697058628824,0.005541048691675686,0.07351978389148339,0.22086709387128417,0.41550062500611207,0.014931677447360606,0.23615384003141654,0.32597319774783706,0.2,0.2085369215282099,1.5403228932883728,0.030737874843471995,0.11329181478822795,0.3238297367928509,1.3765370003499249,3.9735508547200054,2.0,0.39608940711573015,10.204984645114823,0.00011454686329175239,43.789992691956364,0.04279342645725054,1.5891944641898936,0.0017817796726914607,70.8528585086724,11522486.856421195,4.576080835094314,0.3686046356548573,0.05428987102619741,0.013489479799147481,0.14960777105498113,24.479784042257588,88.66723766285119,188.97187457349753,412.42104710712056,65.42361268809165,0.05460132273193219,0.2012636463308982,0.6078004769774579,0.6774744094834315,0.9374927250829957,28883118.923446823,15623729.076660817,90156125.25264727,291168085.99063057,409800298.15447986,36.84989147627144
0.05902976372817504,0.06833906048543396,0.05443681800459926,150.0,0.0010164833806759416,0.4304042959933394,1.1069788151323554,0.0021613217373860714,0.03401547360297428,0.25,0.6091060061155089,0.8773983772796694,0.9386509081177838,1.5763312371374046e-06,0.06698697255434519,1.6368975495246398e-06,0.06060981707297844,0.0001,9.205844290600092e-06,0.09424792515230998,8760.0,0.330010566508808,3.360362002797753e-06,0.029063713759797515,0.007346764505875548,0.02091189935528123,5.5789244351822864e-05,6.0,0.10404552944200718,0.13430690420008712,0.009258209496666756,0.0145832569972664,0.039043062405233434,0.17557990175137939,0.6137240987255671,0.014007657715430076,0.1487223196531683,0.23213622440642576,0.2,0.29618832820849406,2.504569001840659,0.06034735834690898,0.10250542197470575,0.4241179682915646,1.6440470655598398,4.201841884539214,2.0,0.3481972736388062,5.575582200397379,0.00023734402776441662,44.325595507307256,0.051144086756994306,2.595530602113449,0.0003499780437097237,48.00596131639192,14772487.672105819,4.420666753414284,0.602039217673718,0.0763305002427329,0.0073924433691096485,0.13966392574958797,14.816855553621432,161.01075376863088,95.77613424835185,402.0305609528921,70.82538682504621,0.055709037003275036,0.09617947227354065,0.49968888998520616,0.3883347848171138,0.9993976454851445,13356490.637950387,8492192.113138955,32407316.08604632,81752086.16902645,213097876.10461482,21.00463382622092
0.036614116012384616,0.08048682695018375,0.08785747020138981,150.0,6.210377641224176e-05,0.29024955008025605,0.19262145623257435,0.0023330325178114405,0.05295488737726252,0.25,0.5234007348669902,0.8760775844070032,0.9190772462073873,5.220138270205564e-07,0.05474289799536651,8.768209234016126e-06,0.04934216410550665,0.0001,2.143523759950462e-06,0.0633281943411265,8760.0,0.14957153937089337,3.963190917334922e-06,0.02565179730840363,0.012284689698249389,0.03554729765649941,0.00010819824589400225,6.0,0.16025720233783575,0.12454203499514353,0.010270647086960991,0.012614497945638882,0.0500347783537906,0.11691259381283076,0.6288072905254485,0.02217674925441797,0.2048533649617692,0.2596574966465892,0.2,0.13819199736220872,2.2871323064443407,0.052297809032736606,0.14870441148858665,0.43391931854470545,2.032683585057084,4.624673001129022,2.0,0.3700081422811733,10.584843238559671,0.00016606520167266903,26.604898722312058,0.08321622050565823,2.890901736363417,0.0005239112878436485,40.07283816100667,6651712.905557069,5.921907502292928,0.40165180929379024,0.05602667596247499,0.034340027518869005,0.1423126487881231,17.633649918808253,116.161576231018,188.4105302253145,454.6881573888271,46.43596032149337,0.0997219044671597,0.14841344107257157,0.5930887977992484,0.3997337589187006,0.9487647953072137,14262069.924020618,9551823.354367148,39593095.21174574,90622498.59176564,171861459.91832432,26.266192597804558
0.09237397818067898,0.12630490969029887,0.042940161824030626,150.0,0.0014083447309101687,0.18157925135323907,1.4099340111183591,0.017552320924338557,0.05531220035487208,0.25,0.6999812498756385,0.8658833457983326,0.9648276348572761,1.0203682882257188e-06,0.06947896975402984,3.6959720722445814e-06,0.07808338341110874,0.0001,2.4580417229865642e-06,0.07596282881150429,8760.0,0.2727528594827493,1.1035256824421987e-06,0.03130513705153988,0.015721681147940307,0.024907107918791107,1.3329752324273995e-05,6.0,0.12898983754036517,0.16767852997552296,0.001221748476017074,0.015813727727583653,0.05529488727747832,0.1301801257485014,0.6023509776893192,0.024471275881722883,0.1988949281076376,0.21165638427088837,0.2,0.21000727361852,2.456010790252236,0.06256518201774655,0.12892505927442235,0.4034310937440583,1.5754447233549227,3.403693483751688,2.0,0.3621025391887991,4.668579360172024,0.00018379361957624856,55.54777137571429,0.05611288269481794,1.8760706037478112,0.0003873067326758294,42.41592920044934,6307923.058542956,4.484622991502832,0.4428829627601218,0.058566276405845066,0.025238383985776533,0.07370647519413392,23.911892753007564,87.2874238520132,159.96105535868335,437.69950015388895,77.55282981530357,0.07535173604804733,0.1082797114659553,0.35173871047021177,0.5519307272153589,0.9793638966006709,18667682.16050933,12378650.399267238,46309315.16868671,124953212.42614716,258422483.3753213,22.57471649849711
0.055552192507163214,0.13827704779259115,0.026920517249612565,150.0,0.0038177897716126737,0.3520506162581235,0.29446151830643735,0.005578509828741888,0.09954388124571677,0.25,0.4436318736325947,0.8076148984446229,0.9234016768278512,4.6821703689348856e-07,0.03325236726826389,3.013711931849858e-06,0.06123759445592665,0.0001,3.120696632939764e-06,0.09962267999248509,8760.0,0.37604973135828723,2.6042962012458923e-06,0.027028539792004008,0.014308923744827487,0.023001615981178572,9.685785897388246e-05,6.0,0.08849713735251305,0.08119644663186089,0.0007434052474083265,0.013428782056932407,0.047897788323820245,0.1806685036936636,0.43737073510260394,0.011995717898729082,0.14955866808980658,0.2949540884590385,0.2,0.19034831807589137,2.2007563377592874,0.047049809015044866,0.15504014269269167,0.2867445543763335,1.7757177108192805,4.328591952610821,2.0,0.43811026828788574,9.227575615226655,0.0001926383773821315,16.87523473521874,0.06415363932821638,2.392342440372629,0.00028813608223817995,46.535011294328655,9310573.775827833,4.085854543860375,0.8152793971783381,0.05122298373971976,0.0035820988450688453,0.10922340288132938,11.30012878682663,105.45463043194916,154.92239524061074,434.40399516404216,60.969070042587965,0.04794873544600674,0.1012665665322122,0.4912140211778894,0.6465762602375444,0.9856758587509196,30908257.27864186,18400459.69374887,86157356.74592862,240964904.4179768,468546759.7707618,36.40143414733716
0.025606259443536342,0.43071579582366326,0.07254991612135953,150.0,0.0003715877179101885,0.36930763758866625,0.34195491573676273,0.004556132356776481,0.04746554149394437,0.25,0.6865669862008827,0.8824023704261148,0.9395396749142289,8.516370333239561e-06,0.041942691963102005,3.9230797569992655e-06,0.06443099854605092,0.0001,3.5236443522461126e-06,0.05911726605047319,8760.0,0.24904168634425497,1.1218087947046606e-06,0.03335571097280867,0.012925195076595583,0.0361530762744589,3.0481027063673183e-05,6.0,0.12385353067556927,0.10963743813229253,0.0019840172147123146,0.009492166056498063,0.051325173191429874,0.06906444056857818,0.6295173683517152,0.024406424277193597,0.222821109514017,0.27244481942104715,0.2,0.17708138820432096,1.9669238051758202,0.06488233032681319,0.12928791522029726,0.32649109080398153,1.9916489978807923,3.036052405146493,2.0,0.3941660505147738,9.666421945809077,0.00024173277223396813,19.071195309902134,0.05900375565872061,2.4635507396673333,0.0003633816702947273,56.383229679615,8539769.726119254,5.081387522351445,0.7876313970139674,0.07578098532021652,0.006822741322870945,0.142868690971917,11.17141162380572,99.96916486835566,160.28736965778592,423.4650206637848,75.23514367592404,0.09578087771071278,0.1346091548822037,0.4852008827362678,0.6410423454480254,0.9287932149534185,33196901.17899739,24091167.801097482,81892839.04391065,167248860.54274175,308464497.2355658,38.61101254868473
0.08219927556521853,0.04088189053294973,0.06673196210336912,150.0,0.0008394425584139272,0.34511324714872826,0.2802539171909783,0.0037812586619885027,0.07143139879012463,0.25,0.6588351732711268,0.7813456571975663,0.9312665814325779,2.133235431972686e-06,0.044428433767689374,1.6902289459917885e-06,0.052017150322334824,0.0001,2.4657773220484616e-06,0.10084618129945794,8760.0,0.22969301164647304,1.6914632762715893e-06,0.023651450954284788,0.009573062563748118,0.024044566404553797,1.676481986101963e-05,6.0,0.12114840950622041,0.10302658745657653,0.011645644632177501,0.009577121267149083,0.03087158435357045,0.12585079300990626,0.3240608085667514,0.04260639198580199,0.11169821578590877,0.39546857370177285,0.2,0.21309530886988176,2.01031987574309,0.04193687368861254,0.055760412241783595,0.38306783788262166,1.2910128058315258,3.737005330879478,2.0,0.3765505115178586,5.147744468412684,0.0001512022255452219,37.58296783383201,0.0458779939884165,2.3200418763098196,0.0003013908263388558,44.76003509966406,6231309.204027857,5.295100405301171,0.4393290302376966,0.040813761476379856,0.010176462124680366,0.10153020995838441,16.885864533172537,132.22023555990484,147.15706541919576,411.62062430398765,52.59990958364024,0.05588067766947376,0.0875866868482893,0.4356542895435329,0.5434297138270339,0.9925313520712119,16816577.510326948,10540072.487205077,39634294.712988704,90513491.91274162,319383574.74447453,21.782012366637254
0.06444785216343636,0.17379832700613682,0.09704440788519281,150.0,0.001056662780671925,0.3048957410314428,0.39983087110176363,0.0032704885365996725,0.03702707427889846,0.25,0.6289793542148594,0.8883259636689651,0.9437127134549375,5.923429379752987e-07,0.04971017088784051,1.1927041943129384e-06,0.07204248271341947,0.0001,1.3315246851467156e-05,0.061501998048677106,8760.0,0.17157702533984467,1.27496992316027e-05,0.029142509559310664,0.017863915657070933,0.03567169927645995,2.3709918228914416e-05,6.0,0.08364837117731494,0.06793030067997008,0.00043498880423814296,0.011218279445806285,0.036453798503005175,0.183401166879135,0.6035590751117965,0.04400650957890404,0.1879858075388283,0.38837733052808654,0.2,0.29165360493506975,1.9747532759839639,0.0665688334320109,0.07027306036679813,0.39879029453783277,1.7488484796843289,2.961515592977227,2.0,0.3973688713834295,10.153108428185785,0.00015793043624315973,59.7544806690376,0.08411071250572422,1.7508567588280013,0.0004299860563447363,88.85237489474791,9896989.288585123,5.3571824076964685,0.21240219296511978,0.04767777690440579,0.030443889993867625,0.0965665050122072,10.600991058006317,101.33676935965048,133.8006569021976,413.70800465770355,66.20631746391517,0.08213601644144308,0.10771530801097573,0.46477838484224643,0.436061391588776,0.9588328570529756,22587588.619254127,13497618.062716767,54610496.15253592,184829922.41677657,375173017.93488824,34.80175149834478
0.04320505029401068,0.07713894936686003,0.07527843092286328,150.0,0.0024197149532356487,0.19164287788765333,0.5705774048600781,0.005236831326236534,0.019245496668796314,0.25,0.5531007678939686,0.784849853574705,0.9151175419361266,1.1629942416569853e-06,0.05195609617533155,1.5778795471880157e-06,0.038847021451053634,0.0001,4.449863665917819e-06,0.13781220889864687,8760.0,0.27915287611129047,5.061549767026599e-06,0.03085181395304794,0.012693059453554971,0.02069668396935228,2.845809753218137e-05,6.0,0.1619716007406508,0.1253704505099462,0.0012111498801612075,0.010709773948997345,0.04322185340017469,0.1826516806383933,0.49262883496837195,0.033376922744383405,0.1561526136444506,0.20053648175063352,0.2,0.2601744928630729,1.8811031196515793,0.030190023899940025,0.13549748345407053,0.43744340516811575,1.6834424574586309,2.8887417429580746,2.0,0.3654975327307016,8.204856806960523,0.00019044928812974945,34.06669507006362,0.035833064948988774,2.206322512366368,0.0008573367055895555,56.85622535254447,9245411.909161035,4.5340088772410585,0.5510372303828988,0.048710698506288154,0.005992433252215211,0.16379820473676,21.436944886547984,155.326925519395,200.62128161255092,365.9382052909286,92.3418636726708,0.07751162904354417,0.09035700494799816,0.4283839693722359,0.540848265281443,1.0540054153883218,24525689.57586603,16131592.855338795,67136546.98680887,161559217.32985204,333982239.31867164,32.07477893917581
0.08170265161382678,0.116725500242238,0.07788934171094547,150.0,0.00021293347479451385,0.23566264075973647,0.32866368611732455,0.017335498147161964,0.04775912395863059,0.25,0.701824985389992,0.8265471983151338,0.9229709420701127,7.191425385619475e-07,0.08224414955330006,2.01707904650119e-06,0.09139567667187658,0.0001,1.0129471937876524e-06,0.09590816553813333,8760.0,0.29207670218073084,5.328250325594064e-06,0.02481633063430023,0.01538512407717688,0.019419922746936144,3.572109765975634e-05,6.0,0.07671554811008825,0.12648711197153348,0.0006123147757105331,0.008689563131641742,0.028875775014406097,0.18911801935980285,0.5205349144325284,0.01334211601165414,0.2343375802746233,0.35697515724030193,0.2,0.21994514291064787,1.9949449591324206,0.037478158022141626,0.10976539133168312,0.26474714685291456,1.7071645067074006,3.554910709954213,2.0,0.4446332571090848,5.960433596121596,0.00011625825636293524,33.41863465143444,0.04173326417098086,3.3205953828018275,0.0002924690931351454,36.10663657612253,8508215.84579483,4.562499752390959,0.49894293207034796,0.034934172127709384,0.0024957530924856423,0.09547752885271646,15.371678157680273,79.88199658241143,191.5918113425796,317.60251570949885,97.09882273977531,0.07736658638531783,0.11621039821676643,0.47575605231296014,0.515093116111959,1.0030380696722692,18073213.894843057,12049472.99963307,46722271.956721656,101360908.61523524,270745546.26882476,24.098149309598565
0.030031671501472852,0.10910004932182225,0.036896923989294964,150.0,0.0002065147421061997,0.27958455741314925,0.7773956628294332,0.006755080106938521,0.09190952676210382,0.25,0.45376426646400064,0.8216864674934683,0.9445110810258344,9.343036461002706e-07,0.04661297797784596,1.253716589711678e-06,0.05401327345259087,0.0001,3.142156780222248e-06,0.07275854912167193,8760.0,0.3731322860253661,2.299667555373024e-06,0.02382446856872179,0.01165870666796222,0.027314068318889252,2.226733724260424e-05,6.0,0.1507439099351952,0.10991060509462985,0.0021906006608835463,0.014985215092614069,0.039892009170648,0.14185185201111974,0.4962478181725488,0.034653099803825034,0.1555763198175351,0.3081219882639804,0.2,0.23127041646083601,2.1798555767351537,0.04160862906542592,0.135051768308621,0.34218507635419415,1.5074570618189609,4.113461621665383,2.0,0.4705192380615235,5.799812677240853,0.00021112600756216288,44.719379006758714,0.07508191912757106,2.6231370241675904,0.0003335852842458929,65.87411675149355,7862116.739647886,5.281239882992287,0.365909425807844,0.06567160595306996,0.0038331521109708994,0.1086458217665647,13.398786358889337,71.10536771072736,227.53859377393695,342.7843182334662,94.07026469180664,0.0924288925218123,0.13738260274979885,0.6232523893771457,0.4058573922400694,0.9764186219935634,13408090.944025325,9386959.20867997,32999761.2958437,70139246.89298545,157847310.08072427,23.02876360029953
0.20320996688036844,0.09247228358383197,0.024545001255970603,150.0,0.00330047326775144,0.3642292350570333,0.1304414842758036,0.06626180574090397,0.030353558381828686,0.25,0.7370306508396021,0.8592306015187223,0.9515978351868468,1.207158317630503e-06,0.049225361456436426,4.023634323820979e-06,0.0428188298951028,0.0001,4.618118536383145e-06,0.07778126512141853,8760.0,0.30919405481221746,5.733153484945613e-06,0.029462785229948014,0.006369042570639217,0.027904690002789154,3.5074002343616624e-05,6.0,0.10658032382894357,0.15291489326639232,0.005985616187170482,0.011590086177419672,0.030243219923874704,0.20884307312287118,0.6520034525405297,0.03961298236192073,0.2082485506511203,0.21760805826014012,0.2,0.22565787361032746,1.705639537141233,0.06875609519073404,0.14800026389629733,0.2934854298545645,1.6149488720599625,4.0676006583427595,2.0,0.262242707166516,8.327205300847732,0.0003256305702016999,69.60367880323135,0.05965000602763881,3.4697661301333413,0.0006229694298415824,43.56804216117673,10424764.251903543,3.4976783973613976,0.7755864275349628,0.0391957384446449,0.004808672316751775,0.06616631360129532,19.088792312295745,128.97485816445533,138.20537157610926,538.1386547468596,59.839685893542786,0.0770104252071527,0.11111769280546915,0.5352234556356226,0.48041445811198014,0.9830792600237093,25897698.71251898,16345520.601482473,68008201.72195955,227488465.5209818,398114932.0650414,37.50977988538977
0.04127055935759283,0.2076229916917586,0.15675198033489934,150.0,0.0009117259189840867,0.30662117106489406,1.9373749470377024,0.011853117476066342,0.02785319381010302,0.25,0.5176326358483441,0.8561335024647216,0.9546701204637006,1.378857204485755e-06,0.04070418050451895,9.67362121197603e-06,0.04125016529930999,0.0001,2.1051008357646697e-06,0.11482452841526478,8760.0,0.2525809043984515,1.5023171198311671e-06,0.026584444175105713,0.02178036299227952,0.024153280237697486,3.176457342913814e-05,6.0,0.08077825378585111,0.09910203839945927,0.0019677966558472805,0.009725374668764946,0.04981808953166293,0.20739182570321235,0.5207802274848965,0.025080490691177335,0.1806911090307231,0.4025623059055492,0.2,0.2714271053713759,2.61254069241813,0.05055411828123886,0.1026155791806527,0.38048332579415056,1.7780651132093626,3.3476904109750345,2.0,0.38879010171366685,7.34730853084881,0.00013395449403307285,43.66370085529347,0.03303971374003845,2.2913770673406697,0.0008132386809576636,54.831262193832664,11802014.861400317,4.790750055764377,0.4574695881737947,0.042484984083336876,0.008129344467122603,0.07032068896453963,17.181926340499604,124.01667688930497,174.06403278781727,461.9034361815976,54.7521501839708,0.08840980313949992,0.2132282624980082,0.5432537685146935,0.4970459161935129,1.0140890076042555,22346644.915477697,14620198.942485442,55637569.407545134,177413705.66830498,258598866.2119879,32.896915451198815
0.0736121523680724,0.2905126077030235,0.05666938374150873,150.0,0.005027239152907863,0.14358877064747227,0.8271192192597051,0.006348924604309612,0.01619571374144686,0.25,0.5767675588264164,0.8545094036610235,0.9500570668410099,2.7906364828089122e-06,0.060234269663913695,1.8907975802029877e-06,0.03639061280692655,0.0001,1.3054398954209125e-06,0.10798697286096715,8760.0,0.2267644069983727,1.0087111002039854e-06,0.02501038771918508,0.015909891295638346,0.043321006508482904,3.9620025098225964e-05,6.0,0.10766561609014177,0.07804078773001222,0.0017917699011288921,0.01400528518160521,0.05394694247149691,0.22252576264028207,0.47337393428192354,0.021970289200442576,0.14322029320442936,0.3025942257535007,0.2,0.14957400279977748,2.092909000262691,0.09033704942146814,0.12195780942273023,0.3404880467366067,1.5016447589518196,3.2972236893958273,2.0,0.31186116605004716,6.488970710711391,0.00018099198009241532,48.71300004624831,0.045404966708810834,2.225430041599934,0.0005539072749113237,49.382043480115854,6973920.091546327,4.608986803524503,0.3934978642006671,0.03258339340299756,0.008915498445595488,0.05736241237762917,23.314419852408925,92.44653819471117,241.783992239366,506.5445637839093,54.037047185987575,0.05827179399239407,0.1104025201322264,0.3910907189078512,0.3455407044346861,1.0152966878742455,16085819.112049634,10782919.968338765,39755314.7392935,112831782.86908233,180157096.54173216,30.476077358897474
0.0881301280724841,0.08978185142232911,0.15407942277447237,150.0,0.001025243016024423,0.3526992647805719,0.8828412597402546,0.012462269191380652,0.07227082713242886,0.25,0.6626091115369013,0.9000762753784816,0.9575047064392177,1.745694760402019e-06,0.06615118590446606,1.0037710458653593e-06,0.05206649153784902,0.0001,1.2767296532282272e-06,0.09980978002724156,8760.0,0.3285324542310981,7.29660962491126e-06,0.022373121207951246,0.011047317432305017,0.01975465284603617,5.097917441534473e-05,6.0,0.1369410843745852,0.17453786312955255,0.005597826025826584,0.008088241129460412,0.026353466131475465,0.07042585920365921,0.345861591518159,0.031561659347164,0.16741254508266,0.2675487336414921,0.2,0.25935816785739974,1.6711758235250687,0.05316368208362354,0.11265560035325722,0.4091619895586014,1.5253232835607204,4.229684761928647,2.0,0.4128409423411766,7.273613069504089,0.00022674584305935674,38.06716070429408,0.07808438426419288,3.692933464217198,0.0004747177811626776,40.79932815663483,9693077.684553742,4.978829046601502,0.43161697485658285,0.04567702838961794,0.00855785720056995,0.10572053121889143,11.5665725489059,94.32829612585388,254.31659920849876,359.7142216294101,40.291793483078706,0.07165651188252783,0.11356700315237314,0.6365511993646309,0.49214290755480616,0.9494411055554598,18194574.468912788,12031773.140975792,41648242.71986758,95036064.60661782,298360635.1383696,24.608642853008618
0.09145394190057049,0.07074565179989373,0.1699546274664909,150.0,0.007304369685412031,0.23805491290118272,0.28334847881726916,0.009905775549659166,0.032949626630465426,0.25,0.6136302440810718,0.8415572359187797,0.974262912702518,1.4171408859991502e-06,0.06767880972881365,7.04960457089952e-07,0.06562172277000519,0.0001,1.4760992362475737e-06,0.08868700489722936,8760.0,0.32577434519284376,2.4201394959336647e-06,0.025160228829740863,0.006514506142468263,0.013116744362825176,6.436953597935808e-05,6.0,0.09906287377257464,0.0964420432587105,0.0009955098256843628,0.012343561276214034,0.03634569434198745,0.10769085102563787,0.45707555351608786,0.017687761456598183,0.15880755727010135,0.1800415056088345,0.2,0.18477570444781632,2.780398301360277,0.07137523810915362,0.10799252849053122,0.39164928987858244,1.7957131230527446,2.790116311958291,2.0,0.3085439827316197,7.8385837945355,0.00026259925897702594,24.189963458618216,0.07512434604801854,1.9202703855654426,0.0006529155515448431,58.96536207920385,8714580.889414998,4.633766166629651,0.2838211631866853,0.08325394530963716,0.003918741880700152,0.11281608445121968,10.008712030013886,81.50788830119724,154.3180815182207,430.3361469693101,51.66806850416933,0.06583131240983375,0.14099377428075127,0.4123801297227495,0.5189650290735,0.938738193756723,25331993.819554057,16768449.103582285,56113464.993560165,184498072.39797762,411099438.4072572,30.650567136268066
0.07607591323838549,0.028640262866368824,0.1440763464996317,150.0,0.004585310250828818,0.37577733780966305,0.1741232964287788,0.03697509857117097,0.0886330410527044,0.25,0.6053205393010961,0.862131290364305,0.9517159236191274,8.056997329091436e-07,0.051412878086422656,7.819043966304773e-07,0.02645216871560213,0.0001,5.519755275420408e-06,0.10829263868934838,8760.0,0.318079524630022,4.8881061190186895e-06,0.030543872358819172,0.014434872597470902,0.040520475490609796,4.1190589643153575e-05,6.0,0.17330284844459592,0.17559149396243973,0.0007764998077680442,0.006827355365149879,0.04891759352272952,0.15870871492225763,0.6224271453580669,0.016575113755687224,0.20715939981363235,0.37998818118584154,0.2,0.22993595603521078,2.161774984286655,0.05100081222815389,0.18011008317530236,0.36861604589465413,1.8003933396519947,3.517611668149254,2.0,0.42778298949881344,10.395612495008635,0.00012671658808367786,32.4810012582727,0.06551448511601964,2.5882026489544705,0.00040896540887645316,31.698425428534108,12366699.890162801,4.826662641187467,0.21717442438250867,0.09149951032976472,0.0033868172624893734,0.09462054503211018,14.881582308290573,122.52517919296929,154.70850925567086,483.28125237488246,69.87792468691399,0.037834251375022894,0.11898488548104999,0.37989155856547885,0.4438066716949641,1.0113709973328555,23825674.67210296,13397307.086515963,61538649.078158304,269017153.9259749,448079872.1216733,36.04934278712429
0.1720541578344012,0.14834816944611703,0.0683252743458984,150.0,0.0002974610461050567,0.37364915081310535,0.6768843025028956,0.014139938756542339,0.08101439379912775,0.25,0.5267668660457514,0.8451101998733369,0.9497721887203694,7.331222980301214e-06,0.08036212110804868,2.438625068416393e-06,0.06891470979740168,0.0001,1.5687045329072261e-06,0.09997628653914437,8760.0,0.3323614870964021,2.6431214763301516e-06,0.022441877512247594,0.008445350717695066,0.04013706022287215,2.0812997050435944e-05,6.0,0.06879009087025736,0.10680073384741326,0.0020694009515709023,0.01165259953140969,0.0437863178863203,0.10317743466368642,0.5678220270009258,0.018906327366340445,0.1505789813141089,0.2512029092718609,0.2,0.28754087673767165,1.7978482536302152,0.08847301392156705,0.14593918342929235,0.26722639113041147,1.543320333774789,3.3948666112462913,2.0,0.28719358123066235,11.143086815884338,9.239488387996572e-05,42.84218058444141,0.07041819242106265,3.7691326010674295,0.0005148230891296401,58.56612076446871,13893419.468668014,5.384325311705446,0.38589827534764365,0.05920935314311031,0.00703902229969126,0.14560138898196476,16.582139506452183,90.46404787481934,122.6948578392536,388.97087185747347,68.93813324597147,0.06772759393769265,0.12279921729446337,0.4557628031781229,0.6389049994048352,0.8858908788386108,24978731.51533276,16611527.667371396,61767245.911751814,193120917.83272025,314507321.3958491,30.563333184925884
0.11660876412602295,0.06237062793939259,0.12495820550634779,150.0,0.0021191891185335693,0.3111570759704002,0.37116748418187995,0.046814001267747846,0.04265255142614381,0.25,0.5979329247729603,0.8248122970207536,0.9169650416361249,2.9420978590755402e-06,0.0343551622189749,1.612434248600804e-06,0.04137630865389168,0.0001,1.8337310895964822e-06,0.1151749085286258,8760.0,0.3552367198482286,3.257190665434008e-06,0.021299382578510714,0.023811095669389968,0.02340089561029269,7.897271803588879e-06,6.0,0.07749064089070722,0.11605234131789331,0.0005358515779039375,0.007650478297962652,0.045041185637922095,0.09452370552424821,0.4078234060695186,0.02478030769772213,0.17757298129813776,0.3075208177862261,0.2,0.2050914133319598,2.4253824078540616,0.02972882409842291,0.1404057036440065,0.2988060371458585,1.730942493691533,3.333708942430905,2.0,0.37379942439763375,7.404295744312545,0.00014083430038535743,64.5543537421834,0.04944189469097229,3.373962385880276,0.0008784921424507577,60.69557460077947,10934327.118830297,4.574180213406156,0.6882623673177732,0.05997600866617271,0.0811668919064734,0.10490817486980139,27.791660108104715,133.22240379261615,157.4353991253306,364.2467634621328,53.70472463327917,0.11038863882426349,0.12754654028029144,0.5634845346866073,0.3747242709398936,1.034448684944142,25447618.527512338,14671229.084770484,65337826.532047115,252486333.17261124,425745741.06289715,45.468623863477056
0.05870319416763219,0.2789687312078773,0.14967504546968813,150.0,0.006569821808280424,0.3017113000703088,0.8497093612352816,0.010152817336153782,0.03656431319697345,0.25,0.538594641395342,0.8878153996439324,0.9534168352142066,1.0779571435270374e-06,0.04987498057679218,2.4941954678087504e-06,0.02148072583563844,0.0001,2.962790257602436e-06,0.07810089631256462,8760.0,0.3911588118499775,1.1587836554709352e-05,0.024826795847761048,0.01629606679029052,0.01802586951069627,0.00019509779633206182,6.0,0.14715626389379477,0.10788286385809645,0.0027977938834454854,0.009072004618678095,0.04085623648272538,0.12075591356389212,0.6624794006552858,0.026885934846123095,0.17732184048235344,0.2729781279928489,0.2,0.28030247620776777,1.7930391892098594,0.061964481904972876,0.18137840375065334,0.4265175759358604,1.6797321957967837,4.434879846386025,2.0,0.379934181983619,11.071251050447904,0.00013536268773217956,26.27109272106477,0.07781337624534373,2.7676884283319154,0.00029495211372352324,44.156016948523394,10720386.460304439,3.624314033978367,0.38659418571680737,0.023708411758372842,0.011586909232057819,0.10343515770180924,16.606905101625202,104.51152886776097,167.42087863821797,511.956080821148,54.22638942958306,0.06952232072847322,0.13511766212504406,0.5069758713578698,0.6903464430263242,1.0321052510609503,35770878.23560706,22792629.139446095,96938744.82734394,253760925.8476039,437499354.7858496,37.19629855676454
0.25731396210159946,0.06197678727489572,0.08311745452733703,150.0,0.003159149676038392,0.40015865616291657,0.936645358918677,0.02033904897581029,0.15301918694382488,0.25,0.7037454056228558,0.8717961440441742,0.9364147650941987,2.0889346406198078e-06,0.05084006485788118,1.5697672921667456e-06,0.04557296919555581,0.0001,9.528583157420935e-06,0.11381300527646078,8760.0,0.3044312067824058,4.069691357859582e-06,0.023574802056345615,0.013452247429710844,0.021924164109739776,5.080265968094567e-05,6.0,0.09034601493466862,0.08994682466409454,0.002426921475625523,0.012847374942386885,0.029845672262732013,0.08988748031575959,0.6553609969149702,0.04051494020004685,0.11591594011388254,0.31650362658798314,0.2,0.13152699509606575,1.8772717718473984,0.06823642154748029,0.11531202158064294,0.3290815640544753,1.8478010645077663,2.979991172917123,2.0,0.3906402586481881,6.605224185157145,0.00016153106951363424,36.17775103611008,0.04778918736392777,1.4580920638358945,0.00044387878883215783,45.516208107583616,8344237.759726652,4.028059815673348,0.4931792951919642,0.03707092550706251,0.00985540243919798,0.14898882562258173,13.109524589643431,138.3268391365973,196.10345964229165,417.2235651664106,37.96980477566193,0.07195192145228002,0.1743387671592012,0.34274789134907235,0.6305083626119345,1.0176042685508981,38146267.676299945,19690819.34565813,84381970.52335499,593016458.5185163,837477963.9167092,32.39949391673615
0.056954933185422975,0.11054972453814466,0.013172813323406593,150.0,0.0028335831266798456,0.15222655015569675,0.586701078159493,0.01920085672277719,0.04462988981437968,0.25,0.717227188994882,0.8683942844827466,0.915454226853692,2.2517458053524517e-06,0.08765381583910967,1.3657884857319576e-06,0.07346259820679008,0.0001,3.1711675121418044e-06,0.1015248881524186,8760.0,0.12587630830691715,5.636239354799007e-06,0.03321801721857501,0.013582167386644283,0.04431863326518351,3.20248078098922e-05,6.0,0.13702285172862638,0.15239508400888002,0.002393053721420663,0.01168897347109761,0.043144467144626206,0.1066698552693796,0.4727998306976808,0.03350437396194101,0.1636105525895339,0.30943703133052003,0.2,0.15741509445046448,2.285434016569571,0.04104045821023246,0.1010903384334006,0.3895106438569861,1.8552072943412456,3.446868983246083,2.0,0.38664237293705667,7.5512064939641945,0.00011964391593830784,27.536523399668184,0.07380500172241962,3.0087004677586062,0.00033449120128475397,56.489741943653975,8066481.190248907,5.1285181866437,0.6349446388605307,0.07336698145588066,0.0314398699923785,0.08914410260844549,11.083121292717955,157.26395301270344,128.51532940426586,459.9246231559562,59.956299047906754,0.05295007315634857,0.12401647385230993,0.6088071552922976,0.5607136614451558,0.9661011923678116,22439801.988649905,15343060.873685597,54997881.25407204,153716173.7769483,317404586.69780713,26.83725987485555
0.11435269157691337,0.17169127722094615,0.04446792822067493,150.0,0.0014349946379359606,0.1650621101544063,0.3544945134108524,0.015136590122729141,0.006598634850725362,0.25,0.49739427684529436,0.8554198351301963,0.9472712723022563,2.20779590454462e-06,0.03809376352776958,1.8365205514960196e-06,0.050516838004059574,0.0001,2.2587744119438733e-06,0.13367931152738083,8760.0,0.3129908018749,2.1022129017105197e-06,0.02688046556642748,0.016701332943437303,0.03467710716568937,0.00014716295925170267,6.0,0.12967555631145056,0.1545306629069651,0.006657034598977821,0.006949334372826881,0.049295142012407575,0.18237886025009897,0.6376098505505203,0.036156220853458286,0.19708757514375425,0.3130313771861694,0.2,0.11882371325044647,2.100368374353777,0.06838387449162263,0.144961742560544,0.3861264354089464,1.5318965959401227,4.355667407095151,2.0,0.3393057736956569,8.5763607971173,8.998556789739092e-05,16.641163865068584,0.05001418875865056,2.006013011908343,0.0004515326543329979,52.67430097415686,7515125.961999536,6.645352177177431,0.3982981356510607,0.040990174351948766,0.016619733267549692,0.12614730308948463,19.778141354837473,91.07355214464185,110.43316452588863,391.8139095636754,85.26007800112318,0.10147216746178195,0.1467858236383887,0.3886902718738132,0.45184156338363435,1.0865155906878705,19712231.688836504,12459887.168684274,48179084.79366581,122511154.10203493,299152107.37451774,25.346287073612167
0.21403360188190731,0.21873895959654577,0.029031332056937826,150.0,0.0008430108637662515,0.29340960418293416,0.4189186320325544,0.016706893370913575,0.042211466521087336,0.25,0.6789461081801547,0.9074452614931042,0.9665536791580259,2.6219155735629295e-06,0.06496313706378742,1.2690928340616946e-06,0.09553938584944953,0.0001,1.6158134871569482e-06,0.11609575717613269,8760.0,0.2123654698083593,2.6485812427709887e-06,0.027372958713559197,0.015430064453871024,0.04026640331306334,0.00015258474992631586,6.0,0.08232990417035913,0.12214494134406122,0.0017091092126756897,0.011144779515700616,0.07459219559526432,0.10453797630221999,0.5985103813699317,0.04461187188586173,0.12083425893712496,0.28050750092768095,0.2,0.2078322826070098,1.9832622102074224,0.044552917528911135,0.13949612298904956,0.37857346565539396,2.1662320899720404,3.623237931784918,2.0,0.3477210935450349,8.471091328361123,0.00013053062438959855,46.45225628427247,0.07670049153728582,3.2700650421590347,0.0010957133025307274,54.511985859587654,9390008.175007215,4.3596079807974,0.25696916700044875,0.04126689990150102,0.0032577228370354082,0.09387827390670657,23.510064426307085,117.37986827350626,132.6137415987326,460.54944426932684,39.2418913061369,0.06430611069656456,0.21549888141500395,0.5464090173596128,0.5865809362771248,0.9518561578604723,26156645.04791533,14517315.680416476,77633878.86555406,246578836.8233244,425760885.34414524,36.65264902616141
0.1634382744336715,0.09298380003689179,0.01829014638245593,150.0,0.001686212013353768,0.34663202599942977,0.46941259959002407,0.010474021838600574,0.02629027387720661,0.25,0.6618073929773938,0.8676732417943842,0.9771238658493413,2.5520438492724016e-06,0.035721438677448196,1.0451851754161827e-06,0.04862390235325781,0.0001,7.16582196927515e-07,0.0629537636824026,8760.0,0.34412229246146364,3.3110633425356193e-06,0.0204614208759579,0.009128242386446687,0.017603338687681953,0.00012770640070124456,6.0,0.05695828123719559,0.053311232609795596,0.0015394727723422937,0.016995681156112587,0.057647578249709286,0.12920925610500633,0.35257645054909065,0.023388702797815852,0.1867159100584143,0.2572481596798763,0.2,0.270392005713046,2.1355997099819697,0.0677648663534856,0.08886714340154388,0.46432740880009576,2.0841601388901383,4.368125698728457,2.0,0.31537367155039475,8.515947798115945,6.40858507683102e-05,29.480079137172652,0.0268249193464971,1.8265108638995684,0.0012279690453933447,43.24161686884575,6193663.460390188,4.931228955231721,0.3110967732520188,0.07161326514890015,0.004173665607538376,0.1226237726707839,12.275988149006185,121.76555058262313,148.37575657594124,291.79560485605265,64.03677755291743,0.08686349351520789,0.15380322065364263,0.34406263114809543,0.4845338646352514,0.898063024551021,15428645.036724605,8810691.171299782,53734684.19149084,139830630.2894113,189218956.2913796,30.456762111433775
0.04166608032716521,0.12563631952678875,0.010178473861879494,150.0,0.0008994059995746274,0.35435456358497885,0.26565350654667697,0.0071407600838148035,0.06254456203714875,0.25,0.6645013971210129,0.8849678350664353,0.940913775083098,1.7532124128597182e-06,0.06246493440200494,1.638912025627786e-06,0.08471993855443623,0.0001,1.6277468026477524e-06,0.09270935086417187,8760.0,0.20364188174691628,1.324850168565963e-06,0.028672125916584915,0.006760278619819364,0.03811741784043438,5.611834900056431e-05,6.0,0.08246821432499639,0.09663812523299725,0.003448798033019274,0.0068821231949211335,0.03716824990647943,0.12354963388859215,0.35516495559286704,0.029697952016821426,0.12394642591505683,0.3254989579588252,0.2,0.24957267169845637,1.7193141498786608,0.05409213729667457,0.22708405221032674,0.33788620933139485,1.7362319228243845,3.5708445225817043,2.0,0.34309467386661935,8.107739969136649,0.00015511532564252027,20.38878251413785,0.03075474362270548,2.2002225297267257,0.0005174129533800709,28.075593571392055,6827422.329424331,4.5504372121242564,0.38885565110364995,0.07197469428507244,0.013693687264557499,0.15913111130150165,18.138820826248548,100.40865071147698,147.81573855647287,450.55497838465976,70.68093152588165,0.06762246058639906,0.13758439821716983,0.37427793308980806,0.6260821701723224,0.902415029696964,16517420.04579274,11278899.73380724,43159661.127536096,88315056.87830368,211411747.27307624,21.54048555099743
0.031612150656188324,0.030594538884393247,0.16417820331390656,150.0,0.00335261514890091,0.2947801061762784,1.047397568944368,0.005346425847457838,0.046376362668845955,0.25,0.5549738857364005,0.7818904357441145,0.9450218108570081,5.437952874671373e-07,0.0576973229816755,2.867210372259718e-06,0.07842765117294581,0.0001,2.478773689449859e-06,0.09178668337829085,8760.0,0.2506503806000705,1.7441929324967725e-06,0.024517448932331237,0.010908085945046818,0.026294856628817802,7.205007663689641e-06,6.0,0.12208462502358058,0.1785044102369696,0.01606336162638754,0.015369167963632902,0.028597846203175434,0.17748566411488156,0.49006782760596374,0.039962474529661736,0.15218100858561265,0.21465255498747654,0.2,0.21034976860685495,2.211079525892318,0.04032518065015635,0.08055494213093742,0.3147677221253002,2.0197543395880633,3.7731317131017197,2.0,0.43535423927724515,6.9182458613615445,0.00012048376900240463,22.284450818702698,0.06504086025893388,1.9416135310851597,0.00019854832683015555,74.60771381844486,5642779.403514889,4.6370268491375874,0.4271230025007866,0.06531081471393975,0.005367409354267603,0.0894178468228296,20.544152346512,87.0443443201159,190.85989400059282,355.82840656446217,106.36179633748247,0.05061526896964301,0.13838352836727863,0.39911454846017275,0.47979940780055697,1.022784164831409,19773174.127606325,12725838.640063398,50607086.030200906,129338879.95412569,253149683.58585197,26.577878303027134
0.23449276315708983,0.3529833271205235,0.07807007607697028,150.0,0.00325946856744958,0.4109083057430548,0.43332993051604024,0.018947933102985308,0.055064353469019785,0.25,0.5965699094781749,0.8405506449165743,0.9389053208426622,3.7260168864738493e-06,0.07034073450159793,4.476781526070222e-06,0.04784119471000105,0.0001,2.179736153504083e-06,0.10889542910820424,8760.0,0.16958765254829372,8.339704752634447e-06,0.03243003220916027,0.013422669220599712,0.03776008473068264,2.332182745966637e-05,6.0,0.13012047644146868,0.09293270945602734,0.006127700894595538,0.013529928089250007,0.0351879093481212,0.16941101323292174,0.45893762015914874,0.03859139858604853,0.1651282159285032,0.2784165828591091,0.2,0.22623451000564848,2.4279907413026445,0.0728237454102132,0.09700003644365357,0.3447212850956551,1.4605787661825307,3.1950094935436333,2.0,0.366129089749975,9.459206231155248,0.00015347845207898446,48.12704503403311,0.06054551831534184,2.2575118434297625,0.0004496282150486988,51.96949772556212,8062310.081914137,5.219908628253525,0.4379614007974185,0.07014990617850013,0.01991207036601664,0.07176658208524875,18.11397487438186,117.64941652324245,177.68254714762236,341.84410967845315,64.16962574259614,0.054314829469399445,0.08245111873302854,0.4379757406688184,0.3766285684151115,0.9625654464220623,22610599.87719891,16111734.5240568,55881044.32793917,122100842.33426964,260433700.12385225,39.24113323612546
0.054459844435728905,0.08443028346017878,0.03930035146827682,150.0,0.0001902850116523123,0.2446960610099346,0.48272444709149254,0.004440773913010499,0.03527849055352902,0.25,0.5721403061431837,0.8917014404928035,0.926847952945286,2.584745144249801e-06,0.07666571566982995,1.1695962774587481e-06,0.07389458085047156,0.0001,1.4317295951043164e-06,0.08118277142528202,8760.0,0.4130838186004543,5.583448626635731e-06,0.02169353903434966,0.012410248767060659,0.019024697267383386,0.00015995975672989223,6.0,0.07968864204586679,0.11214666574910742,0.0013234316886980005,0.012431443359958896,0.0635308766762482,0.1223449650451156,0.4985700777072408,0.030543372258115223,0.19806257844244196,0.35761924880684337,0.2,0.1872222528298982,2.2940817093064636,0.08124339068151074,0.14017149040660226,0.4025872245900176,1.342322553489425,3.103378951896792,2.0,0.47529096569217694,7.5309083925484765,0.00014052542080258176,39.16401953441854,0.04199164476587763,2.643902932201688,0.0005628649407800408,23.152817457766343,11665890.18728235,4.664242868733386,0.18361972743235824,0.06298871428870745,0.023537271726659682,0.14536849073616795,26.318556643455903,102.63371712507484,231.79775300391202,341.322313849896,76.51378308558418,0.0714170303072296,0.12131609369114381,0.34944126862534586,0.385492984736673,0.9955727859771197,13507982.795646833,7865139.780807702,37449024.428922474,78937594.81075414,223541696.1833652,25.982935709372935
0.034831188285549354,0.12820684543772234,0.03557114385080461,150.0,0.00044737346362970607,0.3743982965414254,0.48082612547623177,0.003536423676373075,0.03005491622005151,0.25,0.5929265517392307,0.9154644835168546,0.9254288156854865,7.900367506181489e-07,0.08198944545680374,4.210257689090442e-06,0.05618836770219812,0.0001,1.994163490372506e-06,0.09973245442550663,8760.0,0.16827662717525022,2.289063528854364e-06,0.028546443059695316,0.011483878526262627,0.03131565002879045,1.9195848664206867e-05,6.0,0.16462026491247306,0.06922874094340503,0.008701423590289062,0.015991054724515393,0.05235835722198595,0.1737873626654497,0.4840550863802392,0.03432701456938165,0.10597964760372938,0.35345564892165743,0.2,0.2647498240485161,1.9263246283125215,0.06895561005044712,0.1625620145714122,0.370756982116727,1.9551489194812255,4.1570366985132985,2.0,0.3022591483061754,10.3063586184355,0.00014384045272133498,17.40540345605909,0.02973314867934275,1.5273584599037078,0.0005161570876006082,35.26409403231354,7605910.564219005,4.248844329245409,0.29311132631495784,0.05342011326289811,0.014301719246481047,0.1534653082313127,10.093400452940958,120.45929910832562,150.59118855765269,393.1166875335735,79.5512915932571,0.11018129615138818,0.18892736911169933,0.33856126723638147,0.5090916343933408,0.9779694463426202,13447741.615063438,9190912.242828365,37680638.9192123,70649433.84396935,119235526.50184782,21.653383177211943
0.016302147378569755,0.12014008625185997,0.04425843449046132,150.0,0.002240354828501016,0.38103385374007004,0.3345220003454423,0.005080222786604268,0.03595293512745437,0.25,0.6754844231151349,0.8582881819948454,0.9240844295708338,1.3035049237553893e-06,0.038982298918421726,2.165628568768111e-06,0.03605745200218129,0.0001,3.7130865312151803e-06,0.061847186925751745,8760.0,0.31187000880012417,2.2086064853656366e-06,0.02845725938412632,0.01959997301275176,0.022475412244096285,0.0001115197072880359,6.0,0.11222800317483778,0.08054953932508017,0.0015492790704623347,0.012528130726129183,0.03572240444030976,0.10714036658251741,0.5235613308444304,0.01809943458533634,0.10457236141742612,0.2599966071767268,0.2,0.1908596131959529,2.3365526222720914,0.04430247146226454,0.1796138670758986,0.47192515529314266,1.4097216041467486,3.6152135829018643,2.0,0.3487168877127845,7.0867404707467365,0.00012858721120790275,22.66627577433031,0.04515914374708846,1.2196555588827795,0.001973838853752367,30.62821166265401,8108726.776781842,5.037188033549165,0.2587666931018903,0.04441251183403066,0.01066247903783116,0.07619428101493161,19.208930199468774,127.47068409394508,156.4306050332615,326.6863006113758,39.858660702898234,0.06518949770103083,0.2098033528020899,0.3830242530823862,0.5946273345889972,0.9633608291545372,22032001.6512722,12015018.035389103,76435027.68616386,165183955.36102238,296347177.4585811,33.71088790451377
0.07632033723593533,0.07193200874757118,0.06442892195890497,150.0,2.8360010901394997e-05,0.3682241513014394,0.4353756651021911,0.008587841078243843,0.07897540643098265,0.25,0.5906381130953456,0.8594972080213872,0.948723861911554,2.0792831424344913e-06,0.04884195127409163,4.81670620499578e-06,0.08505246431205007,0.0001,5.016387480616638e-06,0.11536044015975135,8760.0,0.3276510089313605,1.7229585976146297e-06,0.022505873520079843,0.01639707888871663,0.04324065777344018,4.8443966752338587e-05,6.0,0.09992796809609866,0.09816082024958872,0.0009042909640640248,0.011535963727731025,0.04751382391062284,0.1977128962048402,0.5503295244061509,0.03345886636929325,0.17237514434062368,0.2490807444324239,0.2,0.20357038670335892,1.7956861329510323,0.05343588115992405,0.11625165436487417,0.4028448865991635,1.7170534610857495,3.830328248937688,2.0,0.3746746251691475,6.758730066567647,0.0002506743440877341,15.650281008796714,0.06843946354616497,2.7325184810346723,9.192156747981107e-05,51.691758188224476,6870588.705941424,3.9697989812298924,0.3351002207116384,0.06181184095043321,0.009923892813642391,0.09177175212776861,14.26369724197107,52.8260574177755,202.0301224385778,388.64067051325736,73.83051212955996,0.05483548112948833,0.15752241081787605,0.5956746793900484,0.4180783771212363,1.0085641674139896,12968942.753496192,8496067.323849503,34056934.90053038,65632482.61176486,189187173.55417895,20.74801036680369
0.08049793789387487,0.07283671157979454,0.015241839525325644,150.0,0.005441098759379887,0.1805553479136621,0.5637418149439285,0.00436348614107085,0.05947776986615957,0.25,0.5453744613910342,0.7834278408212269,0.9454101543411688,4.5684318545102525e-06,0.07864247050411201,2.680957547844816e-06,0.07497279014174375,0.0001,1.021663217475161e-06,0.0912333301290576,8760.0,0.3345948964378308,7.208426053760746e-06,0.030122128417238107,0.009286010021527855,0.023824707284193312,3.845875672777014e-05,6.0,0.10153933895733769,0.07398888244441355,0.005556230452157699,0.006654598553260319,0.058838758011748274,0.15670250359453897,0.38123694569122973,0.02041627651188,0.136573779406687,0.42051648683679044,0.2,0.18302693457318395,2.006682311624722,0.05293729120111637,0.1367727104843725,0.4053446765179687,1.5781915151280472,4.924683360326753,2.0,0.3383954604002235,7.3965262723777006,9.468697049082152e-05,28.178555038673466,0.07912863459618576,3.229230036765689,0.0004292594697498307,62.445217023560396,7276750.224059241,4.196925753412623,0.7088433209150077,0.050415368617591175,0.01914077275587869,0.13653402660907005,20.94477558905198,128.0131776555188,220.71068700500493,572.1846331536574,67.04971307106732,0.05867920902112303,0.1734947046880882,0.5111750752687847,0.40769947213854696,0.9879164375260355,18456389.47252845,10199744.4876711,47120271.383891724,144613875.71327573,403842054.5188309,30.734249048764713
0.07411907444499481,0.013346865134650965,0.025015553816349054,150.0,0.0045445966738065875,0.2712873091844834,0.4958007938426807,0.024638350405049598,0.0313776622964671,0.25,0.49185525527443114,0.8556679731908872,0.9821338469663363,7.538128721555062e-07,0.06543369664963791,2.609518514522696e-06,0.0669664908156499,0.0001,2.914409937311523e-06,0.1356950606085817,8760.0,0.34850361729626594,3.7583622704008457e-06,0.028380855690385634,0.012248766642464924,0.02642300496535343,6.656637328850792e-05,6.0,0.10503546575006041,0.10412041516251343,0.0006595901964730098,0.0059490038541987695,0.030569227010795792,0.1421458822687419,0.39003180331814113,0.03566612673958464,0.16809863645785417,0.28477717578368666,0.2,0.1617066793364395,2.5659180015967893,0.04601202588097622,0.13531229565090613,0.36361087362155886,1.429257377602421,3.425668005910685,2.0,0.3197079407039131,4.178400626777673,0.00013126820828221234,47.00752247232225,0.04672897953043337,2.523443937982706,0.0002986925930896587,42.60956764671547,11843079.864927132,4.836166105076827,0.3481257404424284,0.07075563652340662,0.0133738968189149,0.09890976241024824,21.318548600247954,81.68121985496367,156.89518494030006,409.5427844267182,44.21202528113852,0.05258352609814992,0.13034277767837577,0.42593630784592823,0.4106179129330333,0.918783939647609,12549837.480619863,8327474.632987711,29854935.202600166,67448135.05140127,176258168.7007616,20.55838876579821
0.15763171531968076,0.10725635822395063,0.055029964800873056,150.0,0.0012709820282559795,0.15457934079275532,0.387418081567454,0.010060203662041285,0.029146649959640468,0.25,0.4874127201958366,0.7724695529262406,0.9353487889520251,1.0610436851425462e-06,0.06668311495924983,1.05485534958899e-06,0.059807905698988445,0.0001,5.55834736989785e-07,0.13947827314750777,8760.0,0.46725284046349536,4.217889431625209e-06,0.030408731811170098,0.009367707444148884,0.02460532481789797,7.188447911791047e-05,6.0,0.09374593392901495,0.1273522298515788,0.0019338824948277687,0.012280879329862809,0.06448935604705062,0.2108318911948306,0.430661308126336,0.018447938808955927,0.10377359868577651,0.2314135220424951,0.2,0.256860511465257,2.7261549078797342,0.05514332679840084,0.09993526185852258,0.4073162890212326,1.8156167649874217,4.191869210387329,2.0,0.41112617015407876,4.299338184751412,0.00013993026671019077,35.217344636763144,0.025567865637577875,2.453289222341093,0.0008424458949584945,85.19227589059854,12775779.778744554,4.322840720906741,0.31694330527921327,0.05629710565485012,0.011317559438337857,0.07565077675802218,15.080429109281377,126.5771118047697,134.16421917181802,409.6241141280508,44.38870455006508,0.0699840838036489,0.12175914641116525,0.5216995289525326,0.5800770276182365,0.8848354849857291,18489925.77246022,10395396.459433977,43419072.17345987,194683394.75377163,348328324.48688173,24.350965572742354
0.0900179106806042,0.03400733967511119,0.06872937725780184,150.0,0.0009689124186801518,0.25284895966072013,0.7043097003240958,0.011321016034073766,0.06670039010014965,0.25,0.5694745840583895,0.8502281842602678,0.9266461266471684,3.312824168664867e-07,0.05007382429271795,2.611088582647813e-06,0.0819763670949746,0.0001,2.502274568526723e-06,0.09432796616175738,8760.0,0.3314158723607795,5.820102786653135e-06,0.02486327993858912,0.02226303395853354,0.019720808538424457,4.9678658915664565e-05,6.0,0.10979698048687364,0.11073287808881804,0.0049804652920883916,0.013485145955994909,0.040537049539953074,0.13493756346584349,0.5005569435748962,0.03587366246334923,0.21174196691503366,0.2859582431598915,0.2,0.23412920891859584,2.757042695607336,0.06565480113782736,0.18717057614572213,0.34323202045463086,1.9591110953291293,3.865339120758815,2.0,0.37108816709407794,5.725518456696604,0.0001718315936563625,29.051795070376613,0.033637315099338136,2.0570980211288754,0.000603050710879779,37.54884623351104,10601605.410337728,3.6504189580173083,0.3614211029842794,0.055127614201282746,0.010484501805632415,0.08356690938640257,11.618509658211448,84.01078370980281,156.82372064451596,338.7793127096919,77.64718991840324,0.06368791395175581,0.13179419351668936,0.5609091926578714,0.6053164291076936,1.0533311368953284,17538810.523477416,11121148.970267043,51093873.616447024,119150694.57574902,224260261.86718208,22.66639460689798
0.06749843625082912,0.24159134520235434,0.04946299396644083,150.0,0.00018786883628155317,0.3413192477037237,0.5075084394034706,0.007469759564030157,0.05812333368456456,0.25,0.5847966121371443,0.8373175935641863,0.9099772088364944,4.64272479276536e-06,0.07354200928010995,1.283097641179302e-06,0.06473354901571454,0.0001,1.6407664313861324e-06,0.11765838785400352,8760.0,0.35967792605850823,3.033598619601397e-06,0.030073544046277764,0.005427126091214356,0.014432163684679936,2.9467168553577567e-05,6.0,0.10137185993931168,0.13258160028610966,0.003915561815273654,0.014302140458711522,0.04134158008022426,0.12231342449907653,0.5779821621907217,0.03387061113447534,0.09300668654840853,0.3505816299950174,0.2,0.2898068524516108,2.4415902359145285,0.06953290281201982,0.09640315136995148,0.3177862347791466,1.6006837918007215,4.603033482459988,2.0,0.463171169213084,8.056858904519482,0.00015971921353371917,12.654034939896686,0.03793795982783495,2.9794054367947926,0.0008229611518555635,63.26307373470729,8612543.747635093,4.616315482105492,0.48862056061706194,0.06460379930768301,0.0020303672240719302,0.0982355775671776,19.43571739956749,118.10107600397059,169.98017291061984,348.60167393185355,72.73443359452187,0.07221417591202775,0.14698126622374486,0.31481654251954366,0.47317663548388395,1.0090491525612482,19271461.982560016,12097185.649338208,56248776.96222139,152107334.98801124,271690263.1920611,31.20125900397718
0.11086934017932842,0.17090933338510148,0.04594906172267145,150.0,0.0015189420185481174,0.15625252408889165,0.2953187090438516,0.007687595050836906,0.026384912597192316,0.25,0.5820893442475885,0.878483184022324,0.9847955581275332,5.935088570569745e-06,0.06862190454593707,6.457499059080277e-06,0.038546124409831524,0.0001,2.3723758426789085e-06,0.10453267574857883,8760.0,0.3695615945381675,2.165690170299492e-06,0.024389798907352198,0.009974761595420493,0.029487003596355373,7.435454744911595e-05,6.0,0.0757492522951543,0.18391310197040056,0.0024452106185051895,0.007746979531887159,0.03818449585909795,0.11736861707380297,0.527415728359856,0.020299269181994616,0.1642659235838291,0.22875825955277435,0.2,0.23676644796767043,2.2097326950963465,0.03325944300805894,0.15786686562286945,0.35524186129826435,1.483835495423647,3.8471615365921292,2.0,0.3682297706248134,6.506949766300995,0.00010236991434791296,14.737762894228991,0.06270351903371628,2.648189804414452,0.00031590382980494104,51.31648093331235,9333849.614453219,4.65114266886214,0.4004661495279551,0.06004639225751722,0.021154419260776693,0.15033121213460335,12.947484987858408,108.17288324294512,156.00932574714784,472.91343934978323,47.286316592973435,0.09187617414326421,0.11758796772994697,0.4453328974940173,0.41314657872422794,0.9020881653633807,13689532.256080247,9156417.077815995,35449887.198834114,92873570.99629408,177789487.07086453,24.187853366112066
0.13950848809614544,0.1750732241546475,0.018753364444508126,150.0,0.004869372545596158,0.29418342744476367,0.2906271770174597,0.019147121125609883,0.10765073767404554,0.25,0.6006441821798691,0.8904056018174046,0.9559632922759932,7.446889495777276e-07,0.06521677220905892,4.727964946510839e-07,0.04415516353016245,0.0001,3.5729864677795114e-06,0.12441555256314434,8760.0,0.24670877695860133,8.408256470210518e-06,0.017255560173648005,0.01096505212660181,0.021888689957656013,4.08242217576067e-05,6.0,0.1324986145180351,0.06159300147077589,0.0026158900285103885,0.012693420533340827,0.0368879783348785,0.14973757024011553,0.5101790029359257,0.035068857397848055,0.14412105468551498,0.2558549598785511,0.2,0.2187230437752138,1.9508278740569622,0.05245609208909677,0.09310631347645007,0.4249955827341231,1.9899287571151876,3.6289226507533487,2.0,0.4668328906853394,11.317135540001658,9.620076567673231e-05,19.266941225681435,0.052244648582294426,2.495944167735849,0.0009668774063721024,44.35632175796904,10919376.867247194,5.113902878539596,0.4092986317873078,0.069074583123098,0.013913036716494282,0.11819376825615903,12.715225317933086,79.02223163388231,177.94096651311412,359.02605360229126,68.46408718922535,0.07419781465845354,0.10509507683461894,0.46410670424165373,0.720707794741168,0.9543542832117344,38168761.562548496,23747231.470790714,110845838.30281775,225999407.05602497,510566076.45189935,39.21267312109396
0.1667749077122923,0.2702464782438521,0.023967827992079242,150.0,0.002369992267894434,0.2830684003135041,0.07597972122364297,0.034364857568324636,0.04043895816060739,0.25,0.6312065650277858,0.8550413768882259,0.979818851157098,5.772600376989403e-06,0.034789425871606924,1.4014564111647308e-06,0.036093791683887405,0.0001,1.5146495574288769e-06,0.09350386581208728,8760.0,0.3339859361050195,2.8420228553574344e-06,0.023899508578559943,0.013765282431154428,0.023317571569950128,1.3020322194482903e-05,6.0,0.07287175020877922,0.09854696622027001,0.005411228362060917,0.017058893411701477,0.0449311287158072,0.22496377248516397,0.42269681564204453,0.03288384923247567,0.15243220273887076,0.24829565774642248,0.2,0.1988013267836724,2.3387170072265295,0.0642960177148352,0.11706594911398435,0.2977312366082909,1.8802683810487753,3.8576759003298093,2.0,0.3282778352446608,9.289377862219062,0.0001250381415925817,47.52814189626645,0.07594798455449009,3.26506662118809,0.0006601620851183431,60.93199124134178,9922858.374102138,3.9759086650399933,0.3526560093240696,0.04351482336374726,0.009294220086559016,0.09962106033156194,11.3650550179424,111.74128025080456,234.31147064729873,488.5295840917207,93.87589413628365,0.04384603689356044,0.124054030125664,0.509358858197666,0.5933565911242834,1.0161416966745638,32339845.146800607,15942965.735410335,78092675.59938462,334319191.1328973,727450987.3293353,36.488821121244456
0.06680088736233271,0.3214284280401296,0.23778765394043028,150.0,0.0006572112967402704,0.4639721138522913,0.4297491184986506,0.023566311158166906,0.01534985711027809,0.25,0.4937101656100097,0.8660313238155383,0.9787281677110496,2.7435575463984725e-06,0.044316019564525466,2.220158003264959e-06,0.058578468933554756,0.0001,4.530013021908253e-06,0.09184768592946321,8760.0,0.31715494183723836,2.904057874830389e-06,0.023703603613654298,0.0070358210798781035,0.027221159508356865,1.9969708469020667e-05,6.0,0.1457034235482209,0.08083573201548719,0.003736662192213166,0.010074729675879407,0.05186765456800059,0.14688307460929212,0.47854256360913017,0.01968979958738295,0.11952618967627442,0.3449032607803815,0.2,0.15172102857967246,2.365402650086405,0.062181901473688656,0.12374729038567034,0.25688951255160286,1.51827373485089,3.501425700877757,2.0,0.33253523562634124,8.39791651406781,0.00021922422586927477,43.91217638540722,0.03868513158783787,3.531330390147901,0.0015048826212245654,59.69523861343088,6361768.150255142,4.125503274089619,0.4301675461069658,0.03932380130069157,0.0037910715858981733,0.17029131988870036,16.756005623175938,92.81642616981094,149.81849165825912,399.71064038377807,92.15166480043558,0.07994462192868865,0.12727778497142744,0.5128022698821549,0.4877795030580062,1.0008381188952122,30864638.984767627,17030756.32096125,95051432.2721178,253142523.31770232,465595759.11465645,55.057533729645314
0.08972069113477855,0.1340370855023937,0.08241785406388677,150.0,0.00020435935854389297,0.1407773645499276,0.30658322443248853,0.013498774098106466,0.05023148727024924,0.25,0.6166711879844473,0.8767846022685605,0.9562235811196085,1.72801709356505e-06,0.04548515730252671,5.058763284721562e-07,0.047613530052974196,0.0001,5.115201937738326e-06,0.08988436037338869,8760.0,0.38139891017560057,3.0819868825464755e-06,0.027930664812750514,0.010741565539867406,0.018376798073139508,5.770583029402523e-05,6.0,0.12535904787040042,0.07924504026288125,0.0009332108162780084,0.008297252219788153,0.04672244836888195,0.13641023613036452,0.4941899066733626,0.032245322179512564,0.10391917748865313,0.32134562950840984,0.2,0.2783538256935283,2.8776752439547515,0.060019513167530014,0.08714924373338995,0.3801256585666879,1.551013610548387,4.512447113581254,2.0,0.29765903664437693,9.918782081060423,0.00012291398042730384,25.56034866955377,0.030016108253199274,3.521559632459984,0.0011363439641847762,62.17806868650665,7401912.225629331,4.229714253763613,0.3440724328298779,0.04379392681041539,0.007062751680304645,0.08878060949627721,14.696291959239822,93.77162091852043,144.12987413035512,365.63905810975837,54.555047594013644,0.0757570967880827,0.1885232749663378,0.43513336846825634,0.4821651872420398,1.0658943797412501,17802311.8429589,10128259.54506962,45184721.36043529,183559407.213179,286076636.73116744,24.369904127762265
0.11193492897059516,0.07991964735128179,0.01452143291062414,150.0,0.0009365765220948545,0.2688977996446178,0.45056634425817127,0.003343808394390204,0.04315661791672533,0.25,0.6087025907292829,0.8571578404225748,0.955768074853495,2.3574984991169266e-06,0.03661388895689277,1.7739045090966645e-06,0.05228158623682226,0.0001,9.45364025125447e-07,0.060038642849010726,8760.0,0.39165412492225404,6.913573840440572e-06,0.03369041316109612,0.0028800012352441146,0.03879878596462665,0.00015748656187579988,6.0,0.09925914996227465,0.13739933469932808,0.004362318957958198,0.013719344003529515,0.055597750081113714,0.07692741427823671,0.5770683315441516,0.0316182988958214,0.1611952976570661,0.3947666469896446,0.2,0.16536461213506812,2.2450985814917246,0.026727930029456743,0.19836794998049706,0.27705521628394836,1.4871548951647109,4.124933912321278,2.0,0.3835979442582198,7.144151808980242,0.00018673407843509688,21.628799231780675,0.02253969721151979,1.9808751971951808,0.00012269160221981568,37.4597013106592,7671712.667676993,4.2204725223730355,0.4637672174505538,0.077889853968735,0.006406241809548061,0.08954505994141536,24.628675491110535,59.70908291890743,175.3156903232935,330.1019588735968,92.5216504870029,0.07887154896467403,0.20519357891580955,0.6157675929844084,0.36977511286187137,1.0418022132168807,12251579.935420655,7979897.588017378,31691324.437252812,76053015.47905834,172074877.9867956,21.773299630954554
0.10822037670725349,0.2031205492598324,0.01793363068443899,150.0,0.0012117695232452116,0.4222605256359717,0.37903283146355066,0.021611265671742402,0.11661879641191773,0.25,0.4616422340978145,0.780439914277447,0.9346195065830188,5.389270595017679e-06,0.06097263786789911,1.918434524605903e-06,0.09092879295425392,0.0001,1.5228693266087395e-06,0.1375659864241187,8760.0,0.3266474313541453,2.2401692863657873e-06,0.023362635806156287,0.0071893773319525464,0.031970105003688486,1.7737941631233713e-05,6.0,0.1690189415603054,0.1279816077351244,0.03195980348482658,0.010594952114809101,0.04745594354110408,0.18037960118369956,0.4698272270359217,0.0374824987749678,0.1285089988441135,0.1949865187076746,0.2,0.20681609447986127,1.7022827583600617,0.04326216425215656,0.0912401723381119,0.25138455593070347,1.3941780214363395,3.4905575236892337,2.0,0.4348323337368209,9.972309510372087,0.00031105143464396856,31.23755002358483,0.050940703536630424,3.873867851522798,0.0002465624785363915,61.73706844929921,12223328.141520247,4.584037625590519,0.2599655906137942,0.06337296702492254,0.010817551648374992,0.13382138688161022,14.052078069942798,94.75264609438891,138.98327922214756,381.934306504267,69.58930271114919,0.031799690899326064,0.07637028671550446,0.5625161971454062,0.34849708294423687,0.9799935898925616,15868898.223869598,11524569.036452841,40979151.5214145,70778018.96812984,149256847.63164017,33.29791813912422
0.05011163683530352,0.03963119029565947,0.12549608935126233,150.0,0.009394541767597377,0.325462646341294,0.1515921704983016,0.021159080306952845,0.09778873044058888,0.25,0.5997050412071893,0.8990863306548225,0.952274324332282,3.0415123072960925e-06,0.04110374797940929,7.642603431974818e-07,0.06925023164650013,0.0001,6.290837414593536e-06,0.08605760339170146,8760.0,0.21772806639442557,2.73741879096149e-06,0.024971219947437333,0.009637331768543715,0.02222261203167792,4.695770631466407e-05,6.0,0.09823048897964222,0.11375758405600883,0.0025478166673160124,0.010320319069739965,0.03277282332542542,0.19241808379399955,0.38821889906033397,0.04439424992219917,0.16833438724702793,0.2999521251578187,0.2,0.28298475553768687,1.769540511032405,0.06770791121180103,0.12420339608872087,0.32955985720057723,1.446162476682421,3.7568185003354806,2.0,0.37268376196955616,9.397598774612167,0.00018143039103303533,67.36954267006308,0.05252937433934665,2.090352354277154,0.0006069720711409194,45.779853883338816,8916986.972770544,5.20422505203633,0.5132306271244216,0.06267092010189523,0.002616679654306148,0.06812969200510725,15.308537198078993,65.33702061131567,176.73416939315035,475.7427832359831,56.06387983380978,0.060624349099859344,0.13078044772106312,0.5247009926752513,0.5509462313244398,1.078737873801229,33251839.770941395,20002886.926270135,86447325.64264512,253230104.10754007,478401171.68592054,43.72242505873128
0.04499680523882948,0.045155794063590445,0.042731867839887194,150.0,0.0013164081058658996,0.22868718719870734,0.29949125077173094,0.008369692288562101,0.043734262842687534,0.25,0.4888864730850837,0.8806495830082974,0.9188526725966899,4.425293306566691e-07,0.05681125230663765,1.223743880769616e-06,0.07865555818906117,0.0001,4.644969617003353e-06,0.0761978851063021,8760.0,0.3628871115284914,3.0447414125570433e-06,0.0274834583201127,0.010432523037161995,0.02979625361288976,3.0992396603061885e-05,6.0,0.07049281796214324,0.06960686300999958,0.0048316508679128066,0.01006331545720397,0.04547385863009204,0.14263726019921114,0.4863070259633615,0.013548257623958601,0.20460234254273682,0.31712393083279133,0.2,0.1486951014494213,2.0269144595528767,0.04706830326549847,0.13258948845860946,0.3516483211101433,1.6888783596573824,3.423231161120912,2.0,0.3235967984340061,8.895563852679185,0.00016093149801623403,20.15862776972792,0.050483286899303474,2.234644231827365,0.000439911880133555,76.07245550257687,10296843.906692673,4.898844602659724,0.19537185872815094,0.042616626353061585,0.0030395141120586476,0.1279232270219131,19.026794463811314,68.08752505004382,160.24383340543645,323.04556917761175,75.87600969609585,0.08031004818593904,0.16687755038904495,0.5325005969362,0.724479302204335,0.9832750764131977,20122623.486573875,12318961.397350285,52583520.883593,159230724.71865714,285957188.2668405,21.157506147409745
0.03829837144905651,0.17650012855779762,0.054363939506845704,150.0,0.00042224546258861424,0.2911793819836033,1.1170221338320536,0.006318324175482282,0.039936522648405214,0.25,0.5876185773413116,0.8535085705364522,0.9449984246513724,7.310702133846512e-07,0.035244549409916545,2.406526958050721e-06,0.08737260336249147,0.0001,1.1877505380034294e-06,0.08599195611611812,8760.0,0.33560292193420616,2.523799641153409e-06,0.02981378191950497,0.010197894320936445,0.03855579445213347,3.108854760415987e-05,6.0,0.11246339877889516,0.1517549889649319,0.0015236519409114863,0.008846833325669018,0.049390538129558625,0.11119734942148454,0.6245880836182542,0.020185956868085598,0.12901111365351225,0.26315064454053244,0.2,0.264452828092896,2.085062036922988,0.07103271577567856,0.12020684179454044,0.39557705462819703,1.6541419610929957,3.328309988175355,2.0,0.434635534633008,4.395882764435444,0.00014192218380367175,16.222308194928704,0.04178321958380035,3.7510966592406954,0.005476522929887564,58.79195356543806,7839941.34101316,4.82320280803769,0.354262835986499,0.044031552048265185,0.010959298044988993,0.11119304256246977,15.802216824322294,101.20788661719484,148.26155797170406,403.78476405148695,68.03157279883096,0.06621829944848258,0.13141493649675587,0.5952483330867455,0.392576138044307,1.023050377041484,28995897.68450376,9561874.246807653,139608185.91236115,300805421.00874627,393863795.2865809,96.549596342155
0.06099129432643497,0.19367527809556195,0.045500647185588036,150.0,0.001802225486613439,0.21729467584697004,0.7902547844496562,0.008370866208872391,0.012342511064267656,0.25,0.5836372194275825,0.890109097532975,0.9251207578676128,5.752411344356437e-07,0.05125039672197075,1.011140607632254e-06,0.047939841103728634,0.0001,3.0265084332401996e-06,0.10302439983097444,8760.0,0.3401972905560994,2.9001603010413815e-06,0.024255632749195295,0.00738882187200759,0.021402444083747977,4.559342754091506e-05,6.0,0.17652864715177558,0.1941192929595199,0.0014461185790079815,0.01203019262253079,0.036149763768355735,0.1723134432516054,0.5643483830947151,0.021142332483615044,0.21757609516138426,0.22420252546984787,0.2,0.17203576261231002,2.156624551307611,0.03366673735498322,0.1780915931291287,0.35095157461790016,1.7605598565495297,4.0057548411910275,2.0,0.4480262803810404,8.70497923703946,0.00017357718812786215,31.727421431081602,0.05666975507060465,1.8966110284480762,0.0006467403326058922,63.60530391234105,6586895.656816547,4.528625855582512,0.3762963078008467,0.06367763730108916,0.0036488666175889155,0.15961066980873637,10.166509936141601,85.65189296934209,242.99100564563452,431.54264872302804,63.31772423471908,0.05650994263162448,0.14659126484891696,0.5219678447893366,0.598863571681673,1.0014495396770753,25896137.53441989,16411726.480418593,69670286.57584964,212968210.22785464,354318512.05841434,31.447438184005858
0.12128998081682045,0.11960474793325993,0.03147450653294157,150.0,0.0036926344928625405,0.3266911046723705,0.817379449887428,0.008072462833895254,0.07607891995151153,0.25,0.44039152435107276,0.7848874474413561,0.9812214312573415,1.6944089148032619e-06,0.044247999632388235,2.025942523929117e-06,0.09509688421807769,0.0001,5.240431145976667e-06,0.10036272286060552,8760.0,0.3129131110090003,2.86640050284484e-06,0.022074850866702148,0.01748092168372126,0.02872310994025932,6.93484128410624e-05,6.0,0.12151481013092634,0.07171038241081622,0.0051467645776474575,0.013670601472595075,0.029571733888682707,0.11205910840559132,0.5232299785161287,0.041382891003889984,0.10806318179653668,0.2504348872342528,0.2,0.18065438523104416,2.0039984773932034,0.07073400243298703,0.1196927038848703,0.4384031725675561,1.3379888234256108,3.473931188515515,2.0,0.3760452904852893,9.614352590521225,0.0002030579756234761,42.986797198462924,0.06114452233201828,2.4392590099841636,0.00038523428105873936,27.784628063888935,8675091.295854196,6.324760366532289,0.2787851958698926,0.08037207949007374,0.008518323305974919,0.14629104617125038,8.838413235316988,141.66848276892034,228.5541631511791,407.4467483360992,47.97087557594297,0.07471448832029211,0.16316358050831814,0.3806467885660571,0.5017237273394491,0.979733699003231,21753092.08701093,15090079.334860401,52856380.89480512,169556632.27867386,264372354.34562913,27.78871534559916
0.10090676570392836,0.06029199588531005,0.04564248393577497,150.0,0.0008147510454249333,0.3577991886688703,0.4314506712602616,0.011010380091009424,0.031932697755773766,0.25,0.5855173011672682,0.8705299893630476,0.9330388435871939,1.3372165476419642e-06,0.07709739573607688,3.5508386128622938e-06,0.07926612432534834,0.0001,1.578272404849105e-05,0.11423327016238109,8760.0,0.45359898400490406,2.7709709687520123e-06,0.021608160163963826,0.01279039183691672,0.029944580407345316,2.6318624917535394e-05,6.0,0.15881390387900418,0.1462873892796624,0.0009704190509990276,0.01097535484985913,0.046828693362782475,0.1979170412941566,0.4876927232217205,0.03428421858366373,0.17348695868201977,0.29418968192303063,0.2,0.2930709610608694,2.4177539694209904,0.07919701859206997,0.203124626718443,0.43295484426144093,1.7050696381146606,3.6761776686280463,2.0,0.4205117516128884,10.0104488450358,0.00016969753909334964,24.07068040749818,0.037202140968243036,2.369419002571549,0.0021006528420509014,34.55180871368273,11987780.209914703,4.416026073454141,0.159994137705604,0.06194506910966288,0.005769647498541729,0.07870712218911992,16.178497972874553,81.78341165322499,197.0511721770136,372.2489954805655,61.20933651125088,0.08312630167920429,0.1717988633206089,0.3270116065446879,0.5368551859856956,1.0362563431015557,22726548.588900004,12125196.78015539,85052330.54831581,156941596.07054663,341517205.746121,36.183648921385085
0.2432694649942395,0.07377002170984313,0.032764365050130424,150.0,0.003113985289582842,0.20222808574847395,0.45496415955724057,0.010031399963603051,0.06818863185698525,0.25,0.6739729740441278,0.891288374914665,0.9181579583774674,9.541741637960215e-07,0.05283397697380693,1.3308350053846381e-06,0.05134352107932075,0.0001,2.8859277345226606e-06,0.11941703884805206,8760.0,0.3455534657484207,3.6719152248998722e-06,0.035591846177817334,0.009893569389870079,0.02718424601446129,2.4457964774782436e-05,6.0,0.10476941433129774,0.0962417949861841,0.004131636499162565,0.013824331375074717,0.05546949776209986,0.08720543082998605,0.5890091791902645,0.01818600926367357,0.21703666832319285,0.35883454966835904,0.2,0.21474832098085367,2.812987981466133,0.058628568273144305,0.07814451965570643,0.293033521515573,1.3561938094233374,4.867367005729841,2.0,0.4464627868427466,5.322943660307063,8.25121170738951e-05,38.5760000391266,0.06519173846224574,2.3417971052676845,0.0005801392696382083,42.0524014769704,6558721.105088761,4.039867591153501,0.5447311950367694,0.03905665922042083,0.018839564973111927,0.08029579439497209,13.484373536609976,125.67307862229583,150.86555790654393,323.89172105471283,88.12247545443438,0.06356786700514981,0.1260671227673852,0.40256553448803767,0.5330170846356379,0.9670277889273292,21864343.518102624,12001248.069157634,51096179.94150963,172309390.82318038,538734571.868563,26.687335271341283
0.03947387104049906,0.3819695898996136,0.022924672233476807,150.0,0.004257379316225459,0.2973153594879463,1.1514946062709124,0.012022234702596493,0.07721208505723293,0.25,0.5782677707728585,0.8669839107341031,0.9540461676239714,1.497226731895792e-06,0.0680618446582286,1.8068946365459312e-06,0.04659799473286396,0.0001,8.641724004821635e-07,0.14263051967188073,8760.0,0.24988872767694062,4.882534705942087e-06,0.02142336974711557,0.019441286705772727,0.03789990100086874,3.621855577262869e-05,6.0,0.15801390413938785,0.09587835458495211,0.0014981279257365694,0.008918442236827659,0.027874878436117738,0.09306779939920697,0.5306815568800192,0.01738970425090046,0.21493891386519032,0.3498151258201624,0.2,0.17312187392406556,1.6864496566340779,0.04310164508478723,0.18589702138919367,0.38244530116928677,1.6044890483628986,3.606399002824322,2.0,0.29898350059761214,8.558695900331015,0.00028363068626812874,41.62702541555382,0.05347768891846337,2.190575038656061,0.00020306534793233837,50.87784175179975,8204984.502883249,4.307317444848388,0.30150391089184475,0.06102381348216161,0.0007526555423635275,0.09028532975356918,12.026116284892485,106.12464068346085,203.69305848443662,525.3617515880628,113.9215804491472,0.07849817715897095,0.1795185616202024,0.43381970716648816,0.710545037058971,0.9651460955871439,30466255.770792842,20049464.094044007,75013468.24297835,193042078.2151356,484364226.2458354,29.459569478168476
0.09671819357447121,0.2653317460545445,0.056994807785468594,150.0,0.002325592776432848,0.2961871904273624,0.9454486507224211,0.011496629707496613,0.06415260649416599,0.25,0.7139865952583078,0.8145829789805467,0.946446644749878,1.3430277536479398e-06,0.0544458052184775,5.8745455382842855e-06,0.06717221022944984,0.0001,2.1592903765797268e-06,0.09463853479648648,8760.0,0.2910536489370743,9.021556949877763e-06,0.024106574325302634,0.010714367300722128,0.017139937862407074,4.6403847410083866e-05,6.0,0.18199696284030364,0.1312579428351069,0.007548186227414898,0.01252040092119134,0.03682610105541173,0.11354905677975294,0.38496671696461426,0.034436505146714466,0.16718478442579043,0.2755260733916768,0.2,0.24347129835640025,1.8290650678419131,0.04018853170405026,0.1671905907631287,0.43198925648110037,1.7826178831267516,2.862159857290907,2.0,0.405443546417571,8.747404774986817,0.00017675541935164844,25.33813957223048,0.0498035843414503,1.3063384665155873,0.0004355085929836201,36.959795996299746,6034290.198070262,4.349374630298622,0.4814432429715468,0.0549954093876181,0.0033267778624531254,0.09013758428279084,9.79246914225931,78.65720471209127,194.62611368729176,411.77089309619237,32.919170043364325,0.08701115485858094,0.15156756343223973,0.4942807981736852,0.6590379990332922,0.9500056812126625,36624970.23495808,21821982.307427786,83752870.9264188,281249783.10769874,763728198.3764536,38.11370630383752
0.35127604398298246,0.08501520504073828,0.06044497483224792,150.0,0.0002434857826280673,0.2541622088915097,0.8883295731498114,0.015255050540444641,0.053574537607339864,0.25,0.5400478464693709,0.8136469223995825,0.9059594149551229,1.8125446006172613e-06,0.04280013460407958,1.8694167384767944e-06,0.04376638930409199,0.0001,2.3894518912613578e-06,0.13487441176551235,8760.0,0.19819653070341958,3.534290399549939e-06,0.03026759927593056,0.008306127905431055,0.01905768201612854,6.233977344505255e-05,6.0,0.14186421349085415,0.09273455320307211,0.013877011544158858,0.010940062296656663,0.0515789006795514,0.10290613971591354,0.5928789017426571,0.018664150082233696,0.15776891540745921,0.2553603641139622,0.2,0.19549240523230504,1.679607460852152,0.028886964255036042,0.08397332440221605,0.2451304871294836,2.135932680812362,3.2493532451800955,2.0,0.44345119999172555,7.332030078141404,0.00013870171023689588,30.290541998417297,0.04766271317153811,2.8551853782383874,0.0007440844946430522,69.34640015657502,9802516.739247313,4.065873895353681,0.7632615492283823,0.07602120988471908,0.014877395274666739,0.1480086426984022,18.357536006157012,131.49203538027734,174.2307307406328,518.7217816442324,90.94890731911167,0.0687194420178466,0.08507115653534751,0.4751767482807743,0.5859406870718287,0.9328620556707965,31789571.293114543,19444387.95259922,80875487.96918029,224328861.82285944,487635056.27063084,40.59621498502319
0.06996251951618035,0.14648205431834788,0.04878666809727393,150.0,0.002746453823962028,0.30840919069201655,0.2787726387363768,0.0443233716593993,0.09671062267141058,0.25,0.5650726426771924,0.8047002841398634,0.976834623958797,2.1877074031843128e-06,0.0890094538956732,2.7079584776695133e-06,0.08793574762843281,0.0001,3.0565786311843544e-06,0.08008617718004186,8760.0,0.27004155914381706,4.513825974456684e-06,0.02276505178634062,0.024801539325236325,0.026245568871330963,9.568131330376684e-05,6.0,0.10525923327759203,0.1650254977518824,0.0012025058445820386,0.01814344069558316,0.053010925870968256,0.0795744732207204,0.4363644116108968,0.018982413626304373,0.15728194310372529,0.4327587095595731,0.2,0.1400574881890179,1.7717429083002418,0.07736444977949546,0.14431292409379742,0.26185937432340456,1.9305360047381441,2.9891285337762863,2.0,0.4077808288179606,8.186799678737609,0.00020491178117172461,12.263699120223636,0.0592119951399548,1.72740703097151,0.0009271307247683128,78.11565014290954,7823104.079518106,4.103407957624272,0.2652182221186148,0.04571571729109853,0.007656154598654742,0.11013955650223972,8.152168841624077,100.31309566132158,222.86107670774032,420.76131505352157,57.911146506050464,0.042532366455707085,0.19139104622354525,0.507709546226331,0.6756635775728905,1.0581749121628339,39243144.6483971,20951545.259109646,108633627.8200942,384100078.4808025,688259035.2640349,41.11850625784354
0.06623627022610255,0.048579333145223946,0.03746407861930466,150.0,0.002883031159220207,0.3441446675052835,0.22553718015853308,0.007495000405183202,0.02481804372164693,0.25,0.5494192589334741,0.851954063218529,0.9219065147003137,6.96012522004936e-07,0.08729253957017305,2.4131415943161467e-06,0.04757656508365761,0.0001,2.2190266208093403e-06,0.09681969789615405,8760.0,0.31093962013380083,4.419544399596068e-06,0.026021712274910618,0.012038132768168683,0.03226026847923169,5.372364712569035e-05,6.0,0.15805839883038703,0.14704498845793057,0.0010698442128615508,0.012592153511280318,0.05404644076539766,0.2011347231080938,0.35734224103633644,0.026110401821758243,0.17287624075718666,0.3049292295222429,0.2,0.2587273258817126,1.900029324891296,0.05148242338864675,0.18661228509604255,0.36117635786319224,1.968300677993415,3.478928062713456,2.0,0.42444020211403816,6.181042193492448,0.00022968860649261988,29.561443882417578,0.088255344019858,3.7926274595550304,0.0012549365292507414,62.9973420465103,8632444.964306615,4.6111395578923435,0.24293016749231489,0.04988555663656878,0.0034954527939996876,0.10005447706041151,11.05212888540537,156.38355117576774,165.24456979434825,387.8693177457956,57.655363216041266,0.0877253605292097,0.1124626064138129,0.46155481742467386,0.4397188951007435,1.0253133178232594,22292058.68329388,12129267.050456103,56812690.97364773,280973362.856625,447427528.00688374,34.86897500244533
0.09054152438400163,0.49685848400834093,0.07486767685776544,150.0,0.0023104786064741985,0.37648847846795197,0.7738214917925472,0.011257694707280065,0.003984886133754659,0.25,0.6408983193491367,0.8714406995602075,0.9774042962480395,9.691979210512344e-07,0.04496535141763474,9.377232467704127e-07,0.06013672594314266,0.0001,2.537806235587808e-06,0.1081627129915528,8760.0,0.3337335629047433,4.674905365143563e-06,0.03480773229515446,0.00529654591606291,0.023452182409537375,0.00018521814267124612,6.0,0.09065335885887983,0.08645995466601307,0.004119055060812171,0.011009861842644311,0.04369270854950079,0.14112635468302842,0.42616857178781914,0.02032084822367773,0.18854273695959248,0.3037388894243671,0.2,0.31751132272159455,1.8919295056382752,0.07468993751051912,0.1384465435852411,0.3679258311138357,1.7453593249590689,3.690417213838626,2.0,0.43677080450245914,11.274671588339084,0.00012123479355537645,39.51984995124508,0.060307498348199665,2.555300313635863,0.00041747267160219324,51.80995899236252,8434734.935320418,5.320550245094826,0.23471329968442634,0.04050517678463364,0.02988543248015574,0.12457298987087498,14.742499330567913,73.75824464267129,170.36326403328673,327.65065216427774,74.60943859943185,0.06566239459085019,0.20069584793190845,0.2977819498471527,0.5440299331046623,0.9619042769301995,31224719.9021588,19110443.616268143,80766490.89751695,174391424.03264588,523532527.0920428,43.768753733942155
0.034358662302304895,0.07614794483762051,0.030162724670427833,150.0,0.0011569193167435012,0.34313077936648084,0.22853973718722462,0.003200987777066005,0.03343802821175924,0.25,0.5294273951177378,0.861677177903699,0.9734939930951363,6.1387391247326685e-06,0.059290782207908996,2.78176541334546e-06,0.04583892607779343,0.0001,2.583112718175942e-06,0.11245053811912983,8760.0,0.40396362329882396,1.192890344118892e-06,0.02272436935706367,0.018180086627307253,0.016987631455925228,2.9599964148002778e-05,6.0,0.0778478217975773,0.10810309835385798,0.006732675626051067,0.011970292579946331,0.07522481070205497,0.11634633858589942,0.5522542998835367,0.0365391307682758,0.24524566734358516,0.2335760313867415,0.2,0.17187394535343326,2.011147920346903,0.046712307255802,0.10579373592399188,0.35637219473630094,1.6604135213979487,3.7703192010469238,2.0,0.3567223521262715,4.418089284170895,0.0002229776675088717,52.26623073835616,0.02382326520261559,3.087312684254175,0.0001843075112467918,69.45842863999964,6292349.288822168,4.35044975951062,0.2805392018415246,0.04945835369663577,0.008805823188759316,0.0640586882055881,20.875638677429745,93.3345154666751,159.13092209245514,429.98270699551273,92.88510249196861,0.05350697324828382,0.16442395485349287,0.6417599734798322,0.6552491031189054,0.9720715820004693,17490856.044931907,10645556.734132163,43070765.82218823,139273719.2780436,309947426.4640399,18.181529827817833
0.07049859321759827,0.045567095962566175,0.015021861788928947,150.0,0.0005993979333924814,0.24987732106344254,0.49353023798698115,0.019595767831767995,0.09298365088906065,0.25,0.6018146394729538,0.8239194826102446,0.9222493059991622,1.8804057637250664e-06,0.03361227705414743,1.8999873817054064e-06,0.0371900299039999,0.0001,6.513381105165855e-06,0.09577254154563182,8760.0,0.2809323463804594,3.625246506803014e-06,0.0316285004247242,0.011581720046675735,0.012548830189428905,7.331026706771458e-05,6.0,0.10965218657633219,0.11039906186413316,0.00323949278879949,0.014867125531171269,0.04026367102618536,0.10055033373697869,0.5401001617254056,0.03377824713578293,0.1325750867986732,0.32295199538110775,0.2,0.16743725602342452,2.3554060829411236,0.07689043636926618,0.109320125404896,0.3585487302572187,1.5555963742536143,3.542640120964979,2.0,0.3969153440778093,9.183528509139336,0.00013959653940244447,26.807319088687954,0.0339617080952556,2.9571090044040744,0.0007950746206799075,59.94732961039923,12295057.962808212,4.621284702215174,0.5324575941129324,0.07865322249669761,0.012653418181707843,0.10589626593997581,16.643479606539124,109.68451413949813,232.64318152709393,368.2611284885144,37.69230838817003,0.050818683971928694,0.0848926760548964,0.5472559446730672,0.6859879870944783,0.9308601729402114,27581191.736351028,13997974.74211527,73946530.30259128,261803712.53852654,587420475.8485565,30.632525297991762
0.018991411865060943,0.1250586683861971,0.0353522628985141,150.0,0.004070398578021648,0.20449690774971038,2.064324867792299,0.012621503462384854,0.02294555782863877,0.25,0.6247178660570327,0.8206726562930193,0.931563830070776,6.423171729329677e-07,0.07956393060728703,2.1045728926945218e-06,0.051428174107835886,0.0001,2.7869919913506734e-06,0.1035792003191213,8760.0,0.28424463653780563,1.7033344239333438e-06,0.0311960874572209,0.024414904382245837,0.02411758301165366,3.546635232226572e-05,6.0,0.128316830996559,0.13639321203616028,0.028116059847202196,0.017802165949308765,0.053158805130915074,0.16248128004889284,0.4398145311601912,0.03909141715545449,0.14017715857868424,0.3266251419203029,0.2,0.153630199988807,1.6923871074079204,0.08326527432375563,0.08596095162077283,0.21803480661675287,1.5991103078429496,4.017396384385461,2.0,0.4794252132263942,6.414904363657497,0.0002797802436276223,28.26558914554198,0.0575329650690633,2.756466917788644,0.0016458464806013247,71.93645174336694,6457384.3657312505,4.725749194699795,0.13088037900694624,0.032857160390932755,0.009546985773807526,0.11954779890900896,14.55730302365601,97.26275465761583,247.06584433802408,470.4129825981688,52.816841325224544,0.08716112770422027,0.1621862362048082,0.48021640748444905,0.38500483232007293,0.9675846529531646,18306046.189205933,9005726.18895448,68111150.60790019,182406762.724608,315244054.1167874,47.17871549941141
0.16326276365081996,0.05241910399406066,0.09243718077392321,150.0,0.0046368009702096894,0.28446529929744063,0.47116698835860654,0.028270471866323445,0.014789783803093313,0.25,0.5254693923866111,0.8504534652049185,0.9337443392551585,9.890703863826473e-07,0.043710669094879154,9.047955981966638e-07,0.051552173689784486,0.0001,2.7743892003277114e-06,0.11016641075932197,8760.0,0.27682202789081395,2.3111452749798396e-06,0.02254485112834678,0.009488835292664062,0.02454281821463471,1.7969073947613722e-05,6.0,0.13920155924244498,0.10125122545418422,0.00029721928356418785,0.011245339930952787,0.053790281735236395,0.10066295343810092,0.42058062598907653,0.013812642333985178,0.12791183114625518,0.31371524477528423,0.2,0.20909769162313846,2.790386818773853,0.042225916712026086,0.11419850123346692,0.35897700459028475,1.3317881956320428,3.4649829203050704,2.0,0.4296345008843687,4.971546050753963,0.00018369674634786674,46.065084106677205,0.05588568336128388,2.334067480172347,0.0006016735206881077,29.78338432835573,7083825.631924382,4.667824042432588,0.5119674518399501,0.046468805535691646,0.006791073923079049,0.12157773440266559,22.265947380393428,115.65538781960015,164.21225701189414,403.32994182705465,55.33971488040744,0.06542937337194757,0.1707600395492589,0.4266408613671788,0.6138259557488901,1.0254310891559888,26902673.540902983,17264037.88430242,76059024.79160464,196604365.4389464,321213016.33844334,33.262839794707375
0.15751252937280627,0.22278837747726607,0.08736179733008435,150.0,0.0011243728080644391,0.3699982122984432,0.2057664604077467,0.006045923689658116,0.010554204118630645,0.25,0.5899762464820206,0.7988558757301785,0.9325050254445465,1.964062952172761e-06,0.05320230095381462,5.73899605590613e-07,0.06938790702354146,0.0001,2.0605709334885307e-05,0.09081464794375779,8760.0,0.2930515786251544,3.998286844564705e-06,0.028439332797797583,0.008236887014721537,0.02109696526642922,5.6334163066744325e-05,6.0,0.13775217025046438,0.13350026341330112,0.004875841138358793,0.01130845812472249,0.059028907320887114,0.13766838838611994,0.4107710999856887,0.03368111092191089,0.12340856529917699,0.30187642432269074,0.2,0.2724769681168151,2.4088403679484043,0.06260058672235173,0.1333503339420166,0.3496886754464482,1.9056422049827009,3.1604048584623907,2.0,0.45417838255051723,8.619704924149138,0.00017584571925829186,17.802512920133758,0.04106092802501689,2.7498966144450403,0.00026771757556316657,48.984878612900744,9873212.522491697,4.564845008436158,0.6637596771491351,0.05314518845112526,0.010219813807714731,0.12371652603348741,26.710958746858147,155.60799187039052,149.65337044475373,521.9755479076921,62.86660943018888,0.08395203750883425,0.17806610441654463,0.37765016785047695,0.45926070529191587,0.8995015191379098,23431808.81200467,16573138.932062466,56326449.657648034,136003699.3224575,286265215.21040565,36.30760376536012
0.025075697307996254,0.24539252693937263,0.08539317328164955,150.0,0.0015820557417836765,0.39210233635257896,0.4655106852147709,0.031938164264044284,0.0249737562599055,0.25,0.6014178373597974,0.8831458798310552,0.93297167502394,5.614543624288589e-07,0.043619640537617826,9.655747132444465e-07,0.053870379734630686,0.0001,2.554177002306818e-06,0.1064337868241092,8760.0,0.277638921997735,4.402651143474206e-06,0.023681836421435086,0.0163350512399244,0.027620469347934738,5.249163717259548e-05,6.0,0.13870566617468394,0.135528158742672,0.002482498815794916,0.01058346172661256,0.030376324891972332,0.20400316313469857,0.46427933185383335,0.02530189536016769,0.10656909212811354,0.40052892991610667,0.2,0.19925007193545846,2.5120127863209647,0.050342329819543924,0.1838476069762724,0.42055142584150773,1.9048638920279402,2.8507657263975887,2.0,0.3390362851977773,5.267218514463066,0.0002911537596860856,13.240572908970462,0.09229677017078572,3.1094940247412644,0.00042760753084355974,53.68374992004086,8376892.235648932,4.298950873568613,0.39214498408660314,0.08754868267194117,0.0046833958877411435,0.1244446329490561,21.013470148538172,97.05226937933492,151.4218900799887,375.2686004591959,42.92182287310511,0.09397216409928191,0.18200470791325635,0.6178949819131005,0.49409039388392006,0.9526068924519845,20891719.31489831,13965813.585784514,53941830.27360134,142027639.47824156,291291044.1656712,30.939088406320494
0.11826007882639818,0.14610764379041016,0.14572247403048738,150.0,0.003963546808130905,0.1788880874632692,0.23552325121789006,0.0054308297341738995,0.03150940387323793,0.25,0.6630832044070814,0.8551920335879891,0.9495587375576712,1.4896004177984533e-06,0.04591541725335645,4.9865080181265684e-06,0.052797428409363634,0.0001,2.1716249161998357e-06,0.10268423409179249,8760.0,0.4587641265266291,1.6497100403323328e-06,0.021346367788721003,0.011418856089626379,0.03609741666519221,4.435896107109594e-05,6.0,0.15612764311890875,0.08184812839784864,0.004767099261277478,0.009113858141892327,0.04334913407361221,0.1961951957562979,0.5013994038567628,0.04031789546759804,0.16219288400300236,0.28191584385928414,0.2,0.15550117664039692,2.323062594865079,0.08097045467615974,0.2069327563100649,0.40963528535007665,2.036172865590149,3.8364507278109015,2.0,0.35438692307098046,12.137702920432137,0.00013513600123095086,63.43084844345261,0.07421772028325566,2.3460430261208205,0.0002767300521798771,51.05209482917802,12115913.063222634,4.735746465674074,0.5968833074279923,0.04464931132147558,0.013976851873329704,0.15695184328037864,19.259982843833367,69.39882447155125,128.95791524099135,461.06850254031923,80.91098304287581,0.05967478669767355,0.12368141984520183,0.5879244866173284,0.6804519625282508,1.0496396315990586,30018286.337125283,21992662.240962252,79119408.763986,160656923.79908377,276495368.79644257,29.735499533763367
0.2872642548544377,0.05855395564365096,0.11607445744063703,150.0,0.00041466565222474046,0.28696235644804774,0.44364716438923474,0.030803521565470116,0.05747395059131671,0.25,0.5190141218698172,0.8165312756609803,0.9659579595173817,2.4001551363865373e-06,0.06208168804457806,1.0664722807332977e-06,0.08613289094809821,0.0001,3.1957177626525843e-06,0.06729272339721436,8760.0,0.1837745493423475,4.455847492528642e-06,0.02632273764033915,0.016041960986391147,0.030199445098138274,4.490884663311274e-05,6.0,0.17037756174102892,0.103204666338055,0.0010022074395966965,0.011781308615208066,0.05473301163886092,0.12644747286901215,0.5840152690471402,0.04182292813601438,0.17850533505802582,0.3468832182089241,0.2,0.2473322930894855,1.762921402739061,0.05359244066403729,0.10443974729467122,0.2790524848209194,1.7395642524099482,3.6865505490667956,2.0,0.4550818239327329,9.065678320186807,0.00023766894971552,24.827160174031874,0.0657656793952138,2.900627149456066,0.00023793864515119273,68.62304226245698,13659713.375623569,4.381506750409258,0.4078085827291597,0.07058834293205286,0.005185173171604626,0.11637073611550809,13.652029675894468,109.47864118527556,239.22217949720144,380.7433900284956,87.50802076945367,0.05876978631943425,0.1894207080820024,0.4826235422298061,0.7620404795141649,1.008390673207314,33931052.24486555,22578778.164825536,93874663.69200443,222125475.937355,394846719.051043,32.800098254872566
0.16024774587647742,0.136802150706775,0.019948107273227968,150.0,0.0007812192461301469,0.38908000971191936,1.5553920725808001,0.020959556896954133,0.07963552746337196,0.25,0.5137617114219806,0.8232371801394581,0.9644074129876641,9.373819682958006e-07,0.0767709735172385,1.769486254324834e-06,0.04308030901017654,0.0001,1.211111180444827e-06,0.11798785336223165,8760.0,0.26157051768134787,5.837824565508382e-06,0.03208159030874116,0.010654368295875086,0.02251981612596407,1.9429644255895692e-05,6.0,0.09341626389594504,0.08393917212328075,0.006323971857216672,0.012659805806157928,0.04623038710609621,0.21036525970783543,0.40573713127421,0.022660872761627485,0.20572175246050728,0.4231292753673844,0.2,0.12968467141962361,2.215222850045846,0.02946746536246108,0.19487121995667372,0.33726547446998634,1.6174292997966162,3.7467055880492097,2.0,0.3508064366845779,4.943785543961436,0.0002754377948958241,21.932432200987634,0.03928154618955237,2.299077647378592,0.00112627110757201,42.95910986416338,7685476.665086964,4.01159782005768,0.28857445366899037,0.035641817805752256,0.004062397003609797,0.11220766402733211,15.477332404079283,69.30748944019894,160.80630284476476,521.1078750307855,74.19837586896199,0.06784267372344845,0.1154224457993939,0.4336967329230897,0.5755125205112344,1.0002037195874907,22610777.569403116,13411630.676497879,57411223.94763027,176231524.8427836,419214984.51584023,29.338453773157624
0.05490072486543029,0.11121610190033396,0.05174386975087102,150.0,0.0010119802489810597,0.28108599540290596,0.45634591451684803,0.009402329261047079,0.05679568497934992,0.25,0.467678484252962,0.8269577269073345,0.9444007729924094,3.3780485769454625e-06,0.06127855652396806,2.1267539735826468e-06,0.09369029738212804,0.0001,3.3438392874726583e-06,0.0865353433090179,8760.0,0.24102666301427375,7.426162379928148e-07,0.027862168289071586,0.021055719599407576,0.02669182191350003,0.00010306264594462473,6.0,0.09534935895622462,0.10338572339436866,0.012946026583206843,0.013356551604102044,0.052064385969470606,0.19156350970246755,0.46047147481305206,0.017679201018058213,0.13082207439988108,0.252772320668476,0.2,0.20468082947196264,2.048485504236081,0.08233171209093021,0.10653516302971926,0.2777644667254964,1.5732396611025723,4.073300580137682,2.0,0.3670794815600089,3.7252084775176293,0.00041827044174586996,44.924730496137386,0.03939256695505375,2.3777687324978762,0.00011070734359204766,39.678814506840666,10145288.398498792,4.093401234772221,0.33309794038504975,0.03189341358150146,0.0046175812546951365,0.18398986854255284,20.65240226766774,91.34199496471425,223.46739065777595,406.4076505798486,55.902964323272016,0.0990221585188125,0.14154533449773754,0.49483344857942363,0.5075111165942732,0.9694015077092257,16516436.224199606,11180638.316759814,38197049.044746585,132595137.64913283,239893812.25123945,23.50634931467396
0.10002716582376449,0.08352934277317514,0.028624606041391505,150.0,0.00038811310259734906,0.2956004950703376,0.1672830057302379,0.008902893153484314,0.12023991805454391,0.25,0.606087161227358,0.8524954301399661,0.9623985804811905,8.144755415235749e-07,0.06843740054272873,2.461443234466045e-06,0.08273521886412546,0.0001,5.993082109274928e-06,0.10514667383100018,8760.0,0.24216142984470054,6.600144891433695e-06,0.027735203888176973,0.009266154518101996,0.012834254034980997,5.566823188681647e-05,6.0,0.09579159916626082,0.16751580324344117,0.012596273835651374,0.00885641279928423,0.0680207076083975,0.10832544716348469,0.5174818737256676,0.02552443959401228,0.1573603250956888,0.3454102167106312,0.2,0.21766114118447705,2.419358627590597,0.053068398698335476,0.1598624926410338,0.23896679785182293,1.4479572430534966,4.464086162126755,2.0,0.41736721077624234,7.4308465589364125,0.0001852928579359252,67.04252714939159,0.051936073569271435,3.439324230864467,0.0006193063871554724,45.1198893585868,7068974.147298092,3.811677511398534,0.3529768797587782,0.05949210778275785,0.004093233104717499,0.16686271224494897,22.955876641258055,98.4066396317744,244.7460625262522,567.8352899435699,108.35453250585951,0.07505180137143438,0.13278959385599726,0.49936833117328927,0.5976722764095341,0.9747609535061657,19388060.161682066,11350454.51402,55687453.789874256,153776351.35302123,256589127.54142746,25.231861329656166
0.18215223076822595,0.0652953081753621,0.04599095925115222,150.0,0.0015318657685946529,0.26116094484326935,0.32096764857196003,0.008196321157351335,0.010712718709550867,0.25,0.7086840310765093,0.8141144285710878,0.9635628638386403,1.2435437210432685e-06,0.0716157109113405,1.7382864672349012e-06,0.04178180100731908,0.0001,1.0464093455606346e-06,0.08677887453496014,8760.0,0.4313668003666732,4.527701492064949e-06,0.02455952922105677,0.014138534701000714,0.03970113300084655,4.162178473860711e-05,6.0,0.16755730015475273,0.09457167392190041,0.004305082705366615,0.019239303417129188,0.04353544497917191,0.22000985934762027,0.36234427937924474,0.043251399744560874,0.18163749176472335,0.20211864477340327,0.2,0.20565155043819439,2.0234443003013105,0.06807160240444443,0.12081003600080556,0.2829921233904217,1.6557724453208573,3.673058010443693,2.0,0.4124889637852753,5.560967921901701,0.00012704342900826288,15.420363239130173,0.06486778426436467,3.0145319783454916,0.0007298016635594267,64.77732324964579,7992907.316278511,4.378928230558041,0.32830558554027656,0.048185989191944355,0.00902817579493964,0.131885189388885,15.278978747171692,166.4312078812684,94.14367599902006,354.93774608395256,91.58677298371552,0.05202527312750683,0.08663063659021536,0.5671725921124918,0.5290793091415072,0.8870805709526752,16131196.073551841,9940971.54457523,41144489.61086021,149613173.5654574,260790561.94796243,23.74765587050575
0.07153781487767999,0.19889039999723684,0.13352681086733084,150.0,0.0006302914086897102,0.3488330139332352,0.7413479768333356,0.0060907278138230036,0.061336515293591076,0.25,0.4163483897800104,0.7971695818471846,0.9566443346876025,1.7770290103282866e-06,0.032108600637074505,4.658663600946523e-06,0.06186890859066638,0.0001,4.356584226917297e-06,0.08279848064475992,8760.0,0.37914723447128773,2.0178265213236055e-06,0.03170274057205562,0.016176038252217674,0.01777168610826639,1.4117649398574473e-05,6.0,0.1848883987474152,0.09553956018877138,0.0036288984988156357,0.014384497277481163,0.06562596024759704,0.21768478347738424,0.5110427699155016,0.04860093441457564,0.13606732860857634,0.2049515717473605,0.2,0.2201553060968784,2.5351995635436455,0.056411675172746076,0.12454750796795795,0.38383652504410115,1.6902658387647964,3.8965629760435694,2.0,0.415345331387076,6.670938280686402,0.000198234843248785,26.903337462576545,0.058001943041425405,2.6031600040495113,0.001003300100024461,58.73749641746818,10814683.777119944,5.19961981845061,0.6505806113904226,0.07769485174450728,0.014982353365317842,0.0940847503512326,25.30858211483957,99.30739543429084,187.60826337052578,336.5841403862642,100.94497547744412,0.07378101232337778,0.07237880023431775,0.575688438589431,0.49050662910148535,0.9044682248967134,26825586.610598646,15107694.442580234,77998911.77925418,284710684.5082747,402693017.3099968,48.01639805483368
0.048644458262711104,0.08145880425961784,0.015891125322465935,150.0,0.0008009318952202669,0.42798767207166677,0.9549982893865682,0.007795191655074651,0.08161951852443454,0.25,0.5789556225028138,0.7635656663784444,0.9332093540040869,4.040673044776122e-06,0.08976741593044757,8.139709425413683e-07,0.028452763601418005,0.0001,2.4849884407790746e-06,0.09604906873090968,8760.0,0.25429529188325595,1.4598854433354045e-06,0.02819614112627143,0.013620318873502315,0.015638614633939646,3.0277161878985505e-05,6.0,0.109050113329317,0.11499644515262801,0.003846563226555519,0.011448814242526426,0.04706760719309709,0.120145348166977,0.4491416847478955,0.024541932454176192,0.12419588019583201,0.37347706407679365,0.2,0.20588866092788882,2.5987763526479046,0.05324423329879313,0.13800567177277595,0.38920371964955436,1.3584884878249979,3.519661416773185,2.0,0.3918206668960301,8.164686122418335,8.087402610950797e-05,19.75549699616083,0.0503367102049334,1.4498181816562976,0.00018350204984490977,79.63282165304734,10450447.823464155,3.447659998532246,0.43305700259891533,0.059758281348527384,0.022455093401885402,0.08584528051818577,9.17841277023215,172.62654852382786,138.65004029155574,367.90672762623007,95.8476338070278,0.050952380801553177,0.10419764142449964,0.42993819144724355,0.6379427765008729,0.960196190579555,20182466.771147963,11150763.937204096,50944502.58476827,180434717.49240634,365229879.4426278,24.314769269709608
0.03301004470883675,0.09432587814679921,0.04030301625601196,150.0,0.0026315674840223778,0.2765972345651585,0.41515429553280603,0.03416306603375454,0.029097877037419603,0.25,0.5332128943242931,0.8352392404622314,0.9752112193158284,1.279611983431201e-06,0.05947576523225098,3.614845989192089e-06,0.08081164789336912,0.0001,2.4030233631604986e-06,0.08939799660048295,8760.0,0.28919898666092286,1.889628199850241e-06,0.029997647714095785,0.010565836371208575,0.028369244352447823,6.32983251581859e-05,6.0,0.13368761434699505,0.11338864035040234,0.00520367976591914,0.013658205562304463,0.031539240981064504,0.14489013054427946,0.39541625264790004,0.0216633037425525,0.18907791979241959,0.28779960088456735,0.2,0.12801144780431606,1.8606531710174736,0.061541322745670465,0.17467899338520199,0.2555534122447193,1.5932261838968227,3.3053808257994026,2.0,0.4059470249649161,9.142126260415502,0.0002979542235065023,23.47824931272977,0.03592879919971567,2.164910418042668,0.00020710481203677056,40.432917434246804,11170473.211621521,5.238759719731131,0.4952872812589484,0.07330485005588647,0.028052846845984743,0.1136148821327783,15.256759036273605,67.40456709756528,128.8373006338997,551.0186875183289,53.17290750987203,0.09426198651266864,0.06720697776491248,0.3750840133299066,0.4623081034522134,0.9523393556449379,17994586.93860193,12891763.397098456,48717950.50334267,91262626.77292314,149748652.1068378,27.68124387651516
0.049526285042375065,0.07427924464749186,0.03796284058622457,150.0,0.003983368839875341,0.30762020985622085,0.6149212979373351,0.031497340370442245,0.04534322291056097,0.25,0.4621579984227065,0.8745285487091735,0.9209639143107167,1.2512577597560438e-06,0.0791452048328437,5.210246363134904e-06,0.048465223571240876,0.0001,1.8654306777454595e-06,0.09910184033800004,8760.0,0.22339273204386667,6.1875790993035406e-06,0.027014282226620095,0.009226363652248356,0.03735286126147426,1.763990585058499e-05,6.0,0.11070496689586398,0.13960842668366125,0.007283336073907423,0.0155521884502344,0.03195755432235181,0.14021417103054493,0.5185932590275542,0.017122372147247412,0.12231393410223516,0.28247436659965264,0.2,0.19320308305447528,2.0353182156194563,0.0658698830087329,0.15290330286068043,0.3018930898093657,1.5484876667338006,3.4118346207424075,2.0,0.4439571558689543,6.547884299435227,0.00010752750313793937,36.47188552170415,0.04248457434785666,1.558839673263286,0.00035251151213002953,55.799926517904375,13731229.916874355,3.877810936770566,0.5536296775062752,0.06634660774179621,0.007924876005270318,0.1159622196048858,22.896403154661634,160.64766417299114,212.47588253706715,387.1639692955346,69.40808787469832,0.054088290337916574,0.1221003268808096,0.6141219186614302,0.649928774123693,0.9738318293160331,26395471.116880357,16330286.36058742,63144396.42017504,186266930.83362302,480840305.945817,29.362499435650786
0.09301142976142197,0.10064730260344168,0.05565783078306438,150.0,0.0030013934129094894,0.40556306522284313,0.24846736694369104,0.007851611692495722,0.03858473607368933,0.25,0.6952086662913127,0.8253405722244257,0.9359966671501961,1.1054923028560008e-06,0.046197585835445656,3.7292597104024658e-06,0.04606566967628443,0.0001,2.0835786142298674e-06,0.10692604473302769,8760.0,0.2592967986320819,2.675702820844882e-06,0.022147367538529337,0.01500038622300456,0.02439432531528412,2.293339872431536e-05,6.0,0.11454218618499791,0.08774289349938222,0.0006487067195313192,0.014817969764644622,0.05830108842151062,0.10717104661132865,0.3816473001517517,0.021425259262296898,0.2144830326913335,0.32212544724004216,0.2,0.21687045699028956,2.269243595520063,0.07513974160356339,0.11013096801975539,0.34865939128147844,1.2705158324019168,3.7500256292062795,2.0,0.4209339295082564,6.830327676462389,0.00012335980545956983,33.77626790016807,0.09310512189357814,2.00644457765931,0.0005605398858774073,48.41480214363811,11013009.337049514,4.699100564818973,0.7778943782876768,0.05003671562896044,0.01766962564159175,0.09350430210723042,14.430435940328982,86.51287771703082,139.54416960386746,386.8280873291187,82.39666530408321,0.03981910455487443,0.11297889885998103,0.39965879277858285,0.602002636124972,1.0187072249623277,27336930.48593303,18351646.35127134,63760470.30565566,152475488.87591648,450741521.4654106,29.42774347210264
0.19693081671595233,0.1871752972536139,0.09070973493264095,150.0,0.0037510468012442455,0.3051352253781985,0.5362546139962802,0.010248088697169989,0.01766111884360314,0.25,0.6423839634597499,0.8484503821746244,0.9615697658727488,9.96825812817085e-07,0.047310945886754774,1.420786684578835e-06,0.03484834912591321,0.0001,1.1549218548551175e-06,0.0910242346125434,8760.0,0.1867083247017884,4.933064387327648e-06,0.03116334235937521,0.012843731585323244,0.016690208423283802,3.421864881504903e-05,6.0,0.09639749917031282,0.1316494134155966,0.0186829533048675,0.012219931843521336,0.07192003462075236,0.0829911752477146,0.3947179600284969,0.04295318385711145,0.15673273164736495,0.20629039038974306,0.2,0.257953019367138,1.6551135575728833,0.022388867059631924,0.22188589773421624,0.4629664250567761,1.7688281396184902,3.8955285679506564,2.0,0.4020858565435634,6.234238568942122,0.00011841592436630493,58.055484433742805,0.043935980395543965,1.8073906484248374,0.000503374715418842,80.84518742373078,11885599.04587768,4.952715685067641,0.40251307953406085,0.09194473405226604,0.04205434856869327,0.14029625598712386,19.132495931179513,134.0194208282362,134.45232438129304,385.57374586891734,53.01059891912452,0.06654696986536549,0.16423303876326625,0.46872003891068,0.5559434494389779,0.9665213975391891,25741399.79654943,16393080.089530442,68260434.14170435,220677347.21228018,316372304.6127038,35.59812118040515
0.102004635138404,0.1076591610899961,0.05879764465648488,150.0,0.005939944110152509,0.29520332289334517,0.16203138110698337,0.014455865798130286,0.10893858848000194,0.25,0.48593245154994474,0.8460477541689265,0.9397548175817002,2.7551462081387825e-06,0.04959110600309255,1.504633518569197e-06,0.050263210488396576,0.0001,6.864202705296363e-07,0.08172831044846583,8760.0,0.30233920843693884,3.683468802965756e-06,0.02721884367032878,0.009774516135424372,0.024544490897350786,6.139093403837515e-05,6.0,0.1755769570762447,0.12130216952189428,0.0016247768263077927,0.01623559557019735,0.06203681109172848,0.1254597030956061,0.5246964870118394,0.041276903513851736,0.1266645694593684,0.3714878697208095,0.2,0.17074026757201427,2.124900903434635,0.0721649641272868,0.12211936925355443,0.2781984627288372,1.6855524191568878,4.27967735921807,2.0,0.3067585678299942,6.323496705625832,8.578089182403822e-05,37.673439956783085,0.08214699336632408,1.5823938355221114,0.0002573318390130171,41.790729708385776,9619038.213544976,4.603583754168546,0.3508802300677915,0.05665038921824761,0.053698762333003185,0.0930286602435477,10.958726058966505,147.4068420454401,125.58098262709395,364.98230131693583,61.242988996170105,0.06492497112840508,0.14240514678534205,0.3636887123032018,0.5004436052250776,1.0212739727302727,26119734.70656381,13621978.594518121,58772571.00314101,303341917.0275424,622683633.2394488,29.975857355328426
0.09371984947269363,0.11096972120067561,0.018121546400715446,150.0,0.000310344777082125,0.359403638752286,0.5409079526954562,0.010830646523403344,0.09046092796395971,0.25,0.5024778046887786,0.8844132152217522,0.9378051210355292,5.142422300697606e-07,0.04698795785455058,1.6740310074145256e-06,0.05640471658271835,0.0001,1.5532156868420176e-06,0.06961144318768292,8760.0,0.3937901751455074,3.2192612822808263e-06,0.02407980049639258,0.018254056483028507,0.048831508814443425,4.5020731151154336e-05,6.0,0.06688639073237915,0.07990282709091431,0.0042330583327679985,0.01081215971585113,0.05947702550265864,0.08062501364851178,0.6387734171123972,0.047600869543113294,0.13054757044310003,0.3360443667620505,0.2,0.2076720642360848,2.220664767702121,0.0930911050629997,0.16819182673410663,0.46538631316552237,1.38897600799528,2.83791311046621,2.0,0.3648573398731987,6.264241995387324,8.782466392842988e-05,28.730049000954978,0.04446802083214527,1.9107622372958082,0.000374120769430386,45.90807908633809,6209340.649411151,4.9874041257840185,0.36731884538979664,0.05320716048555997,0.02677440081240528,0.12862823026365677,22.502665651277894,88.24277999681047,171.61483915861197,304.89696200015635,78.03999991264223,0.08349138032999145,0.12654649066889034,0.3938678703116789,0.426518754965446,1.0373809409620727,17509766.396618713,11008457.263533633,46010350.39594478,139155996.0977867,285326291.82608616,24.7899120451304
0.04906604384918204,0.09745027639778153,0.09161976139984811,150.0,0.0004347320246750933,0.32303148225196254,0.7859135557890189,0.01088183807643927,0.04502209133724465,0.25,0.6034600941957622,0.8169775199526309,0.9716345642785025,1.2676398140752153e-05,0.052932522463049164,1.3560628039774429e-06,0.033543186673917584,0.0001,3.960696889962381e-06,0.12782889553519589,8760.0,0.2870302513060087,1.2401161024585019e-06,0.02491243568704647,0.006029754221589357,0.01745125467930846,0.00011975801181811292,6.0,0.13793196331830176,0.07509114336535377,0.005035850205007019,0.006177732990426683,0.05954515505787708,0.21587768201160015,0.5933560545495856,0.022928856540147948,0.17104909772317578,0.34073294249721664,0.2,0.18126512074465412,1.9173120225061977,0.04468880897205654,0.0766266069458695,0.37532663816678047,1.541664541677949,3.820049839285886,2.0,0.4042754809901828,7.055576292523568,0.00016841250831657037,32.93972037833097,0.07620976957744773,2.4164546854469577,0.0011081877182604432,59.60855956261526,12236306.411022084,5.13568352150709,0.3680705315347568,0.08643104616155475,0.0053446946213163895,0.07737203639851406,18.226595514404668,78.87105541684411,167.03972058417523,493.77928376708746,84.7147465397978,0.08593775913426939,0.1319147938423997,0.4231426954726243,0.4067253756922018,0.9100701085723247,15734579.900328476,9445012.320044976,42542935.106967635,145544381.1221937,192837468.11732605,31.21431877488611
0.06174607959852165,0.07737324810507656,0.08899327896091214,150.0,3.063039862723695e-05,0.2715043494268763,0.6565819267477867,0.008467814552435093,0.1745272401164173,0.25,0.6469784840888944,0.8506656392216161,0.9352756811718017,9.505277029890419e-07,0.055547838781192974,1.428834610066323e-06,0.05672302875696457,0.0001,3.0903909387346537e-06,0.08535597698231809,8760.0,0.18890538234953003,3.286946840487661e-06,0.03505075597744943,0.015523393945418393,0.029970287333459807,4.1039762832921936e-05,6.0,0.08473240724660788,0.10759328890001571,0.002565153477700738,0.009966855126803172,0.042504853738072654,0.1339433686652331,0.45170238986243033,0.02875817601375554,0.1315444797337917,0.23852212403812925,0.2,0.2666548938587512,1.8874795935041113,0.055242820408676965,0.18537526341882715,0.3192246605239053,1.7238384238869653,3.999054496345966,2.0,0.4326024623461691,8.754783611388266,8.488505011933967e-05,12.900791940364819,0.049059929454945424,3.212815324190631,0.0007804231320557302,41.58328796695049,12081696.582037056,5.884434746944793,0.5394702961765028,0.057443299820784055,0.009320035707157176,0.13610592122807819,15.626102218060552,69.99111786432903,123.91864985274833,335.53797212746724,85.64005447325235,0.04528703007770117,0.12784131428301276,0.5786989891540847,0.517043143242738,0.9812974962633048,18347168.333041396,12359400.256962024,55520354.57641929,101483493.57803327,172394305.50197592,28.096747924505184
0.046632486980770306,0.29512352087825794,0.01686792613203385,150.0,0.0025087186521684105,0.3544383928100884,0.40582181278761353,0.015596216814899396,0.15016215378619882,0.25,0.5376898912339398,0.8300692525705486,0.9373526385627915,3.191451982223354e-06,0.062391847692439384,2.497869054110227e-06,0.04478362386457997,0.0001,6.54707606726169e-07,0.08816708737941392,8760.0,0.4564360866712188,5.269118094681408e-06,0.026282965204511028,0.00716329487521839,0.03298354167900396,0.00012498333240673474,6.0,0.08111419577882834,0.08967516211595422,0.004899382182761119,0.012273281788883022,0.0445856123293983,0.08336929690161313,0.5565912391349339,0.01863381911458465,0.18453135466919124,0.3778584654770466,0.2,0.2022226431107343,2.2589843046981013,0.05133576671216118,0.2241434781757185,0.36011980208984373,1.5472703752671089,3.5849090586518186,2.0,0.4811518619864666,7.604016577108375,0.0001113810942445062,22.642042070657155,0.06080669715537278,3.410009920605839,0.0004059539467837957,51.83480386422363,6889928.368741421,3.9319614493116863,0.268254597131476,0.04591939802368758,0.00947723168427033,0.10457595253914231,14.313444370027545,124.51006620953872,136.24947211723773,465.85775648993285,58.26476023978725,0.10906814488475956,0.14372060084129124,0.4445550827229519,0.5417565109977863,0.9965280006878999,27985058.13179108,15375731.434425192,59438838.768020034,252673732.57676318,673177887.4681451,30.373858345298267
0.10617090260674193,0.051789968740803806,0.04728620518356047,150.0,0.003638614412395306,0.3205974124863019,0.869876775835684,0.0025713209327607746,0.027503107550330655,0.25,0.5798155689684901,0.8128661254205609,0.957368409878006,3.3162488269519867e-06,0.04214741298839014,2.391236117535229e-06,0.08070284462539438,0.0001,4.5192641792549856e-06,0.08845770349136528,8760.0,0.3195181119819501,2.035226200268074e-06,0.02801364680367032,0.01244312506070215,0.03976496520840943,8.739703621711423e-05,6.0,0.05454049268747381,0.1070891586088204,0.0009411973072373822,0.00932957026261513,0.037913860853938844,0.1552771307413831,0.46238534538751075,0.02505030198784155,0.12547412161786844,0.4415808730048276,0.2,0.129249261726673,2.1593535491379483,0.05707740009188929,0.15712966213883878,0.2955003250471434,1.4730845797671268,4.250698709087171,2.0,0.340585199031349,10.60474625936024,0.00016810389187254805,19.08524699085361,0.028244218298774375,2.2402478083971236,0.0009409677172443907,71.28839207760458,9225551.230070096,4.601550056236899,0.5871463874868852,0.04319737662756413,0.012176623614952127,0.09734394860889567,25.620937823244212,78.32571218021707,220.5058610994696,402.6091143488162,63.52229457093366,0.06901314519793285,0.1181523153418549,0.46247209345795925,0.6176067338372178,1.0841192756687863,30291430.664102104,16883950.322272062,88328343.75993164,274714958.62795645,431532157.8168968,38.0582333870443
0.062266333199217795,0.023109385112674977,0.08431224858780301,150.0,0.0006624280311765135,0.20806179159024618,1.9987626992370349,0.005043825081449429,0.07666167115686223,0.25,0.5712253931349685,0.7675815177297534,0.9598918780950155,3.5365732493164824e-06,0.044111979528158735,1.2471459560957812e-06,0.04156740675061574,0.0001,1.5347346336530902e-06,0.12402389624735428,8760.0,0.3547982810909368,6.528129237068096e-06,0.026899505607784608,0.01305971428917214,0.02578335429486575,2.9990169819504598e-05,6.0,0.06391369914671795,0.09055275673374924,0.0011244370382900643,0.009774526463839263,0.059109078877604485,0.12025975860670465,0.39691360041389806,0.01841233110127652,0.10312400689350543,0.34742892197191955,0.2,0.2606691075278369,1.5454927298628947,0.06945906495416336,0.11346486540438419,0.240688895948748,1.6354405969665269,4.022285296053122,2.0,0.29486669405157934,12.285241782732015,0.00011422485786262372,21.12425438429188,0.06098496408564008,1.4749800239628752,0.00041528251334785554,64.24304375751511,8200147.244478004,4.570102638081697,0.7173114876256586,0.03749647546493563,0.022824639079491428,0.15142313105804883,17.996275805461632,93.52850143267824,238.14875135974208,301.66874360696005,53.831816848766614,0.08813714819977359,0.18767539308992834,0.3171672352273267,0.6905440235340068,0.9412487234060729,25731837.92474476,14579578.564475149,68291076.1609719,236298782.7150899,435606455.0122487,28.8432041222324
0.11616800951004554,0.055419036566650565,0.029419585878368057,150.0,0.0008087547930417139,0.23098863255403979,0.8806246327608419,0.0177731373525327,0.013520525561240794,0.25,0.6213812328653764,0.8523751164236493,0.9410480308409332,4.607999163508122e-07,0.0631621312531222,6.473599671272111e-07,0.041056563064574975,0.0001,2.2345476708479845e-06,0.09041913298087753,8760.0,0.33907470892708824,3.6504857087880285e-06,0.022477823590090453,0.011028317902432094,0.03543570588287713,6.187215717623213e-05,6.0,0.12443233055415917,0.12380941372383679,0.0007791068728866577,0.01829064441070156,0.03409896837456244,0.1846962141311661,0.612479395549204,0.029365108472669647,0.1752660806126487,0.2857314329821754,0.2,0.3055196367091224,1.955954465302518,0.05593275079445677,0.13119503204978378,0.32200744495601963,1.537709299470845,2.927853475371287,2.0,0.3602423871924435,5.9398572632101025,0.00012986740254238303,38.66112705556607,0.0548709036673662,2.6326769780929866,0.0004608772611320508,81.85492488987691,10414253.104032617,4.840623163308103,0.3724382389300696,0.0770488897185492,0.014699886177238206,0.14039763763678265,16.511864895485445,91.70287798973229,176.33177030940465,394.5655232025118,91.24912949931004,0.07102815740183904,0.1557126679443814,0.580596775686089,0.7364786342370295,0.9979608935936565,27759141.7837572,16162413.93714989,63657114.45959559,250628119.3521161,530065045.0803192,25.074933303217534
0.20926479158243055,0.15038388076879325,0.07335691008755417,150.0,9.718791841795825e-05,0.2075231024454408,0.5569460307764816,0.013012013397142743,0.04025911883530827,0.25,0.5919508518382284,0.8653765079286687,0.9511228980695412,2.1190637943202317e-06,0.03682910336882743,2.8391993454871866e-06,0.06371177790116488,0.0001,2.9295628730677073e-06,0.12700284520805874,8760.0,0.3493875865245498,1.3030762194897334e-06,0.02309077962516315,0.01906424786378016,0.025053305321419382,7.108855628385181e-05,6.0,0.1627549173439228,0.12950496712942686,0.0004246446084512144,0.007146878153307062,0.04156139435096709,0.13578294918355327,0.49339948333877137,0.013278430583865134,0.13293924973808877,0.19179236939814454,0.2,0.34318527497136264,1.6654919025071446,0.06083137611675875,0.17547676676432955,0.3136110039485846,1.6219385577688858,2.6934911340473007,2.0,0.4029155095110459,6.284826030103237,9.696459000806343e-05,38.346681914702515,0.07135560886797915,2.351177951777114,0.0012719087545896748,46.91538117401225,12376015.835968869,4.7985850381891675,0.30274118921691984,0.024437169997536118,0.008839531615555977,0.0848594722672929,12.152927160355654,96.345251050599,156.39273272792065,395.090439002749,103.5386148801759,0.08326528139245602,0.13261024629417134,0.5537066206792927,0.6420855401707906,1.0687949105309598,29032245.631637406,19851346.08162789,82938035.61040184,207901059.8311017,299411914.1060399,32.276261471510175
0.09084348187683716,0.03485586535090742,0.08993532475067184,150.0,0.0012890298925498872,0.33443071278554715,0.2970618941831485,0.003931987335649742,0.051408492123536556,0.25,0.6366437218610773,0.8672121062322836,0.9476561853990447,1.121955362444697e-06,0.05367456390216409,5.516315075240861e-07,0.05785070372485615,0.0001,1.8844856697975242e-06,0.12602694883125204,8760.0,0.202218570067058,1.2212178899238165e-06,0.026967586604990247,0.018842950764395308,0.027498155647233895,5.4156982676707565e-05,6.0,0.12097426832530818,0.10549640694181858,0.005840850903957315,0.005989898675211652,0.03552515166193849,0.14879441059824952,0.41605210615201954,0.014424771676148779,0.16320382805343642,0.32086660550602397,0.2,0.22798613190279388,2.438003398516302,0.061012907122393975,0.1520879750783343,0.2858680305521608,1.4383344786588903,3.940633029197085,2.0,0.41663905746825464,3.499883538936837,0.00020382865503754252,28.645676375905133,0.03981957316949537,3.251484696789775,0.00018825441119912862,79.94626573385531,11108767.73115101,5.302300178790933,0.43385520817583667,0.039510926176699344,0.009364457932330362,0.18610364328481083,11.821164744092243,94.54373825674753,152.67206002255452,443.60557154441665,43.35223557515228,0.050437388614011106,0.21162146959703548,0.39578749815466924,0.38747343114379207,1.0025991085153418,11511084.686282968,8112094.074465407,28142482.272535138,48311148.31204486,122706398.45456381,18.756272271206036
0.047342616421415455,0.16624368785946914,0.09489450260674738,150.0,3.7835046864782155e-05,0.16402776967994945,1.1316300862789412,0.010369580507618253,0.04391059034089834,0.25,0.5068561568069204,0.8517376732191826,0.9339738935231655,6.66980690393449e-07,0.09659286192359254,1.7208093708608307e-06,0.06430989464596559,0.0001,3.6761849706967477e-06,0.05695008882790972,8760.0,0.440779023852065,2.180057696237337e-06,0.01868177673961597,0.012135262819764367,0.015427853020984152,5.34381362806319e-05,6.0,0.14505852207172343,0.09311964916787657,0.0013555335987977975,0.011842818219640268,0.05700950321514257,0.12478163174447492,0.4489450475608351,0.014570757345621282,0.1826677301247341,0.3015067303916543,0.2,0.14385166413975647,1.9810042246710622,0.06648988695919307,0.06629889876939389,0.22576375366900342,1.7709050354843368,4.3791116157608325,2.0,0.32554318443684926,6.4462712534731565,0.00023952353604918665,35.95665369089631,0.06470106302099096,2.576780404794889,0.001406351983663762,60.06750429103632,7538894.320224334,5.2547085366054,0.5200717396783108,0.03435416108238485,0.015407772820637683,0.15582704220842108,12.973019904648078,117.42821482128245,169.26265326067636,382.5615125868222,65.83388419963671,0.05930988694574015,0.09068490092014239,0.4829164349848589,0.5229422031037432,0.9916739361418079,26140961.215625357,12692731.546856463,78497057.27908112,298578869.2978986,396267780.310811,44.99002874457859
0.15079935297155778,0.10606676483212829,0.0942092823729308,150.0,0.005533913064817436,0.27311487131400347,0.6653623001502655,0.005257509993234885,0.09485561430557152,0.25,0.45825162527320895,0.8764597124526643,0.9322192173619857,3.1230428463525412e-06,0.083880567166001,7.0798079587915724e-06,0.032723749268411345,0.0001,3.91578233609448e-06,0.09209443689311564,8760.0,0.17449497135776054,4.189583147790209e-06,0.028504787621034727,0.015254790368394602,0.023949241857221342,1.8367865162280486e-05,6.0,0.08802891827521714,0.1251913748773105,0.0029171334292847975,0.00968315821054674,0.03951483496156422,0.12774408664112336,0.4554491260757522,0.023437753019243633,0.19092700340173596,0.2651884448693613,0.2,0.28100280063930827,2.273904505890746,0.09175127442997814,0.11834746200596234,0.26027118200309324,1.632694218110549,3.0129511344794793,2.0,0.42180109536700405,8.553594606510298,0.00011065942199727203,26.434361029371715,0.05050677507756263,2.1233680544784557,0.0014343940105154224,67.93765433062718,11722587.98551879,4.491742704110963,0.2711638427408662,0.04667307568469889,0.006638959386492029,0.08041133743256358,10.269098952864319,137.8372029856389,215.16244538990293,340.69367085970737,99.56607584006662,0.0485282622064394,0.1647789808327323,0.4083736142547137,0.541032794545641,0.8703424319872988,31397359.04386653,17148162.988082953,88718588.36513531,442271090.30166095,559360523.0232652,47.900473214974774
0.13965554367270783,0.10458494775451786,0.020595183542157693,150.0,0.003526158760943348,0.19303389324616996,0.8039439915449725,0.014283147424993523,0.04301789627937804,0.25,0.5361835625452065,0.8951815826868181,0.9398844269478929,1.471108605458675e-06,0.07022815494727215,2.2381985159506245e-06,0.06580991216341689,0.0001,3.7284181026787592e-06,0.09411434821052023,8760.0,0.1404355849431062,4.947757074620829e-06,0.02949089814038387,0.011216334351723353,0.04298501075675176,3.528254222956635e-05,6.0,0.07196055894355276,0.10044290696627176,0.002083727093030363,0.007790140672270435,0.045885807463362,0.14856018271059776,0.5711691013908275,0.01640419514453125,0.10050396291282324,0.2928350178965524,0.2,0.2889086256404709,2.195590342789008,0.03282182467709725,0.11461321572831286,0.4172920849997708,1.7722438167218817,3.65621460123908,2.0,0.4452825063848117,8.031242091090046,0.00017027167132321292,17.292274257131666,0.026080729518313105,1.947652662067732,0.0017434800733264419,64.08103335349487,7165420.08913495,4.488649844879347,0.32445636469508776,0.07019732930163224,0.010348550061613329,0.1684090196325977,18.418992001977937,123.13705087734678,120.36021791161382,431.852047440602,74.37568360024471,0.08980500273420683,0.16271958939877104,0.6261554246594165,0.596476683060857,1.0222528706312048,32061449.797411546,15777294.129711756,106066372.94459331,299046603.92434597,507323752.3147217,47.73873997085299
0.18799085864276252,0.10588592098662573,0.02219709242242003,150.0,0.008244195716429979,0.15728261713534192,0.6546323193108322,0.0042413810194188726,0.02360807639549276,0.25,0.44675580624327815,0.8124079644644133,0.940015931624871,6.336915500250298e-07,0.05650279490778137,1.3314656296652622e-05,0.0729994130373726,0.0001,4.027232050593972e-06,0.09554029354237573,8760.0,0.13590229297500664,3.3703881388637575e-06,0.03196285842642842,0.009408487141249755,0.020802893854522515,0.00011348768949587602,6.0,0.09146267787521462,0.13216131667561942,0.00032790412917170573,0.007490758597022784,0.03673589477092727,0.15853474161629894,0.5031684738018749,0.027385214443922494,0.14120595328924068,0.2864049812151257,0.2,0.2239553168898903,2.2275905323014302,0.0483755569000234,0.21100419700847628,0.32596007556067064,1.6104839674446718,3.7065943065841167,2.0,0.32013202457019296,11.973603843799943,0.00022556568746680283,30.553383504522905,0.07534581902178503,1.4969777783885028,0.0006122511254841615,26.384614244057758,11615160.64707226,4.319704399437614,0.43442440331736815,0.05675989755574698,0.01560975980111548,0.1070194572000893,16.721803023687286,96.78120008013707,181.4638082174944,548.7209905877991,85.84633088343112,0.10678864597434291,0.18099503441275683,0.4237685176501055,0.6626709017420466,0.9444825150590034,27954387.873172846,19829167.039779454,76001828.5561544,142580274.95838177,243444622.9016266,35.29559068072594
0.06547906974915157,0.09344470747010158,0.05045525296055569,150.0,0.0016741719784491367,0.2330389036707491,0.26353537686006395,0.006202547297504884,0.08020248975884182,0.25,0.6534790062699546,0.87889728552757,0.969184659580891,1.1493734476857984e-06,0.05834362501653559,1.5965614318615187e-06,0.050031322853900155,0.0001,3.461671727295704e-06,0.09389432296004072,8760.0,0.37675496396692676,2.7499099462909092e-06,0.029735497736418058,0.017352726694021832,0.02784196794810586,0.00011136357751145783,6.0,0.14780533998415163,0.0890257676614743,0.0008693812876290851,0.011916234279345694,0.062426142652317385,0.20974273543291583,0.5411522691130669,0.02595789684902538,0.16073864343533617,0.27000269530526133,0.2,0.15468585609803426,2.029372793033861,0.025723844585936045,0.182072529761017,0.2609502667300048,1.6641811754299427,2.882782986141481,2.0,0.3912595669584331,6.203030692881381,8.671318545766672e-05,24.95012952201094,0.0672401603079183,2.3832938547449625,0.00012880121110628618,51.60043055226095,7784356.6924700625,4.25846661801163,0.7499261120108599,0.04954958931921012,0.004520707799761996,0.13461051762621964,12.264440261952057,120.98248081686752,196.80882617683727,392.39877419045376,38.57191853553492,0.057650076124722935,0.12249441755258576,0.5080838481651486,0.47159258819219296,0.9284309424494673,19250160.35103438,12903537.675920306,44709607.72144077,101632157.08917561,321788041.4422325,27.295830217395697
0.04524632103993672,0.05504413636866323,0.06479516695236996,150.0,0.0006489304574615559,0.16997542061094217,0.9066445861273228,0.02880215422072649,0.012976346361556404,0.25,0.5868569325467393,0.907641801858008,0.9835937010156067,5.061907655431083e-07,0.07201398016988915,3.9989831796198745e-07,0.05080617616878373,0.0001,2.6199400446227692e-06,0.1333027526494011,8760.0,0.22957274153902202,3.1047119723929055e-06,0.03183457145124269,0.010126416077333781,0.03334166555067252,1.2683476277389847e-05,6.0,0.07896312396041014,0.16607131280023313,0.0013025361424303021,0.015377367389360574,0.03210583682366112,0.13057983097512027,0.40075974880424825,0.028628948562286677,0.1318083013262731,0.24528029777148525,0.2,0.29399968109291386,1.678307070759852,0.0410880915102224,0.18791373498882052,0.21053652394780575,1.6374787490815228,3.6669353911170104,2.0,0.3012493820318521,10.257820816303125,0.00015415113749075042,40.76853494609184,0.048830720772295305,1.9786317826692146,0.0005045200306856507,63.1828227483568,5729694.882872799,4.5472829941737976,0.4725283107097151,0.048071220232995884,0.003622517848455388,0.1062159470552629,16.499811063533343,99.44276078244886,175.33668062316664,344.97825000921557,71.62470660926851,0.04415368643197005,0.1400007721719363,0.4590121187305739,0.6460531399071461,1.0206312447677537,22601654.14583444,13748678.350586645,60657452.34820546,166134354.405652,346248622.8162098,27.167464658517716
0.06893214324926399,0.09378502782302595,0.08419644065227729,150.0,0.0004962488873312092,0.33605790935221785,0.8411671515117556,0.010773642978029614,0.0036265256249266497,0.25,0.6398260007823906,0.9039199539836736,0.9462285261696441,1.0332148499453753e-06,0.06194850319685426,1.478170662829638e-06,0.09259108958721672,0.0001,4.844941822100712e-06,0.1175870938285951,8760.0,0.3448115232317076,2.325558171927959e-06,0.025591231542098688,0.017527067140824748,0.015700511328582255,3.899385521927094e-05,6.0,0.11777360355332336,0.09163055618289528,0.0037776050172238203,0.00822425798211627,0.04558144055536879,0.12999251351761423,0.4957466038437417,0.03028999544228385,0.17035029955305298,0.3707040953376707,0.2,0.21068005116018523,1.5903551310530752,0.05561880298351127,0.1509426716018222,0.3140504437073425,1.4766351109177898,4.645269264811013,2.0,0.3594852820067478,5.696771973120434,0.00024312708824375607,58.362631738303946,0.05874537846659442,3.393929873764683,0.00047175919091387264,80.45758071073904,11260295.378173223,4.135270133870635,0.2834015060199195,0.05077955401427011,0.014508979526141899,0.17166110355324948,13.197409524982742,108.48576520495885,162.76169441505533,519.2211191573675,45.06449859610143,0.09473085808989505,0.13481812332251225,0.37062084487788305,0.38344216788832397,0.9592742201879859,11828746.934795052,7712117.545095422,30753404.682830077,57885126.55348156,173307892.9967637,21.06748810098636
0.14949234732464928,0.031218824382738215,0.3492033822631382,150.0,0.005287164479598886,0.14969664765880702,1.3487992343982718,0.012083779367876002,0.021393734131933375,0.25,0.4933937506335784,0.8537997787986398,0.9680423234823367,6.000635799106422e-07,0.03397730874455957,3.1100705769996446e-06,0.053668338695636544,0.0001,4.794858066765551e-06,0.06607867520264261,8760.0,0.2913974352285936,2.0553431490600226e-06,0.02325345062163768,0.014241933030077779,0.03223515234132382,8.664009552280478e-05,6.0,0.11352358143858637,0.0911133529293885,0.0029879731959246043,0.014652052521319858,0.055800544892166584,0.09735391843771268,0.6091693616585627,0.03007649463065945,0.12010624680737943,0.27660012949133694,0.2,0.15800431510057728,1.9635728045901346,0.050122665468549335,0.07221981861441187,0.2644365623670958,1.411226138086284,4.503710305124828,2.0,0.3367978833105779,7.947250780250905,9.85339153423843e-05,62.692396134696246,0.0635822961091039,2.2505165039547914,0.0008997892660504874,76.51247815962031,5576306.22084487,5.016846599994738,0.5471093733435197,0.07357570691723131,0.01241979526074343,0.10684005418593859,25.190781725770908,80.24118303655892,193.77331940736423,445.45295698041093,76.10130016496151,0.10281311230972573,0.11207748605749124,0.44782155359743886,0.7007896522749864,0.9723279840259058,39026254.30811125,22337494.052877907,101726990.84054041,415276197.9249979,558623132.4815819,40.86369691614269
0.11107682115328611,0.08847321085108979,0.06128246890143745,150.0,7.751522689274926e-06,0.36447696443561994,0.7118368463493765,0.005630138903592355,0.06996689372485887,0.25,0.5635849311055425,0.8907366979408071,0.9635013652385336,3.827091018458354e-06,0.053365274544565106,3.5078985927604872e-06,0.05118604862911216,0.0001,1.3377893531151386e-06,0.11971857718693597,8760.0,0.2972255259184965,5.445783184492698e-06,0.028215965544835492,0.005020730106307819,0.024314804302679703,5.14544921329281e-05,6.0,0.17535524068792263,0.13607326079752752,0.0011038893873599712,0.006121340346817981,0.04741022670803225,0.12324522934478854,0.5511937260992965,0.01604438368327058,0.1528412086978331,0.37270280948887347,0.2,0.18738268307210212,2.071061779314263,0.044973198504766984,0.15489639958776294,0.41897340431357266,1.6742390701818604,3.364998405829928,2.0,0.31233129527013653,6.868837094938682,0.0002550131518074773,13.445820947962186,0.06743388435928113,2.2544666966057703,0.0005401744786933425,48.872763492458844,9704992.36762416,4.524634092983751,0.656571412587543,0.0835544903337207,0.006411893768349773,0.14400000281331682,15.357280418468283,83.87611002110165,235.56771966482725,415.3895622590428,69.0740246993923,0.06731508441859738,0.2392582315058554,0.43719029890272654,0.4359392462113646,0.9037313989584337,17518818.395680305,11663815.617338736,42892694.04869131,131232973.60618737,272612881.46037936,32.00911249540777
0.05463010184093533,0.06805384293884575,0.02101348909476126,150.0,0.002253129940962781,0.3363783586894285,0.8004642206404078,0.001977299936601062,0.053464502321531916,0.25,0.4322283266532714,0.8473515772410793,0.9138891012973815,1.1771076450492302e-06,0.057850990941883854,1.3202477798760526e-06,0.028949891954079286,0.0001,3.936902850233686e-06,0.07702728434248879,8760.0,0.4050230334762822,5.678524896719734e-06,0.025907531017979712,0.012158716454672487,0.016874273118959393,3.7753755676283093e-05,6.0,0.12455686377636441,0.06717555715085426,0.001088801575676104,0.008785623617507283,0.030446122939012894,0.15967527583429977,0.4480132706306582,0.024063196177282323,0.17618939984700996,0.2143162096002338,0.2,0.2468261308496127,2.127024844312921,0.07563572132691665,0.1293457298826884,0.31683932512126306,1.4414130785005912,2.9961164859525757,2.0,0.42282903353670453,6.466380994913436,8.344202172767798e-05,25.39351810225108,0.03479613354027371,2.2308524157062966,0.0012237029687114788,47.193242557983865,10467837.976631887,5.357886211502949,0.34730833059238697,0.04074513645177766,0.01903530273851286,0.12345729042592239,17.71054468260136,91.62821998733426,232.4250587558812,328.91864069283025,46.9146140180623,0.07202062322732006,0.15451598490055135,0.6434398883480119,0.7501194729632916,0.9762045389392774,26438869.223779015,17148188.318770178,72382357.32417916,194470971.6399252,277662069.5943586,29.968916916896596
0.06811077544290228,0.09598568396417606,0.05091984289801871,150.0,0.0022880855759391527,0.48511794109619155,0.49793180917209745,0.019530592480753048,0.03532785474507534,0.25,0.5654198957431557,0.8663688214922599,0.908720435442623,2.236727157191811e-06,0.049140283247157024,2.355876681367806e-06,0.07334758592650494,0.0001,2.9917629751210947e-06,0.13593513553894854,8760.0,0.2956874518666275,1.8297534704253681e-06,0.028049784855141122,0.012622301270691012,0.03188028647240908,9.13073524798099e-05,6.0,0.06204217282444153,0.12877143515606138,0.0020295480708044226,0.016402503188435853,0.0490429217428075,0.17157109932979198,0.48953748549466514,0.03751325149856909,0.1687769704437814,0.30778250252161365,0.2,0.3137786285250977,2.7421325531077887,0.04968263892812803,0.1490875421872609,0.3007672686903048,1.8636641222589652,4.716257148540366,2.0,0.3144902665706564,9.249326221086093,0.00011928968664198885,29.870209040884518,0.0789050442505782,2.9450531661627357,0.00039962705502673724,82.61315705544135,10014894.497179128,5.264474855016185,0.30390930462647936,0.055755105962053325,0.02081704865262043,0.1305383511969544,15.866808654954632,85.78902913585667,134.9464023990056,300.28532834419184,107.11544656874196,0.09848101972362779,0.15302980801720217,0.3603551960521637,0.6813967647189648,1.0293035784883726,26529354.434751105,14951254.139343958,66819503.61352972,225145284.4988643,561015958.3365322,25.337167756804423
0.08305956519128806,0.15406132720903704,0.040005316898962154,150.0,0.0043146366691502866,0.330357241497789,1.605956688591331,0.01040946816243395,0.00705797657925279,0.25,0.4966599961909127,0.8527099730565079,0.963213202223385,2.0064660157569466e-06,0.04898946487101109,2.041187475209131e-06,0.044257998386427126,0.0001,7.831058299234e-06,0.13859393017063038,8760.0,0.3315922493056367,1.6274200106191733e-06,0.024353553605504577,0.01743621729901959,0.030711691861027728,4.1960797872038835e-05,6.0,0.12701228717117935,0.1217721456220583,0.004018701764574349,0.009907335736316535,0.03876506168082778,0.18169135942098072,0.6405108808768976,0.027967040073207473,0.21221970049220745,0.25387592705031814,0.2,0.13654873086144032,1.776056799065199,0.059055178852740337,0.16865562793416672,0.29148243190675693,1.9432013476387626,4.677324291102561,2.0,0.34173233641956047,10.501058878054817,0.0002364258419628956,20.964575204075516,0.041462817507258054,2.6560992215272523,0.0004036089887063239,67.07124742658186,10843448.489028368,4.468653511993783,0.24200504224461344,0.07648663964564038,0.01684691719595194,0.15268640359453448,22.555565468459964,141.92772969453227,249.10160674613073,362.34861398422106,81.92056738958394,0.06913785524420409,0.14223742364143488,0.5696581874729342,0.7831565821614141,0.9774796841021802,31400761.601218116,18445824.32889775,78214149.7590059,236516044.34456652,664360850.497266,28.08897252526866
0.08415434883402761,0.1175122081791876,0.05247967989984773,150.0,0.0017807108855415169,0.43578051073811996,0.2594809816198705,0.006113771614235584,0.00999970974621703,0.25,0.5937197448036569,0.8701219067831358,0.9486394749703225,1.6147917027862583e-06,0.039710101356163485,6.673238216460335e-07,0.03823047676137055,0.0001,1.3244626104371985e-06,0.10366303478929627,8760.0,0.23823441143012772,3.46738393397691e-06,0.02058794001941118,0.012836295192406052,0.047035927199998835,7.715559062737599e-05,6.0,0.06796075546882074,0.09409244876980968,0.0007243412937848923,0.013756875699701333,0.05053426875614031,0.16064053872019157,0.5807383534631891,0.018725890526345386,0.2130948282029987,0.26055012845186304,0.2,0.1677725056271216,1.9652262133822085,0.05977368570777704,0.2173386809673214,0.4745818382909018,1.7271323415743245,3.2411408546095912,2.0,0.3816695460280486,13.36773689519712,0.00030495183112456633,27.36983649372192,0.07183056331882211,2.0961534833375888,0.00045273221961822076,84.4411735414779,8827234.668268733,4.475316174939527,1.2816926790060708,0.06665061156155676,0.004413708397106831,0.08538937752319843,12.071933617681394,65.16530265250145,142.4580039521353,533.4662615501919,67.22601335675004,0.11195924355268791,0.10834352619452278,0.46385105210667005,0.574380216116525,0.8720460341445817,31319891.174620528,21631818.343781613,76558946.39016902,207027325.55781594,326951983.4375428,40.23212621993665
0.10161659987877768,0.047052638800769556,0.05907252972180352,150.0,0.0007442401572124287,0.35067371125552493,0.5432368348185884,0.01060212871480201,0.0336272122220123,0.25,0.6581274621942494,0.8303908252392171,0.9556238794089206,2.3018956207448064e-06,0.0370462164286247,1.7015950638160747e-06,0.06075306348581953,0.0001,2.2743545099774386e-06,0.07944595367614367,8760.0,0.2369511250085052,1.8552568400867565e-06,0.031092245379417165,0.014915167803449833,0.01792191942516167,3.262747696568435e-05,6.0,0.07459037952102687,0.13814522648747218,0.0008062656898505141,0.013625348956527103,0.03633072964503481,0.16653249546670112,0.6259305446868851,0.037914130710531166,0.15628377297226756,0.2591324355818841,0.2,0.2822270960007138,2.385968967492774,0.04857619620452732,0.19159621830901452,0.3964030758194542,1.9121917240918367,3.990817960234064,2.0,0.37698415714845196,11.480601107066496,0.00010565900539354629,16.578592004677603,0.07333282971170121,3.6186906115422888,0.0005562479258504546,62.61348900762189,10755139.681501402,3.9544071562263623,0.38468093198714715,0.07965281196999344,0.03259337733423491,0.18131127373213862,10.742554325363685,106.01142097635851,236.92611782107844,598.7176051755912,59.11124961397523,0.05372190074256515,0.24417787192445414,0.4691167296051253,0.5450922401730842,0.909119930449356,18123098.117381997,11894050.969145274,48446022.716317646,99235343.14638652,219330755.71993145,26.948679689427973
0.036064472566235864,0.33991749995220616,0.06623169481119347,150.0,0.0002961585492373567,0.31450267199125803,0.7230377970284207,0.008316231013733216,0.010972927734110098,0.25,0.40122498163195863,0.9212732258062096,0.9755755365244599,2.381803784235513e-06,0.045295659968762225,2.893430261793557e-06,0.0404092619344277,0.0001,1.580846075481194e-06,0.08710084614614194,8760.0,0.4061357134923328,2.0865481033845567e-06,0.029310902960661914,0.01510083117795147,0.03393827680507887,2.885179704216985e-05,6.0,0.06137441792143687,0.14014797191704625,0.001946835404005996,0.016284090472516694,0.07606399062918123,0.12663180989080586,0.548322173289656,0.033165782077866676,0.14640253955088073,0.30561504377659054,0.2,0.24931513390645957,2.107278484323076,0.05559916456425974,0.17711925036283704,0.408291631158597,1.7035577023789903,4.052299746664029,2.0,0.2970157077071345,5.40817638509419,0.00021333445753958752,14.378312295679937,0.049111556798539076,2.067647162431813,0.0006481522576941312,35.74648215214709,6788553.956061845,4.330316915333635,0.32310507003717975,0.061418259273315595,0.008763278565035015,0.09533928739575241,13.236251932688578,101.65559220065572,179.00177323699978,480.36597633589645,65.11652991846279,0.07489736747999606,0.08356651041371924,0.3403813196469597,0.45691555172577636,0.9426811362408954,18316803.98403309,10491355.743459664,45176003.41149733,160847791.5192261,393823839.9857758,27.46164550154842
0.05049528660865581,0.07818678776803496,0.041125179086600905,150.0,0.004404110168645238,0.27011060584715796,0.4026315380965407,0.02077674329776513,0.0687820580330279,0.25,0.5842771179962253,0.8586019618366085,0.9652249483844828,3.6902627856806325e-06,0.06741944969051902,8.1651831167731e-06,0.028803623969085902,0.0001,8.424722068560288e-07,0.0814059525877484,8760.0,0.30838558736494714,2.8395436779744348e-06,0.0291174181986628,0.014863129465936323,0.030261405253870104,3.8520446269114345e-05,6.0,0.12797418641150327,0.13053483152030634,0.0018758575616852572,0.011373389481775707,0.06679381981248472,0.24065582065747096,0.5422230293935772,0.016189233277231957,0.16531268531037058,0.30410920659480595,0.2,0.21739343357634205,1.853616427550224,0.04397017908274099,0.14765197440365918,0.44775507672076076,1.6214467965671213,3.7382941623065866,2.0,0.35613903457720547,10.24314583464706,0.00019665665594822393,28.908602267266602,0.049992873907919295,3.1255019589224053,0.0008038029298208691,39.52142149188829,4590289.520439654,5.6853309240263785,0.27341775363662324,0.06390365849276208,0.005540867158313124,0.11186317200594718,15.581808830382034,123.7649063962183,257.0034868833126,505.27547023017723,43.9616800526635,0.035798914184562006,0.1480671211167507,0.4722838038951188,0.6962567117098242,0.9397907814182528,25033116.25495395,16004737.033116924,65667891.85291263,205618453.6611448,313465029.56051385,27.985704648724155
0.06107612266881511,0.04570423188628812,0.04481976112359622,150.0,0.0016980909392058999,0.1868316664884723,0.9604896103844026,0.024277658746266403,0.06275064927109113,0.25,0.5740265090116385,0.789615026132246,0.9308751892838839,2.460861696994331e-06,0.05349561984239615,2.629273219436842e-06,0.06355961929355156,0.0001,3.638041219416675e-06,0.08535145184003312,8760.0,0.34092934377495976,3.5400917342084265e-06,0.0277762152850366,0.014072370636554409,0.019355801239387606,5.9889805245897626e-05,6.0,0.1723360630836289,0.1044417519662347,0.0013765207044609325,0.015046626703135994,0.033699796246543706,0.12407033409364063,0.6764584300891376,0.04278868854785263,0.10672288992437896,0.3397345858715504,0.2,0.28613859403177444,2.0651828330672766,0.05378732089876703,0.14230041377418004,0.45671060921851003,2.159212387972728,3.2905513492381346,2.0,0.45655764140367344,5.980727214769766,3.690902578842694e-05,9.239388890361482,0.04703517289827633,1.4725280590113554,0.00026942654338315175,53.45011757301474,9378888.498295892,4.715752411651983,0.32907004372415677,0.05101307036648707,0.005176108832815535,0.0971214860049627,24.545150007471854,76.37073559504796,187.19976435791452,370.7367122879617,62.83861419246568,0.07838750334066767,0.19863962090650297,0.43456032763789937,0.5052797490437502,0.9568793830397081,15360294.079289407,10696290.46394526,38511741.97407534,97640979.26079103,181510628.86040995,23.87957537136662
0.10331462061421016,0.0708853477979836,0.032695560281820364,150.0,0.0013193354346212522,0.17351472015120378,0.5485294078065271,0.008787160236705595,0.12249213094692861,0.25,0.6704950213211347,0.8608744309709062,0.9488673529815345,3.1443099163085865e-06,0.04843563371276784,2.1798190974212735e-06,0.08022624850269261,0.0001,4.473251810976378e-06,0.09662512497206172,8760.0,0.3841068254553808,2.1339660395318892e-06,0.02094843805024216,0.013162615838585655,0.03909774768562731,8.996724756261585e-05,6.0,0.13901277917792945,0.09081291332627336,0.0008775580295253419,0.010765986022041164,0.03830869761099015,0.13639483791959472,0.3687344995326982,0.02724741987619083,0.1604603384610011,0.352238111629249,0.2,0.29590964091987604,2.8198926800825967,0.08358915483151848,0.11536134199732112,0.44108854408023135,1.4190251215446819,4.341672957611366,2.0,0.4211821054338529,9.499800878563345,0.00024022189561851884,21.21737293987605,0.045625587768915496,2.442379688407744,0.00023265096198290858,36.4150520682887,9359827.180146232,6.014637584029932,0.8078753659723472,0.07721493914389703,0.03783305118288897,0.10642952356420807,16.094877609862863,55.744501543992364,151.66167502124623,370.19054652099715,56.90503660553178,0.09686831317018085,0.14260369360459627,0.3715415820338014,0.43734582302136615,0.9631234578562994,17360324.490600206,12118527.52574307,44875733.152684495,83789598.48629618,185300132.98908305,28.380897446242365
0.1273275991634568,0.14914198508526713,0.05964366692571732,150.0,0.00512767908766785,0.23504307665022373,0.22646908921379122,0.01320104929914396,0.07735337182970665,0.25,0.6208797562572853,0.8548059242253719,0.9403296303328897,2.105009951569845e-06,0.0463205988118625,2.28205791625831e-06,0.0834283919978702,0.0001,2.2440243976838147e-06,0.09017695977390536,8760.0,0.36490269643620055,1.4376009099869027e-06,0.03050970067791279,0.00799440298535384,0.04132923196543229,2.451930846343913e-05,6.0,0.09235436239001135,0.1236647914622425,0.0012683784439236749,0.01050620488462202,0.043317905389690055,0.13266983191531526,0.5866220475181251,0.015910636103125805,0.10166748596616508,0.24697054095608423,0.2,0.19249750617727646,2.098409434087371,0.03166053143151727,0.1213371378379351,0.30059569414884724,1.8689555153236719,3.186292497676072,2.0,0.34603142560597905,4.911684493273465,0.00012788219696037106,24.700517904970795,0.09122913393353267,2.8916336363600923,0.0023402272371691756,68.29164392259018,6986448.946582269,3.9399195439944403,0.2910551098906205,0.04755015037352733,0.009442461471594481,0.17857774834031315,15.919997358624508,79.22935634129055,133.08398578772935,306.1595519380701,102.7613082240937,0.09107942379236358,0.09626521023463162,0.5186412377470184,0.5390996929186564,0.9874749985543908,28499209.502678536,14023906.79483588,107315716.58644293,312629812.8149461,400001565.6171533,57.67260328896638
0.0976721912285964,0.06942466034859004,0.08836670812711128,150.0,0.001394561143217875,0.34925559609663825,0.5286234572504722,0.003966244021370728,0.1174183517346061,0.25,0.6297619419530345,0.8447140420548618,0.932546006376641,1.801203171555721e-06,0.05592309360925263,2.0701540435274105e-06,0.05045537124296061,0.0001,4.207575087874746e-06,0.10343615107651605,8760.0,0.3328993639884075,1.8626750717825029e-06,0.023153019027930367,0.014082609899560375,0.042297368855302823,2.658245003537069e-05,6.0,0.11931252776450152,0.0825893580732256,0.0004933946194487764,0.006271392309763145,0.03429872874745597,0.12153904889815197,0.4024030885552872,0.023326295634306757,0.13795082456648253,0.36745830426462067,0.2,0.24022944112045655,2.30317811646782,0.07759539973295464,0.13726942533213532,0.3595913744070772,1.595889053701759,4.472246996778853,2.0,0.40569612491778956,5.219044515505136,0.00014363791436957271,43.332891497293545,0.0716450564154575,3.3417091836682333,0.00015235260482320817,62.276017375207054,4438201.310922006,4.62989287747795,0.5157570303490305,0.05371037283247258,0.007746041182469319,0.14998899474320754,8.65193989285272,50.330756528243725,126.71149482646254,290.31927930863833,51.06050606617827,0.08303948408105777,0.17476373394483244,0.4736767761483786,0.5919538597426053,0.9999804587702199,18531361.123876985,12666296.338218968,46957443.20771494,79949509.66805704,238237418.87379527,21.676949177899616
0.043894634527048074,0.08644806618964665,0.022342474450227728,150.0,0.00028037853290624123,0.22495288248857304,0.6810281734256285,0.00801637239186102,0.054922949185589785,0.25,0.5488967359824831,0.8398333115236563,0.9694472677465298,1.1162751626877936e-06,0.05958598911713592,1.3467573341390091e-06,0.05451115585339092,0.0001,2.041304118986525e-06,0.11225034273334508,8760.0,0.2873060207568037,9.771726268340268e-06,0.0229813863426876,0.008278541208889493,0.039411342077712345,4.9349152659912914e-05,6.0,0.09812763089682092,0.14182217177981088,0.013190111858621987,0.016346164473934076,0.05480606939436265,0.21226095537327228,0.5485615921737468,0.018599499532683462,0.18229563460872333,0.35512570157644463,0.2,0.1794687041852178,1.8344408982983231,0.057492564364233334,0.19218735614323362,0.3578632017296429,1.3845927059917673,3.8248094762855107,2.0,0.3531106407334161,12.190982653460198,0.00027022910837638456,28.564906269731196,0.0826692321837189,2.3114661255028435,0.0013003732646297182,43.3951657283442,8279502.531694841,4.7665281316742965,0.23266830792038845,0.08161226603133806,0.026188648619070404,0.11845034169706252,15.663816165360258,79.79484083999259,161.25677894248577,377.43407635287736,109.82403961349645,0.07566127841519635,0.13323959831596488,0.4436176978739039,0.40208687034240026,0.9009486017206009,14822839.197328674,8534697.377067335,42091709.57413043,101377958.38436422,224068993.4315011,29.063509695896144
0.09633900603307406,0.31415791729910314,0.040115750451296533,150.0,0.001493907205228965,0.3006198433845252,1.0432115091120908,0.006138625550704313,0.036040919034094746,0.25,0.48828896616221334,0.8820887363100507,0.9830616891085138,8.870158583187405e-07,0.042595702817896944,3.356109483149326e-06,0.05538154132338016,0.0001,1.054688679713669e-06,0.09888873739316123,8760.0,0.30133295480898536,1.4173301084685101e-06,0.02858268674633487,0.013478432741968931,0.0334010381423742,1.901299168658547e-05,6.0,0.08190253381120227,0.09198487477482853,0.0003438842252202972,0.007692340270577044,0.03783243886470534,0.1522432755746549,0.544625611775681,0.04345755202235608,0.17948556251532946,0.29679786577133005,0.2,0.22673480783643976,2.540520141000142,0.05938878957541684,0.060266595737848275,0.3739198663729204,2.0450423624988225,3.4969469943189555,2.0,0.32299664376502846,8.083521369183465,6.515799220007201e-05,51.249315084265334,0.08885319488140385,2.0157612013042074,0.0012372401784054735,53.26098332501069,9404633.913897632,5.177392280985709,0.40701534137023154,0.04784882217519944,0.022954602743191024,0.1252161087038239,25.833113667497518,138.47750878214222,130.88871923217863,479.15166248088553,71.97350648047271,0.058014146949310216,0.2064413798703881,0.3564476169919441,0.7601028208637595,0.8912192252109854,37532813.11661896,21374170.724581417,106466673.32211314,379539265.25193495,644991110.4555305,43.31716875481773
0.11958853641105108,0.14076073301712944,0.04736634970533144,150.0,0.00026555672549878856,0.3146947622323458,1.5088738486565825,0.013667669508483207,0.04694942940342928,0.25,0.5498423403136229,0.7776739582345564,0.9568751993835788,6.139222716034488e-07,0.057292197469668044,4.748862578204474e-06,0.029626519049235755,0.0001,2.947065518314165e-06,0.13014451312242206,8760.0,0.32328567933642366,9.061051873724751e-07,0.02401708432348653,0.006237106037452434,0.029592572715264984,0.00017096946029074913,6.0,0.0894787450865458,0.05772126048912194,0.0028073983276961606,0.009875098452111562,0.04210587909708108,0.22291932691724614,0.45471604201996363,0.019461867146167804,0.15785108207502646,0.36638636163410415,0.2,0.19651910163674402,2.5737710393229802,0.08181997647957637,0.19861078225606582,0.38160844742728284,1.3735468413732688,4.237213767133525,2.0,0.34448020141962477,6.856068200671857,9.514807337483898e-05,31.276134337580444,0.06431089454909125,2.038332699170529,0.0002860571185902033,37.29571613161585,8300390.010709295,3.92403309327891,0.23621846847298872,0.061655541412576134,0.002782638408655464,0.10016222644774118,11.953633484813679,162.00377099857096,131.5820197301149,559.4007803902763,96.99273387339487,0.07637215304848763,0.1752689766785508,0.3691694400772839,0.5045819261665072,1.0762392524411433,20703001.672342904,9503424.499295857,40357200.047787204,320586773.1607633,646792736.0957156,20.38645857344197
0.03519521427215223,0.1620394626476197,0.07644322150497504,150.0,0.0025421861149569408,0.14514268979032993,1.4351713454416417,0.008436176642610399,0.026118115058744493,0.25,0.5140208267651242,0.8258527467807446,0.9421729641184006,4.017281605050654e-06,0.051892529973765505,8.424188021814334e-07,0.039633296542469,0.0001,2.7541483756798852e-06,0.1439100420759702,8760.0,0.3202892705508561,2.2041510516329763e-06,0.034062070512164394,0.025771207304518765,0.02512514538282294,2.3951305732755334e-05,6.0,0.10553716017927052,0.06655423551647023,0.002940375518241843,0.016688443533120455,0.047858732623108566,0.10175503665973815,0.5653813310794857,0.03362730965779027,0.1552862591490788,0.2126583177014385,0.2,0.17155291532221972,2.0654635933891665,0.05762588927353732,0.20449739831545272,0.42920147414266574,1.4615560783862647,4.108709150783628,2.0,0.33337692518268963,7.371119022346297,0.00019405547189532723,43.44152904177203,0.05736718682223245,2.3126613059493044,0.0006926975196591003,34.9936542522445,13950437.159096312,3.6987657337626665,0.22478600551706962,0.04536226691497844,0.0049171791554289395,0.12947190716468482,28.385008346213077,152.38824570178107,114.41022885016176,379.13077233441777,79.7718251492939,0.044975402092529586,0.19056182148455714,0.5343320755372645,0.5034306494154936,1.0056086661754122,17023794.91949579,10034714.633028474,49014974.82925218,152694523.40673944,228255076.8008786,26.048034467207597
0.043058550027021796,0.05349462183669088,0.023669018191244205,150.0,0.0005564930208096277,0.12950843048792704,0.7685295164050365,0.009303106633092254,0.03465946114299787,0.25,0.6480927169411462,0.8469407770626768,0.969393771050649,1.915814630675903e-06,0.05302234525540078,7.856150375264277e-07,0.052992438553201876,0.0001,3.3957330861068967e-06,0.12876892225053221,8760.0,0.22540112966223913,3.915214384614113e-06,0.025258662935224333,0.009606556469885895,0.017218566678181457,6.84863087227186e-05,6.0,0.07086972837392441,0.1180684258746562,0.0025957512623581156,0.010246879041033012,0.044006054908784384,0.1441590677075758,0.5282619131841719,0.02582080994745678,0.17820873721245348,0.3335288651490388,0.2,0.1737739274147562,1.990801187479335,0.03848206091579141,0.1370140684556999,0.46045784286055275,1.712948646764775,4.408196519480344,2.0,0.3579527567340558,5.0390833422432895,0.00024553902314026463,21.366828532513722,0.04231833271177626,1.955809831492663,0.000319546380470786,61.42829890831177,7110773.301377289,4.966946862372615,0.5434148050125646,0.0703602656161223,0.005284342796507576,0.1348670540478739,22.270220410790337,132.56619615584125,109.65270881508822,509.3071343257065,56.32975820885287,0.07032139942229684,0.10590820713196333,0.35459874000125946,0.6112995241420058,0.893152888978365,14729832.607533429,9635669.471142001,36722450.43082405,102616618.9832257,218270038.3187419,17.665592250013116
0.15594619794187964,0.5262944844692555,0.01408409004837784,150.0,0.00015125022949549454,0.3377974106672553,0.2428407299321021,0.006277760922193611,0.039976384306352385,0.25,0.5673120975945429,0.8539291364811789,0.9371072893064093,1.1947806571120028e-06,0.043122328791391495,5.098575359927751e-06,0.06994642698703422,0.0001,4.30386762976415e-06,0.08411934204894844,8760.0,0.28590081132961276,3.42852264689276e-06,0.02324415172484503,0.006853483746381937,0.030477372015293935,3.083597641577055e-05,6.0,0.11295219936971634,0.14963092730275854,0.007334259826235411,0.006888635122909993,0.026723870687912793,0.12465419883397985,0.48201780723050847,0.021785704888772253,0.2279498622370661,0.28723791447404234,0.2,0.2905899107016917,2.0543829096403505,0.09238597247277446,0.1089277922604181,0.39958825809523035,1.5032074732091292,3.698615986184631,2.0,0.4041351705029185,7.848146956155561,0.000207931042758668,20.461934383024857,0.05730329013067087,1.7021889860503288,0.0001692571387788952,22.87508667712668,12153463.096992351,4.260189079335822,0.6106022443212081,0.07263213483458736,0.023794927401746643,0.19204904056804156,23.452335744911643,103.79489434198183,143.7222681931264,377.8396378238498,57.22454628480445,0.07025200906317994,0.18759075696326727,0.4091772233416896,0.5252184073639221,0.9841948306634681,26689849.789619934,19178674.59564091,66760030.679943025,132156714.98635414,282243570.17956334,34.84660542828587
0.05319838625196518,0.08458184425000423,0.02148100085210711,150.0,0.001486753973242544,0.38793268624635313,0.8752938575742547,0.00859595099598269,0.02101722793367663,0.25,0.5593970091211632,0.8357169221526719,0.9493627569485065,3.0153282905780188e-06,0.0919238796952523,4.575959538313047e-06,0.025621570848600863,0.0001,4.386709258435446e-06,0.08806111791869736,8760.0,0.3070118368838517,4.71382761106169e-06,0.024885218214352748,0.004423011210427954,0.018139292333453648,5.832655162129381e-05,6.0,0.1504357503693764,0.1332293553948558,0.0009162253936275448,0.009192485290775616,0.02947880131273365,0.21255736205401743,0.4530844364338399,0.028367334995913027,0.13385566165519652,0.1693798081516785,0.2,0.24286170225496118,2.0130001290379833,0.038184102459320995,0.09261161647929685,0.451274839632983,2.079211822755954,2.7318438146440505,2.0,0.3455124196855313,4.248881816814366,0.00011201849855166441,29.32263324257015,0.02751302890475869,2.878286711958913,0.0006315424288182107,40.902560425497924,7917070.447340546,5.505910604912983,0.29915493362396467,0.060818765705559386,0.004994604480201683,0.08236482607078893,16.01659229266983,108.88923192786405,117.63331057796367,422.5501414394526,56.22400606556964,0.06302276104829913,0.15931721470941435,0.5844088695820252,0.6528436633190248,1.0851556888317155,22662673.855562866,15346621.735532183,58082227.615452535,138521278.9597129,263708053.97528785,23.614264760301207
0.06967199951209331,0.10556578908044052,0.0720781230423118,150.0,0.0010061818496043772,0.29669564194356995,0.8203542038621131,0.010723750883730978,0.004354838437226223,0.25,0.5244631594325332,0.8737880175003764,0.9369548002695143,1.0932353109586737e-06,0.028071280587927253,1.2923425408774152e-06,0.03057243782908479,0.0001,1.0887270674992324e-06,0.10618809362449233,8760.0,0.3668099330992658,1.474394697796857e-05,0.020779032887119592,0.013272928723862704,0.02124439094993572,6.257237531302965e-05,6.0,0.11809527945135286,0.18559181299882266,0.008187805875445068,0.01194522706151594,0.043896415201580746,0.17865960253934718,0.4184016463797464,0.028151212433856668,0.17186613275461476,0.39929163557045677,0.2,0.2843657311412488,1.9354038033214933,0.06143183725485184,0.16654276825514291,0.3235819175461352,1.682360503179245,4.575513085397803,2.0,0.3852309470240869,10.989332000457505,8.43485073576837e-05,49.9195274283975,0.05561289785179713,2.419139958546499,0.000764574813588211,44.973518367076586,9859805.13694394,4.425268751722074,0.2204273998125688,0.046760219767259456,0.014782257597385995,0.09843876034003338,27.012252968762088,99.80839721951027,147.34997997184433,555.3590322362697,105.33235832531187,0.10625498890557428,0.15243129877707856,0.5357955085820607,0.5428105672463724,1.059693333195046,20994895.27624503,10888521.62249828,65048546.35447663,192618152.45440507,407329606.390436,28.35133628514825
0.03986560971563288,0.06969369668639322,0.0321867175028624,150.0,0.0021958761889417132,0.3513145683583657,2.7837338853405393,0.012316260913259498,0.10007240824853667,0.25,0.6495748892796329,0.8530875458840171,0.9578411723751042,7.607060597431524e-07,0.04166148819975554,2.2948807063090945e-06,0.024297198506998824,0.0001,1.8499927984579077e-06,0.07985481760104937,8760.0,0.27360278907689306,1.6029112829628467e-06,0.032509402069419706,0.011296264579316644,0.02567230649906002,0.0002830273833604951,6.0,0.08405652494846858,0.15830122365083482,0.004201727498683622,0.012102127352925306,0.031070630657577057,0.10366955164493986,0.401634107885415,0.02763495345071073,0.1766104757648806,0.31038725143706053,0.2,0.28364991692476715,1.733526427434811,0.08577122185320991,0.2183933241873836,0.48036497050127547,2.0655931154251648,4.349975674258859,2.0,0.43172883538456164,7.656276407459224,0.00021979814422867964,50.30913473883065,0.031710052178307524,3.2371862036042085,0.00041455864825293065,73.31860573687452,8855104.076927774,4.337442225846539,0.6540576605598516,0.057165450339328766,0.017397933699790185,0.09803062728662784,25.462817327446253,82.5937883360728,117.01911469342002,524.3492426673847,48.13779942559434,0.05698998428470403,0.10918229880398472,0.43141893506412426,0.5287034811618978,1.0037460165335115,19865483.265934505,12478922.861947402,58135614.007527344,131004044.7958808,243137468.37155256,28.139000003692708
0.13009090905298648,0.16547403269202077,0.04789859934413165,150.0,0.0018163584003721824,0.27757320549101316,0.9795671372995622,0.015965563194497174,0.0580507990011862,0.25,0.6317698386629431,0.8589897024978398,0.9507632337016303,1.1734650350723277e-06,0.04896738474962738,1.085809349394605e-06,0.05547772824576257,0.0001,4.154948625539092e-06,0.08403188951959677,8760.0,0.40678257340324164,4.1649453200725465e-06,0.021184255898985895,0.025177582812202046,0.02907294200158826,8.414541524954229e-05,6.0,0.10619786770278915,0.0761893953709509,0.006180035397766891,0.008107083141631753,0.04287892518828012,0.13103406483978247,0.3634856746391477,0.02466039548577128,0.16013656936624548,0.26964532865798946,0.2,0.14502549214083219,2.305963735282963,0.032212284541367216,0.12581725848162123,0.4108692075814201,1.3731501839354778,4.6898973438528015,2.0,0.40035130025700066,9.19701692561354,0.0001887923674397309,42.708514668488206,0.05940508034036279,2.5128519937327902,0.0008835455063752219,83.698501709927,8700189.847873144,4.294261349479006,0.4226728166556968,0.08894399499522557,0.008233016563051462,0.1451830433145839,17.515749639394173,70.47516780785122,100.6019210151479,487.24156719527235,100.1765768192751,0.10586191868879893,0.1769347856779091,0.5122581939844286,0.41926113115532393,1.0178474457660043,17623303.605344925,10655715.139418855,48365173.90881332,149448562.41780195,243118050.02599534,29.663109601164013
0.037389512449115266,0.13616355994177157,0.10244536385721233,150.0,0.0029352369872569376,0.3310544920215517,0.4791780462987073,0.018215370974784897,0.06623694516006953,0.25,0.4841991467163108,0.8893857442688418,0.9405638781674344,5.263068401444265e-06,0.07816591755097944,2.1206562432096975e-06,0.03460869956366341,0.0001,2.9827573626094645e-06,0.10394237384497496,8760.0,0.4242263508449884,2.9755074358080937e-06,0.02463797010007869,0.017054260987643573,0.0220601528594572,2.7056333077536783e-05,6.0,0.1446099334464263,0.06389821415823295,0.003559833728132424,0.014241362621995868,0.048262854052585,0.11573956421607914,0.5539858517559884,0.02255862624279268,0.18138811835786306,0.35871637070649764,0.2,0.18283918026554402,2.1320651936720054,0.06407007226425622,0.17773582362615786,0.33072527891396136,1.6616701202942021,4.521351147746993,2.0,0.44818794939021533,6.9757088949779495,7.349998542405486e-05,40.355178475354435,0.08083914369124588,2.305578559831706,0.00036614248364941047,50.29876351433958,8019260.074047614,5.39133993752799,0.31194405043727075,0.049790542358270365,0.011607689112507839,0.10528164326263952,27.287523536554136,101.93501938614799,195.67892420201693,360.0195439462184,45.51636564466777,0.05142329132565934,0.14078844607910354,0.41302785543621906,0.6849860732742381,0.9656753140757061,28479058.357352454,15246664.600390328,73001785.1588863,259427008.01156172,551901359.4952167,30.63760167811481
0.10853557280842535,0.09400741200878521,0.10833646073452328,150.0,0.003710849372143392,0.41573002150983696,0.5795986340793119,0.014986684021748093,0.026785720215972905,0.25,0.5830798886419181,0.8735928272056265,0.9455248880055787,2.8690852562476734e-06,0.04396777781663998,1.7984759129891944e-06,0.054632905911485924,0.0001,6.430377763234159e-06,0.07095931137886809,8760.0,0.20123036518363946,2.7213236332225437e-06,0.039016311499577634,0.015769332972075435,0.028237051040143485,8.285328506061067e-05,6.0,0.1283778625429552,0.10250368420773975,0.0028555862904835186,0.010730944366673528,0.03121417693740837,0.18683761433342347,0.5618716064638247,0.04104037216173862,0.11264155778366677,0.22651410185443457,0.2,0.20314888602199677,2.1298335513570796,0.0770580855823587,0.1440914602661113,0.38658517505089246,1.678262385569274,3.5406587996440657,2.0,0.33471210951156305,9.697638523631081,7.626238035718178e-05,50.4360065355139,0.05243247736494447,2.001221168995291,0.0005829473771388216,78.82843963230421,7557087.015899459,5.043132889245116,0.6111862444124968,0.06874380534334291,0.009814783269898646,0.08503906546138612,16.962381011272598,105.20386818632502,217.18423370895238,376.677707825414,80.26361818492767,0.055303617696300544,0.15882652128016767,0.45985415424234577,0.7736990950109479,1.046280432632567,40690205.00861862,26279918.138268564,99736548.25607483,367540957.65288883,604162330.9461906,36.920682903917836
0.03370047175780459,0.2000702700572989,0.03394070122777319,150.0,0.0013607471520972224,0.10917946023154906,0.5844810178105837,0.006886902441267415,0.08796956362097558,0.25,0.5514673905915345,0.8193227916825723,0.981694329790204,1.9917936869125707e-06,0.05275806158210185,2.5085904033532483e-06,0.03527915465958302,0.0001,1.8165063201493026e-06,0.12931423282189286,8760.0,0.3724257540860245,1.5804378262754485e-06,0.01889068739541915,0.008765258542144798,0.028180576196875744,4.346421144505531e-05,6.0,0.11268502831702777,0.11161101799366799,0.0008454421649208054,0.012753948492384988,0.05248622465096811,0.17631026755139068,0.605228672636875,0.013605975694178627,0.16400087989472487,0.31178181617609124,0.2,0.22365832290934862,2.5086043097089155,0.037262471010239884,0.0687824243013731,0.28374479517195994,1.7103256762646026,3.8036390709073795,2.0,0.4300935281712258,7.500157586660626,0.0001877425523781411,52.927774945002724,0.061651894489485284,2.6967220349618426,0.00021831746509762395,60.31494524282656,11052011.355944872,4.756467589834726,0.5671896578237654,0.08226765282928927,0.0027009646671856,0.167936565203618,15.835787218891996,129.2851009155961,122.27976623808638,396.81563323019674,86.99562401720128,0.08479734083624285,0.09984387704741286,0.5770040764388391,0.45879001176432843,1.050847325373378,21115368.80822883,13373411.268312132,48838837.69627523,194927698.92757615,323193262.7407147,27.188590638463253
0.03872181564893734,0.07276094795218506,0.024296936662542,150.0,0.000229525133899046,0.3928615907642422,0.5342266791696838,0.0129599909074107,0.040929855153722515,0.25,0.5322777525384881,0.8486223652054036,0.9801099570192959,8.375984295982316e-07,0.05505741669556703,1.8117895695862496e-06,0.05563685215283794,0.0001,1.7951383076051065e-06,0.10091210896402739,8760.0,0.19301375600093712,1.7399188669109444e-06,0.033029336046314806,0.01151571493722241,0.012105169931438245,1.8714781301783965e-05,6.0,0.06734139543254447,0.06782219066138465,0.0014342740735521064,0.011060159814955332,0.06682873736703797,0.15363298901478134,0.6207837133174418,0.021234249171095634,0.16888979016875594,0.2832611999184206,0.2,0.21651517117868346,2.5826737665899286,0.03425954974390611,0.08925896346327336,0.3505967039164348,1.4801002576548759,4.134670348166265,2.0,0.370183520478026,11.046984556294738,0.00014444574605497316,23.825734649658123,0.059874015234368624,2.101216006910864,0.0002908224346462912,57.73861886666359,10687134.966536626,4.969057290601034,0.37472922522670127,0.051817940685225605,0.018605439721403324,0.11940616286960033,27.52217045682213,125.97447523136212,122.89896282871509,437.44256513465973,62.306305752757844,0.05421194191287164,0.10087291892460726,0.6061407817998706,0.37821224478464077,1.0457617656824172,14443647.174216144,8567130.240710454,38232856.953219086,100434174.01758206,260689320.53178602,25.733765091194236
0.01712044104160769,0.09211214185059446,0.04226861478619816,150.0,0.0036130210539635737,0.3498481626242004,0.6880428623297307,0.00497239073794561,0.08319019519087197,0.25,0.6323928475222486,0.8183357941841278,0.91728501378538,2.1398820060490875e-06,0.02971579761424318,1.228364610303862e-06,0.056900187924061735,0.0001,3.273261714135053e-06,0.0906018794184438,8760.0,0.21516187010938062,3.5874965229026693e-06,0.019752722106090685,0.01567064527082931,0.026758880435164327,3.321646376219457e-05,6.0,0.1565822621061183,0.1110537763291376,0.003417130462810087,0.007591196977033746,0.042216328779346134,0.14710220871414104,0.46677353270557675,0.026393268639721176,0.15177150030289743,0.20565587398242163,0.2,0.322781649925834,2.175800056924089,0.03961063642788973,0.1608755602387681,0.2961843492970986,1.8196304594053685,3.1135997361395997,2.0,0.39582024075271727,9.031324244840217,0.00011530435528507533,19.50095153640844,0.07363655694896493,3.4819868138211367,0.0005592620614041836,60.77658599554445,8258094.687021258,5.717857606848166,0.43712433712919446,0.065432447588051,0.006867523348954539,0.1264537881752273,13.261028487378844,56.93610553966323,149.43390194286735,345.307538750704,44.67985036498701,0.07071606092239069,0.10034673948093817,0.6163941471098053,0.4263710936042243,1.022118040568739,20637796.053236324,14148280.288499508,49626687.31574554,139284999.62502566,257501995.11688334,30.109072919037228
0.0411312178119353,0.1452741682656895,0.09289705995572156,150.0,8.061722620746172e-05,0.3901431275943208,0.2667233709128221,0.012132084987143806,0.013481978516267812,0.25,0.5688304963645818,0.8723783446192034,0.9317838585450281,7.752129180154506e-07,0.060862048150755174,1.1224857187959381e-06,0.04733612171774376,0.0001,1.4552944066426453e-06,0.1190416949856269,8760.0,0.13839942574805658,2.010559214674216e-06,0.025034508504209477,0.013222301896114601,0.013477766427063224,2.2686308876096747e-05,6.0,0.1530212126109193,0.10469780394307593,0.006454379186032764,0.010134209924211744,0.05443675512620548,0.16814669378052458,0.6472234388913896,0.021317314216173687,0.17572376580298663,0.23702860036714452,0.2,0.19719886860445265,2.189047694795289,0.05639176005195867,0.16439615230102084,0.3152351921698636,1.6316922718885554,4.10511008432827,2.0,0.45920273292090974,9.461922534199037,0.00020635934366206943,40.940864914598954,0.05327412431350893,1.9749298869997742,0.0011966336494779936,55.158901758055,6835280.657874107,4.695073010355466,0.39937574479698223,0.05424391328636301,0.014040279037772952,0.12022052832243513,16.0669053327349,140.32162456633836,146.70343855199252,394.0023144185155,68.7016952009532,0.03284875058859874,0.13445455540847706,0.6733233964547798,0.49939512816542975,0.926481969218218,20253041.251032736,11487786.761537956,52433441.10458548,159938335.14329544,312811873.920157,33.389426570480204
0.10042416030275114,0.04481451220057581,0.11796066416521821,150.0,0.0014624900949479385,0.44393899735385267,0.5313980639812099,0.017945983259242206,0.05416822580832199,0.25,0.5598838852408692,0.7632389469917532,0.937246797067521,1.3928721154026704e-06,0.07984743105597232,1.4674583615403985e-06,0.08937890062508057,0.0001,5.534637722741538e-06,0.11197539504269718,8760.0,0.24791630091878092,1.4769150754988886e-06,0.02550379003424541,0.009526193129833082,0.020526868910891317,5.0582268874654615e-05,6.0,0.14409741294841222,0.17372281911448215,0.0008226645642233142,0.017113838326580748,0.039963475025130146,0.13420440523169683,0.3793178660223595,0.027943088752446187,0.16622715804238858,0.21979201751837968,0.2,0.17895244851405334,2.4444185908636946,0.0362239958381918,0.17503553614980227,0.34459301498833755,1.5106512187357346,4.091839943985562,2.0,0.34927016895378704,8.857732380176312,0.00010691150286187965,26.358195937218177,0.07278467628235558,2.111499916193734,0.0008160724871908437,78.45756289005678,12598510.230771903,3.372291159820732,0.751117853298575,0.07413178250692487,0.005231463598389015,0.13361088419722872,19.302146195012526,153.97070061643143,129.72808402680795,536.5804302562732,86.57990518923198,0.0633583618239282,0.112757265177154,0.45609628327361507,0.4497594020732161,1.009406250250493,21851136.354859985,13039198.683999587,59519864.31228478,222360482.91122106,297057634.3839303,33.479509424045084
0.11792486602920764,0.044357502743513445,0.07106580403963773,150.0,0.0034257782154681195,0.4350211845400431,0.38320867114031665,0.013934280774962645,0.016389873729463246,0.25,0.49030496728806355,0.8887398266794728,0.9509644500189317,3.972398342115189e-07,0.077768184311539,2.964002865207016e-06,0.05510415366973924,0.0001,4.258015203714889e-06,0.09845532630511486,8760.0,0.25151485358124404,6.1217248107933855e-06,0.02621495858785994,0.01454601456333373,0.039526030674036275,9.867005551770453e-05,6.0,0.11033948541671473,0.11719187209898359,0.006303107168212475,0.012884501301121547,0.03923978659280046,0.14160431298735027,0.4044041818204948,0.032568630773560044,0.11886110839865976,0.24397988334447385,0.2,0.2534329754749767,2.620821047578806,0.0348478807530456,0.14465664027470587,0.3053707846124302,1.2759765215734087,3.909540050045703,2.0,0.37156348085967683,7.6802778334172785,0.00024449829775855534,32.03425025580652,0.08460198723119162,2.6294708915235754,0.00024865850209648187,47.769921969887534,13331091.338294247,5.462986586180594,0.4245867393465399,0.061392923815479894,0.011973486623379664,0.1281757100950296,9.711452071196273,103.47778807565149,183.5234403901738,344.14784206560694,78.90704679704294,0.06683395792781163,0.15371316714804859,0.4037565436525534,0.7054929033675033,1.0005022391239158,33114936.85901269,20252820.7382678,90495570.7045118,281897688.799977,475426457.931304,34.03928457756082
0.049290035809919246,0.046530778412766705,0.02081236572048792,150.0,0.0014469523689754802,0.24901157723889017,0.2574140315862621,0.025650802964666496,0.06926680342908692,0.25,0.7445625385910007,0.8153524996900235,0.904968999122785,1.5596629469713114e-06,0.06589915791235836,6.159554398798351e-06,0.0526659129170198,0.0001,9.7296775140321e-07,0.10512220191755094,8760.0,0.2670257646692449,7.045647626937648e-06,0.02591906592314852,0.013084071272698644,0.037476845549333185,0.0002174072078103905,6.0,0.08836631421716067,0.09368946133706167,0.003004756644914813,0.01648227858413752,0.07179915241970736,0.12189934749268888,0.5257916048551271,0.02524109798124888,0.17922843310771774,0.1883806657853363,0.2,0.16180624946387487,2.501070755303027,0.03890928147309969,0.10775359312281431,0.3474381908059776,1.5236475024553449,3.5303768732147045,2.0,0.27672388627015837,12.612326805151763,0.0003686941059602078,44.03514257095367,0.07720504253969518,2.1813513506359463,0.0003261574964933544,68.66308545859708,7332661.972274508,5.486878434846143,0.45529964076465346,0.06022322746936945,0.013595538787552312,0.1533567190824338,17.926293171963327,152.44677493241684,103.13337672506812,320.36409770041945,47.15601335526047,0.0724137243697268,0.14625436605241832,0.501990204700596,0.41208751637604285,0.9790122222739495,14570612.319393322,11094176.112938568,37193106.77112467,59435317.66249218,128776327.54973713,23.51494539318122
0.08351134461543114,0.050351235160873364,0.07580540766297283,150.0,0.00042927725236194524,0.22016830911740035,0.9462957156747883,0.006408500611034624,0.002811906234216705,0.25,0.6333598304259631,0.9195300950016358,0.9415462056377858,1.5509829860300334e-06,0.05905318590385564,1.473875306188913e-06,0.048939007288492334,0.0001,2.596911941361599e-06,0.08699503075919787,8760.0,0.33695499425594444,2.697280077455823e-06,0.027580258204690546,0.015568400019416388,0.02934377620144353,0.00010229173649444593,6.0,0.17735817520450486,0.12052599930433788,0.0018573753803649957,0.013131684787022889,0.0728816902107198,0.12502082601166242,0.6421853553201363,0.022443765082845655,0.17161041447753705,0.24352897125060313,0.2,0.24247161382931015,1.960213354277808,0.08718184911393309,0.10864758478555807,0.35212370557433903,1.7549511526464072,4.447299350398177,2.0,0.43395299275165533,8.869892851187723,0.00014689131177702554,18.918516136051295,0.06695896684388522,1.6381415648756792,0.00038079293284746515,40.536585877713335,7731006.717816584,5.304789653434806,0.4900354887617493,0.04705699270666856,0.03416145771213121,0.1172774818838729,24.37919867383183,142.7487928195286,230.2592546405868,339.75221541345445,62.154741804435204,0.05156418491372808,0.1219731738842659,0.6312120766688964,0.43179736540595925,1.0264330841678952,16413457.760132521,10296055.083832743,45643430.02942031,97896089.40310434,195531458.9421566,25.267639530229214
0.1956553086631983,0.08585134958237604,0.05276798456706622,150.0,0.00209140542798445,0.2746784812565477,0.6082415682550244,0.012886283717637448,0.04072678034849131,0.25,0.6514937682136979,0.8393083355093942,0.9440001982699828,1.420483666005369e-06,0.05485315187703291,3.823332066886504e-06,0.06101875488030527,0.0001,1.9157888527906177e-06,0.09720413015100028,8760.0,0.33852113436979653,3.4505904092633145e-06,0.03351985759604856,0.00857287751025017,0.03505407198484152,3.802509778558814e-05,6.0,0.07356402776216919,0.09475646648580306,0.0012622503054156807,0.014948006245645885,0.0627013320363273,0.10961642636214236,0.34886005442599505,0.01480993070574883,0.1704467431962847,0.29328436311888484,0.2,0.13285318943517246,2.3792986857836533,0.090862410347644,0.21152363662855905,0.3765965833863635,1.8252226916690169,3.6363143354626684,2.0,0.4623015968270848,8.608157026127557,0.00014794280046629462,20.8308548991604,0.05906327927630485,2.6815203353228307,0.0006879450791989567,35.84561525978193,7216879.190615637,4.107302040779471,0.5259550369318415,0.04922536710005782,0.0034404096802603426,0.10031345695969177,12.675687077872055,130.7772679190129,179.6978283817513,378.16089896479536,101.48732966886003,0.1023496641798376,0.16960021521410115,0.541281703105494,0.5027158967107613,0.8910246210861366,20783042.976293016,13130330.081656154,51366518.966001295,151474626.18836418,305960210.3431166,31.450160025967442
0.07875149525967462,0.11487682852230363,0.02900482753630336,150.0,0.0016584518597398338,0.24264480582487466,0.3487383282426943,0.0111144807360563,0.009492239377281447,0.25,0.6122045518707406,0.8171819864317351,0.9543187998590732,9.958518972199124e-07,0.047135324829377254,5.992639859546549e-06,0.045285718336807085,0.0001,2.6464235999435044e-06,0.08222233989742363,8760.0,0.3207968006905889,7.193650898354788e-07,0.026367482292845534,0.005824053234315115,0.018186520640201063,6.38513849360212e-05,6.0,0.10814492691176156,0.11601827822357334,0.002678368931243616,0.007213486159906319,0.06358286830692352,0.12331424184051848,0.5788842365321918,0.032037959495753374,0.1164039870703871,0.2346273782248633,0.2,0.2127026924819308,2.432566474100172,0.03553021378775494,0.18446797338685234,0.35545335417075585,1.415903802932034,3.408307869353271,2.0,0.452885361631166,6.7415620619624335,0.00016440713159257574,29.188977494654516,0.08627368642803955,2.3633923609631435,0.0008735339906770575,37.15357818339211,6902054.047833197,4.678764567216388,0.37705438989915013,0.04197867309204614,0.009394714973821472,0.062243683244247436,18.091659091794632,139.20242664825568,144.8346600680855,332.3891761259721,95.99278410752788,0.08366393512463102,0.19594811946970073,0.500187783955472,0.5378311493731334,1.0061431214549963,22645324.844064735,12345545.994161125,56490391.89811446,207073670.4188413,396277496.11799663,29.042462326344566
0.14758522901024212,0.08780938313703006,0.03726043404454177,150.0,0.00033448448646340316,0.28047761846153574,0.5908508284482678,0.007055430224343077,0.008183429235675868,0.25,0.6359831630451861,0.9223810686422653,0.949695444255573,1.4676723863994257e-06,0.04477013395240511,2.7313090232327505e-06,0.043238475280193006,0.0001,1.4894076624295498e-06,0.08047833472695642,8760.0,0.3746020925091411,3.868186126561033e-06,0.026580307608661174,0.009036366141073865,0.03265243184137029,1.5774719651746698e-05,6.0,0.09590119899131305,0.13695876237110627,0.0035290404977043528,0.009218683184613798,0.051450632371441984,0.13787305681736545,0.4104091186474357,0.03182418548004954,0.15446329886859897,0.24233573105998335,0.2,0.180509439708815,1.8367285020370372,0.07619856215498057,0.05752272938174849,0.4046186840300046,1.5862497324555562,3.137275511575971,2.0,0.2962617952716059,10.69816530561041,0.00014233274966783487,36.902809229688245,0.056760943273213585,1.6018863323303258,0.0007586509969739807,62.8838399786063,9457742.602864346,3.2764788865670305,0.5358223108364063,0.05523216726355436,0.008866711832403762,0.15867628157066294,20.487825324251986,84.61646888546926,212.6158226250703,444.2618981875308,83.86774228492044,0.08588549484222548,0.1839799298690017,0.5748281964703565,0.42920395264750644,0.9732339979507515,17967473.426081408,10362712.824002244,47994173.08721973,158319831.67807308,252959698.2835535,30.92099656442547
0.02737095369465646,0.1298954755720275,0.20510672193453497,150.0,0.0005227679005433824,0.20540895791465225,0.3042776478460908,0.012485793371626726,0.01979119500468426,0.25,0.5286111932950622,0.864068053604631,0.9623206665206223,1.2199798922185039e-06,0.06391552579454218,2.1302500042862697e-06,0.05794164528185315,0.0001,1.6939831444234297e-06,0.1224958974406832,8760.0,0.260481258665447,2.9741092217357937e-06,0.030949467822619377,0.009197821395063279,0.03588382694209293,8.173600054832594e-05,6.0,0.10694683728818571,0.08373319675093224,0.0176524023688954,0.011793420124131471,0.07018136300634818,0.1798236537301366,0.5876779184706198,0.023012869868308472,0.16559523672457765,0.2786506093897172,0.2,0.24986925669688553,1.9738437965545383,0.07497842041104606,0.12737844774506862,0.35307013929769526,1.4707683035528647,2.9518350819106147,2.0,0.4104367853595722,3.357810974288392,6.27523068285481e-05,19.363779722285045,0.062222908413442926,1.684866040225585,0.0006132358930907617,74.12673957222533,13109688.609072885,4.265265992276593,0.3914304228277504,0.05549316244964063,0.006216041051436084,0.08697102610634624,10.990695474950677,83.2838487550286,152.38828262639456,453.2476969601106,49.96909167536491,0.08436900260814685,0.11982006288297256,0.45038287256496895,0.48758194203597816,0.9377074025431512,19018024.50556782,10546398.365723684,41871899.00454474,233117824.88111672,391034773.5015118,24.365422757591137
0.2451671524583028,0.10019201619186209,0.03158756901188307,150.0,0.0011793855398389834,0.3012448878586552,0.41225291397829733,0.012362834675818349,0.03776549622908248,0.25,0.47539566549991596,0.8817207095720365,0.9278896577713279,4.987749778355929e-06,0.05710031451029156,1.585258923118058e-06,0.07974620787816894,0.0001,1.719673246798871e-06,0.06682813723793163,8760.0,0.21465446435043883,2.5535564442523853e-06,0.028774025794052673,0.013397207196065703,0.016806181024472927,6.120434916039276e-05,6.0,0.12018880701605343,0.09988620313920892,0.00019504175742836245,0.005859124029258896,0.04479131667959782,0.08139414137279105,0.4192259847736363,0.02105750353820337,0.1618086179908833,0.38410331380675,0.2,0.12609608182164098,2.346338803546804,0.06905360978928664,0.1114296868049652,0.28932350856200234,2.011642984256116,4.183301208528507,2.0,0.4504332657603082,6.701766595505345,0.00010403307106022006,42.454051369834794,0.04755953374404824,1.756893198882136,0.00046660228823046113,67.54989667867073,12582600.655829329,4.398705620619499,0.37820121529522766,0.09093996879092862,0.018540479012085855,0.12903608047172405,11.119280026753668,114.58058799691938,139.58905512999848,506.7431038444677,81.7309520155232,0.08275275987187623,0.17274933724284064,0.3630161738814228,0.45308568481551953,1.0342934419846306,19642569.829835217,11528105.788204934,50050964.83243703,153150209.34982374,348426100.45949435,27.7839988214457
0.1134690399690165,0.16906433389346473,0.04849082637615684,150.0,0.0005433270990516209,0.3333093836163282,0.2760474277868169,0.00923170721051419,0.012642060799485056,0.25,0.5337234128316508,0.8566896681481696,0.9433646217047018,1.5025685330317433e-06,0.04059381313253889,2.9678172205474408e-06,0.05433513287945109,0.0001,1.3425731602785204e-06,0.1256229983833818,8760.0,0.2754121151716319,3.1988225675455193e-06,0.032573987059557274,0.01900858151316002,0.03165716425347873,2.051857016220291e-05,6.0,0.12414819177928721,0.16904131360619573,0.004174175857168015,0.017670038597606363,0.051003919391691424,0.2374939786390259,0.35349415919899685,0.019062128016138383,0.1416232775431395,0.2544047374693575,0.2,0.269111886098283,2.1938927274431257,0.0581858034864646,0.1105040018032284,0.30171125531970777,1.4824865427802907,3.3812465688150817,2.0,0.373365368768357,9.053100489867504,0.0001538449463598502,30.79868452437193,0.08034811481532335,1.7648575295266467,0.00048374689024916867,66.46012423381387,7244173.815367928,3.9932322199776413,0.27462124954389067,0.06896189668464044,0.026822065047865606,0.07165001012933289,20.81432937426453,143.3089408955638,208.29030640888152,328.3560557539269,96.39833466830082,0.05986771149708371,0.23527392065731115,0.5250743722182654,0.49905428982148414,1.001768396860136,23357519.702607818,13700675.138088055,54222732.253840536,211855229.0231756,527499460.03279114,27.85347260053179
0.12891538059848442,0.036294222361071465,0.0498339275515645,150.0,0.0005881096822016758,0.21115570256396346,0.423083943669814,0.007226925317531725,0.057177629579211825,0.25,0.7115622587204409,0.8088196624011383,0.9347743832764236,7.375544595508469e-07,0.03255253795993299,1.0237268377874352e-06,0.06343222668862365,0.0001,6.172052017526145e-06,0.13518731131043155,8760.0,0.16533794583781353,1.9500899980143328e-06,0.023306883562194618,0.010267931463859464,0.018253350255149858,2.675602045252446e-05,6.0,0.1835815915625939,0.10929537699623339,0.0036603200704398995,0.006553295930807625,0.045427799016170195,0.16095673247510806,0.5036339076916994,0.03473902903002722,0.12924682167162344,0.31964504245430736,0.2,0.2504569318595296,2.6672900582207655,0.08749976049355102,0.09568167687565536,0.3186586512478464,1.6993651669895389,3.7527221053161464,2.0,0.4290904882283271,5.871427115796634,0.00011858629334341468,37.78560617926123,0.06977461579973197,1.9242951954799081,0.00017054505635560695,56.72221122540518,8757621.39112334,4.474627535847992,0.25382000548343975,0.05010333866009452,0.00652621303217017,0.09356171654248843,25.107893465684178,118.46761820628484,146.0601388114309,451.77085560352623,38.87900412488812,0.08185465510890527,0.10869763745987662,0.520599546045349,0.5303936886651093,0.9369996983876719,14318218.34626287,9012839.14438146,34306312.20870201,65263091.8061751,269552399.5044472,18.59784580074698
0.060585411489309834,0.06495284080167592,0.06319088196661153,150.0,0.0038629897691311297,0.32442841719393156,0.351300874182252,0.009916941714237537,0.07393606626437942,0.25,0.5897932725184925,0.7907960127758695,0.924455822211503,4.697310234174009e-06,0.05063704767220864,5.754988810789806e-06,0.0832030037666724,0.0001,1.376886212674249e-06,0.11105579431686156,8760.0,0.27453025152829147,1.7984096988298878e-06,0.02386406813368938,0.012758661890794087,0.01888416035995373,1.8434940636858372e-05,6.0,0.13503444923520436,0.10376279727016072,0.0016778288286499084,0.015944128931216797,0.0731984777958756,0.15661482515538042,0.6747893238476933,0.020242647279923955,0.13576715075772305,0.32469921568616983,0.2,0.16502736011669214,2.327634900236735,0.05724630602582631,0.12852731776645132,0.4396373611993454,1.7475634601957868,3.9048448532072904,2.0,0.33544151061684735,8.48585964487416,0.0003904538305301171,39.67929004761623,0.04971455825945302,2.658461464703415,0.00046295488119009275,57.61924668238425,7952811.288326957,5.614195401518209,0.23788744260440642,0.06256085549425036,0.010146798812921264,0.06534972395815405,12.99237552719086,47.923358702373655,153.94232738637712,419.0663059809579,48.89374570912596,0.0477584595967768,0.09545764922689454,0.47797957371314465,0.5019641952645865,0.9941680917899294,25496360.870959725,14375765.89341582,63978653.09910187,240724515.87536496,496144935.91070926,32.578690121156065
0.08014875467861447,0.08735701979504341,0.05534779319308763,150.0,0.001188417178316637,0.21197704600310674,0.2516520251022857,0.015441248192101305,0.02053021370953739,0.25,0.5261245678051838,0.8210109194599488,0.9396036928877672,1.0648462035836766e-06,0.06427634760503327,4.2966381387235654e-07,0.05473579004854222,0.0001,3.3175006445515555e-06,0.08466104637762399,8760.0,0.41957043117517,1.9316229494151914e-06,0.03637266509608701,0.00874840868000083,0.01882490117416042,2.519948133474246e-05,6.0,0.13136781779088302,0.0893546852961986,0.0005770236264413261,0.008185870755263058,0.057506733468996124,0.11608482029736548,0.5003173211160874,0.012777918181603062,0.11007121368872688,0.2445049035733191,0.2,0.22883282758490986,2.1511865813861806,0.03181927706842296,0.1166094383994408,0.25855962631090756,1.6943295545527142,2.763617577840165,2.0,0.4538083900446144,6.036693260368734,0.00030280457869187897,29.673878490655497,0.06166395264269561,1.7850203753983638,0.0003509223880145015,45.891044341004246,10586638.29762135,4.811585194547332,0.41383792717090606,0.05628911984087945,0.007862592404213987,0.14668263959526767,14.34441107906451,107.62939314930202,146.2446770427408,360.62008686027445,66.53524981623046,0.09442625574252458,0.13017172872002208,0.3513712311274404,0.4502499578394983,0.8942467743734436,18873628.993039444,12820819.413117,45810829.11547968,141799720.5272024,243583256.43417463,31.009483090177365
0.22191221769396227,0.18004720548402078,0.03476652348666665,150.0,0.0006680719305102135,0.23946133580677315,0.10744950320276066,0.006268656451065561,0.056504591734516614,0.25,0.6406344763033385,0.7797150392510441,0.9885363656131789,1.4607900484276137e-06,0.08550349410786916,3.2895895339756247e-06,0.04223665235879419,0.0001,1.6561065297516655e-06,0.06075122186188057,8760.0,0.4470298255550411,2.4871775035365034e-06,0.03259139303613158,0.010553402492920368,0.02120165593577071,0.00014370117270346902,6.0,0.0894421178394581,0.10837873127624006,0.00697454568145605,0.013336807111341758,0.060588046940290866,0.22654749435497404,0.56047903104393,0.022226763199353405,0.20365528038886965,0.3070261020494977,0.2,0.2129271396278143,2.043074355057825,0.06071178965479038,0.11879242359331693,0.41061124412333805,1.6488597205531321,4.318253716935141,2.0,0.3915642704675524,8.445184048959735,0.00013917797500689164,26.723794943526073,0.052254358280099375,1.5201760992904667,0.0009646039724226483,46.458283416421224,10241879.900919268,4.3376912215435715,0.4293930683752907,0.05378091011716726,0.007101452514274877,0.08717453954912882,14.448129443157878,67.7406676730881,131.03078478709924,356.45809043179713,52.149313690332164,0.06079069870882073,0.1288559260497395,0.42189249844701543,0.5121939742524783,0.9745503287957351,21325783.5827144,13277447.80142159,57683787.56672802,173664764.82688665,310616791.9254787,29.85443933173449
0.26969570643039137,0.5736806934641959,0.09623060053471215,150.0,0.005639991393215317,0.342250090516639,0.6491567432126643,0.008994061214077455,0.08966736462881468,0.25,0.4740059956030796,0.8620584513091875,0.9390605977215548,1.6588864774073725e-06,0.06458224848668256,2.7541590331709547e-06,0.05342481180995978,0.0001,1.9585891718411566e-06,0.07892942927368607,8760.0,0.26432144364092863,4.153911046785859e-06,0.032373389597742226,0.007573170826108118,0.025176566261364317,3.6301143654987696e-05,6.0,0.13631973600177819,0.10861996296398345,0.0007132922970186107,0.01670244870097131,0.032261096553115674,0.14472299342146855,0.49842962018494963,0.03959719972305039,0.20341144422690094,0.2507805313107933,0.2,0.2725756526345379,2.349181230778495,0.049492497131485916,0.1553014751119462,0.2754542277672126,1.697008358197623,4.154460396000889,2.0,0.38812019480066307,5.89755488287549,8.979175377955599e-05,53.60556642026262,0.08337312342990312,2.8693732439115887,0.00034835764035657515,78.01343049757348,11351911.336356875,4.288252158885486,0.1710092937168497,0.0606548610163794,0.0159908290996331,0.11352445134531051,16.268653362762926,125.08709233849937,175.68170448156928,363.03538567826,102.23498185338455,0.05320061863558626,0.14284133890509634,0.4069461424894315,0.6039004809104207,0.945276224885046,41786963.45093047,24390756.23346407,134402902.82790452,368675939.3951728,571038736.6406645,61.41581383089584
0.02860385882947564,0.06260531598435352,0.03412277285510557,150.0,0.006482400382447611,0.31698099485887654,0.3105981646232453,0.01592851963250358,0.06981401562979939,0.25,0.62159828508994,0.8973111953017743,0.9591292084444311,3.7664836380769673e-06,0.05562972157332188,5.507965988659812e-06,0.06026242387691416,0.0001,4.321064036052598e-06,0.10201532345599267,8760.0,0.3579187899099955,2.7289487592584507e-06,0.027078227155420395,0.015656108760378023,0.019819252542803686,4.768680347273268e-05,6.0,0.09703681003031381,0.07580727955915073,0.0006945029672224619,0.009813109559787852,0.0448691726862747,0.20817057325895902,0.42772457983298745,0.02000696586020339,0.096249747849131,0.2683193336480778,0.2,0.18970259781036947,2.025493832360846,0.07960099633330611,0.07989695831764423,0.40063398375235076,1.8053330205435745,3.481695845584545,2.0,0.39496598673819616,12.057615890152588,0.00022503037040214646,36.247704084306925,0.02888288446678861,2.01193731059585,0.0004117363715120412,65.35593264953519,5371450.357637314,3.1288356105578408,0.35973555136792956,0.053628674519266756,0.022646503446306764,0.13703823016588917,20.05484858908308,162.65035683034114,150.33578319765638,293.7830000066397,91.8118416667844,0.07236084060545458,0.1654235163783053,0.32554470600857105,0.43460692367667375,1.0121568614416345,22136103.549300257,12946207.168981105,57008748.73308836,126303736.64886989,455522438.6391897,32.93644659382153
0.1426604708297239,0.13597689387610554,0.0538635287163159,150.0,0.0012314475648700605,0.24050792370707494,1.694701054622552,0.008677661838784748,0.12440023388611318,0.25,0.5438690758750203,0.8693799361929022,0.9478093717146765,4.11078678193773e-07,0.06509910145448922,2.1722121303475443e-06,0.034956852370874605,0.0001,1.4742267625367513e-06,0.13188315297773956,8760.0,0.1288174901880515,2.7081521904473687e-06,0.027792599352459205,0.02326768386543844,0.04180917453423747,0.0001768805830029981,6.0,0.08689179367592753,0.14282702143204606,0.0006354854793356957,0.01444568531035111,0.03243806028533677,0.08477908263862514,0.4173769418752693,0.026723572551155345,0.09941080933933083,0.24104726172166088,0.2,0.176665289707151,2.6788953660984007,0.06440214981587168,0.20087528631727963,0.4369257435208159,1.4049464917540495,3.9334327062139796,2.0,0.44027523693720616,10.750956892480971,0.00013163265866443448,36.684200785451296,0.08384620177906237,2.139930107745273,0.0005112331449494286,30.446373847366207,13358557.980284395,4.520608986747252,0.2338832190940608,0.043303222017464664,0.004298429167323187,0.156491568499249,24.16675314970497,103.86013143317298,200.78705032655188,433.5763587664892,68.27020710412715,0.04720556736546985,0.11450114538862846,0.3365646697931518,0.4755588337984311,0.9235571846512818,16479916.564386634,10404312.098516947,41727972.552868076,104840149.29214916,200879360.48231718,26.01850887456404
0.04712464797756923,0.14004195157237084,0.047146913156546934,150.0,0.0014776304443526371,0.3634112892373742,0.14287907309643177,0.019902007764585998,0.06316542954678292,0.25,0.47855028132059574,0.8475762195499675,0.9490588195360912,8.651732377581537e-07,0.07836908379840486,6.180015471949748e-07,0.055585981212842375,0.0001,3.226040118915149e-06,0.10558752233570312,8760.0,0.4027883024162887,1.5862666257130568e-06,0.02940692830246935,0.011729775949849218,0.035190000876786504,2.487155746666397e-05,6.0,0.1183468095729004,0.1459264315943738,0.002340516592026067,0.009881032998980981,0.02415891349997981,0.18472676655024664,0.46829272627644036,0.017907786608526297,0.1128528381912404,0.25226749790568015,0.2,0.2005354907094592,1.9035278145839785,0.034506614145382725,0.1677628372808953,0.34526128537189,1.5457050110644586,4.08193077336829,2.0,0.40495128794677265,4.857218827122285,0.0001325220349444362,28.80294191119144,0.05626563342985874,3.7156847728460263,0.0010308663594090083,44.55632003602155,11247088.79720182,4.036752326193996,0.40347962882852173,0.06230986219893557,0.020311723571425026,0.13981948616210438,20.41619304797311,148.17276453465098,190.07700721469985,374.0870286303628,45.69106733267619,0.0927545138348291,0.12472401251471377,0.5257347934299738,0.5762897849924078,0.9772939433019203,22279117.66520554,12382940.719624683,70401773.34810889,182962839.33961374,322500049.68348646,35.868012228811814
0.05043639880216112,0.13065127253295128,0.04418636779504173,150.0,8.9138730066041e-05,0.40910947943390497,0.5439711238152964,0.0028393835356761,0.017018505245342708,0.25,0.5509030195482538,0.8282047261321631,0.9296346965457435,5.470207481423986e-07,0.05888178508306238,2.8215674518539197e-06,0.04883334707722006,0.0001,2.5488417612948787e-06,0.07249089546068335,8760.0,0.43836284344771337,8.797546739776805e-06,0.026514210406771595,0.015277758771646326,0.017532720823296544,8.916417637287287e-05,6.0,0.17952539994039723,0.06073027362709967,0.005274921183233003,0.009292249377081683,0.04807683820925722,0.16736400916395971,0.5359582300910202,0.019749670460827696,0.1539742375400175,0.28979940790976244,0.2,0.19837947153728314,2.018720350900116,0.04741325946086399,0.14248635487583128,0.35704670612900374,1.498769763100888,3.8792707530710926,2.0,0.3639235118308222,11.58861807365784,0.0001361138480037499,25.002115174441393,0.047285162242381336,3.5544272299073056,0.0006268743218770239,71.77838722714291,8483763.285918985,4.14057371425317,0.2533023588916894,0.06442114282656278,0.002635219873714657,0.10284999616472146,18.519894753643467,112.94105546596663,180.0518308936604,469.92503771361066,84.82246493822045,0.1134919994262302,0.18557561129743935,0.5185941449073248,0.40923463380566133,0.9638564941727554,13354558.93823038,8233017.01288308,36776370.52582141,98933417.72697493,168232824.01175147,25.47172940344592
0.09975347086383236,0.06136477995145713,0.01202277838284243,150.0,8.657244278261402e-05,0.21495437971735887,1.0206518715672686,0.0027065170938479115,0.06353775923768888,0.25,0.588094319848682,0.7711963142093244,0.9776784008191344,1.7112542045414448e-06,0.05156248014246008,2.000425682804134e-06,0.05643174253018335,0.0001,8.730329537924898e-07,0.06635523902793572,8760.0,0.3679504146223921,2.9290695957972e-06,0.02271281019531601,0.018263341847153062,0.017993967398202058,0.00012154514935085519,6.0,0.1162911528970539,0.07542207954194124,0.0011097272228353828,0.011697789968130909,0.040583480509629205,0.14292077562421185,0.3775203351400148,0.038790379519274935,0.1532804993256115,0.3201490707863607,0.2,0.1664709085045561,2.7644653843495677,0.04147301449046396,0.19907251827933337,0.4324059534807328,1.833894507266247,3.596844453309914,2.0,0.3292866514365918,4.110624493649533,0.0002318135872260887,30.210254939837604,0.06306736077239088,2.8759388652035023,0.00018033198727633148,41.30037894250076,5830251.684515802,4.303235703073552,0.692322472131631,0.03986985347937337,0.02556107113137764,0.07551948641632304,13.048503003178656,106.65042350953162,210.5368675777102,334.7281651210062,77.40875355072657,0.07921592536112157,0.10492703289611124,0.49773022111077514,0.6288141312546855,0.9954642465351875,18713720.158094473,12729565.030930823,51784101.32223055,103035334.5409209,192193021.55715328,21.90587093410631
